{
"type": "FeatureCollection",
"name": "CanadaRegions",
"crs": { "type": "name", "properties": { "name": "urn:ogc:def:crs:OGC:1.3:CRS84" } },
"features": [
{ "type": "Feature", "properties": { "year": "2021", "prov_code": [ "12" ], "prov_name_e": [ "Nova Scotia" ], "prov_area_c": "CAN", "prov_type": "province", "prov_name_f": "Nouvelle-Écosse" }, "geometry": { "type": "MultiPolygon", "coordinates": [ [ [ [ -65.606118482866137, 43.513766003502241 ], [ -65.558546595095123, 43.475776702944813 ], [ -65.594891282489343, 43.43365939997782 ], [ -65.651272688883978, 43.447852801571656 ], [ -65.606118482866137, 43.513766003502241 ] ] ], [ [ [ -60.890609893285934, 45.576858597368606 ], [ -60.96616590087234, 45.549598207893006 ], [ -61.004108812395664, 45.51209220384051 ], [ -61.066184809253009, 45.508240299463424 ], [ -61.111977711589461, 45.552814906411783 ], [ -61.040077401028768, 45.588221590046452 ], [ -60.94379751746056, 45.592867299820092 ], [ -60.890609893285934, 45.576858597368606 ] ] ], [ [ [ -60.286551400637123, 46.309637809614699 ], [ -60.295270009860332, 46.255877609284923 ], [ -60.413493704883273, 46.225666590480813 ], [ -60.46343860585386, 46.180463710304608 ], [ -60.526532499804077, 46.148946312178872 ], [ -60.544434796446311, 46.19237820082455 ], [ -60.508347991881003, 46.209205807217799 ], [ -60.422587106600851, 46.283674287861324 ], [ -60.363504600074677, 46.317266601056417 ], [ -60.286551400637123, 46.309637809614699 ] ] ], [ [ [ -64.274886854794943, 45.838504925648365 ], [ -64.149423687614359, 45.980147471975293 ], [ -64.046803529199607, 45.97681801070047 ], [ -64.041862862922912, 45.994634105412594 ], [ -63.9720330169284, 45.997426200307238 ], [ -63.862582586562247, 45.961261499258086 ], [ -63.862929104819798, 45.933815695232504 ], [ -63.8075976808191, 45.891215501337456 ], [ -63.695866008069686, 45.855560390713528 ], [ -63.616576593721796, 45.877978796924687 ], [ -63.466742684390596, 45.878335902837186 ], [ -63.414287494593076, 45.86010448409494 ], [ -63.431138215785701, 45.822352591026252 ], [ -63.374609214666137, 45.799559302896967 ], [ -63.255559217394847, 45.792852898459863 ], [ -63.366237998647421, 45.740791101237257 ], [ -63.265869196801468, 45.73287929068821 ], [ -63.068984407593895, 45.7692232975444 ], [ -62.991106002264438, 45.793068391598794 ], [ -62.879144101028722, 45.770348204114917 ], [ -62.767190113238705, 45.765984891588111 ], [ -62.737569515348511, 45.731587095466075 ], [ -62.679925208429893, 45.736414400813118 ], [ -62.62124741660157, 45.685337702865723 ], [ -62.501567903177254, 45.651180003657025 ], [ -62.51206140515373, 45.603504214097988 ], [ -62.364284619047019, 45.677011893125105 ], [ -62.286046606019369, 45.697289107957658 ], [ -62.1721992200874, 45.761709198884503 ], [ -62.086217298189283, 45.787110407981707 ], [ -61.9793109120357, 45.873641397513637 ], [ -61.935457904742812, 45.887599107397975 ], [ -61.889064491527591, 45.735794391658281 ], [ -61.915042105895054, 45.683405391322623 ], [ -61.759776191032898, 45.647442208808961 ], [ -61.631412185215382, 45.631649502463659 ], [ -61.593574912546586, 45.671489899395226 ], [ -61.527836088926136, 45.693227490879821 ], [ -61.440340283092418, 45.680345201157564 ], [ -61.496310510459679, 45.804224390091498 ], [ -61.494220186113488, 45.890300300978332 ], [ -61.53446080808633, 45.951395791501895 ], [ -61.530055405669422, 46.006685988072341 ], [ -61.55241501621002, 46.039985499485368 ], [ -61.500465585602946, 46.068671597719096 ], [ -61.447939683218713, 46.160751305743595 ], [ -61.411064521676579, 46.19470109571273 ], [ -61.321294311222736, 46.226896003912579 ], [ -61.182608799490438, 46.361678293852641 ], [ -61.14456929245172, 46.423486207128377 ], [ -61.102563599390017, 46.447622588334994 ], [ -61.07681602469512, 46.519677493838472 ], [ -61.037919181122582, 46.558893305558065 ], [ -61.027516582637979, 46.646157399963009 ], [ -60.982739204019708, 46.657078987127356 ], [ -60.903019589252679, 46.770901388550577 ], [ -60.847225411770246, 46.821242591184799 ], [ -60.78757479318439, 46.838079186321274 ], [ -60.691009019447741, 46.915737795566315 ], [ -60.659884109191296, 46.988055203302309 ], [ -60.598003196501992, 47.04155299847897 ], [ -60.482580805128016, 47.000452612044221 ], [ -60.413681523320307, 47.034130193897887 ], [ -60.387156292736776, 47.019395388648022 ], [ -60.454086596159797, 46.958814493636886 ], [ -60.452758711677589, 46.903370607746815 ], [ -60.40486340146105, 46.871652511337984 ], [ -60.30312670920155, 46.85065340922884 ], [ -60.343805208981685, 46.700497309496882 ], [ -60.402749193884375, 46.680504499722474 ], [ -60.386774096947136, 46.631097483856017 ], [ -60.351805408024262, 46.628643009117638 ], [ -60.408595989967743, 46.549336887136796 ], [ -60.459501402146806, 46.453597001629618 ], [ -60.458148810699036, 46.430669896577307 ], [ -60.522462108112656, 46.373489012947125 ], [ -60.517387898206664, 46.348054792774256 ], [ -60.590743703510498, 46.255562790544737 ], [ -60.447916699093561, 46.345649885416684 ], [ -60.4379389890588, 46.291206287949151 ], [ -60.544687682421561, 46.210021395931825 ], [ -60.589260313201287, 46.154336601757244 ], [ -60.648567205658772, 46.116246489713959 ], [ -60.840402984884868, 46.070852994177415 ], [ -60.858617483935255, 46.037265206747428 ], [ -60.75781370271519, 46.047296700575217 ], [ -60.805384014004211, 46.001174699026862 ], [ -60.813460809525452, 45.946083207642232 ], [ -60.967350682400593, 45.897083395769897 ], [ -60.929412296295872, 45.858737395555991 ], [ -61.102621300108815, 45.792194195803035 ], [ -61.147179089496952, 45.760040096686708 ], [ -61.087593710397016, 45.698439212167898 ], [ -60.941507584906262, 45.770437096027344 ], [ -60.81347018750175, 45.737035199864238 ], [ -60.746655701834712, 45.731373310198727 ], [ -60.748037521085841, 45.789210494486326 ], [ -60.674984187711516, 45.821886099678977 ], [ -60.64656870556712, 45.853596410058756 ], [ -60.535254208461438, 45.910640912003842 ], [ -60.480298594597826, 45.957038487716098 ], [ -60.561991592636637, 45.961997888391593 ], [ -60.653180389427099, 45.91194758678607 ], [ -60.713152192432943, 45.898792886472989 ], [ -60.740504993052305, 45.931324290617248 ], [ -60.801186901432189, 45.943760402215659 ], [ -60.693205299204323, 46.012585690971015 ], [ -60.511899705276321, 46.094516797160303 ], [ -60.424992995278316, 46.149304109080369 ], [ -60.388584378681095, 46.202436300504445 ], [ -60.316725981695747, 46.212350599549815 ], [ -60.293214701139654, 46.250257291431979 ], [ -60.235069111176337, 46.26113939528279 ], [ -60.168563090261252, 46.242649090620439 ], [ -60.114923490278549, 46.261874093963826 ], [ -59.978460899141425, 46.221644095052248 ], [ -59.934816985567188, 46.186004793815187 ], [ -59.844204998648991, 46.17765918670127 ], [ -59.902858988782626, 46.106376694436847 ], [ -59.890429512610133, 46.058877593854213 ], [ -59.954324004626606, 46.047986894560701 ], [ -59.951110194399838, 46.010560496587864 ], [ -59.846635013002128, 45.993308995845339 ], [ -59.812733195419028, 45.974923691189879 ], [ -59.917277599119274, 45.919829490012987 ], [ -59.979827689943448, 45.909303998571744 ], [ -60.005001183577342, 45.876855099178819 ], [ -60.117865400965627, 45.884766906283282 ], [ -60.173468195232438, 45.853385889833653 ], [ -60.089203816933171, 45.815889898440354 ], [ -60.115705987912243, 45.783487091335033 ], [ -60.169092200074779, 45.782869986379254 ], [ -60.278077510835303, 45.702724096268483 ], [ -60.32535049336952, 45.705692707922118 ], [ -60.355961589350869, 45.672282689079005 ], [ -60.441097402554817, 45.639186711116096 ], [ -60.477627689686614, 45.641153703382642 ], [ -60.621719195496695, 45.613603884966686 ], [ -60.740447414582434, 45.574056902234531 ], [ -60.763523209317171, 45.607821899257864 ], [ -60.8721237014745, 45.619768993123451 ], [ -60.860668491865518, 45.645804192136744 ], [ -61.162548303564783, 45.565459395061602 ], [ -61.176139489873201, 45.601818191674028 ], [ -61.275167003804469, 45.579916103224136 ], [ -61.283523607470805, 45.556171799828647 ], [ -61.238853685395426, 45.508991193069882 ], [ -61.262231800498597, 45.454864598613717 ], [ -61.320923101475401, 45.430940796659861 ], [ -61.499349806981364, 45.395073214265032 ], [ -61.436877401894861, 45.347697802931073 ], [ -61.201776403028894, 45.348588814315697 ], [ -61.144025888120261, 45.357284188035209 ], [ -60.979610389362655, 45.332632393118303 ], [ -60.977610513694856, 45.301149005627309 ], [ -61.026986777408219, 45.276397903817362 ], [ -61.044396407581083, 45.240988997916737 ], [ -61.127575378696434, 45.20784360139092 ], [ -61.161138782403178, 45.218518101691259 ], [ -61.134233298586558, 45.272254310897637 ], [ -61.224040108094648, 45.246405813875711 ], [ -61.328203808459932, 45.252742412340261 ], [ -61.385893190053906, 45.2022233944679 ], [ -61.371329609965912, 45.171853111679475 ], [ -61.542077904019294, 45.166359002683592 ], [ -61.596744804901924, 45.145217792268078 ], [ -61.651770621949346, 45.171700794272148 ], [ -61.687831511183319, 45.11512379610199 ], [ -61.664357793879468, 45.090977303425554 ], [ -61.822064404887897, 45.096639703584877 ], [ -61.853960390734947, 45.036380285792767 ], [ -61.899741589552242, 45.023247206991115 ], [ -61.95868071390305, 45.042932106903187 ], [ -62.026423795092384, 45.024303409418891 ], [ -62.057095782414422, 44.967881803127327 ], [ -62.182124406083311, 44.953746699026361 ], [ -62.237655889683019, 44.957124306763845 ], [ -62.266757792652307, 44.92946230649531 ], [ -62.417043198695389, 44.90033259460521 ], [ -62.426032284220717, 44.85953069590235 ], [ -62.497575783815918, 44.871744695650193 ], [ -62.527355788263364, 44.848446995033001 ], [ -62.611121079785576, 44.834364504063998 ], [ -62.673793101479184, 44.794104302820152 ], [ -62.798955304344965, 44.765926102159149 ], [ -62.854881092855386, 44.708433482919858 ], [ -62.893562292350126, 44.727406801423918 ], [ -63.007900696007852, 44.719325385242016 ], [ -63.048006101693133, 44.672828106975587 ], [ -63.099670204403722, 44.724141097242459 ], [ -63.143786612709455, 44.689673706517837 ], [ -63.24042378792646, 44.6837365930175 ], [ -63.324579201800603, 44.638489989074543 ], [ -63.420810679692025, 44.649233704139185 ], [ -63.451915010926207, 44.589047688840502 ], [ -63.54131450593875, 44.639126012667312 ], [ -63.57236742114555, 44.614841393848842 ], [ -63.559060192103708, 44.556675186010906 ], [ -63.518926893832251, 44.503120902762333 ], [ -63.635642992571753, 44.466988888324174 ], [ -63.710407908766797, 44.463451210001118 ], [ -63.817876380231212, 44.484232305554755 ], [ -63.847811704119096, 44.522250610258133 ], [ -63.893197413771134, 44.488713093838378 ], [ -63.938432102029708, 44.50553820274876 ], [ -63.939542689186439, 44.603861294487764 ], [ -63.928013597721979, 44.664645188104437 ], [ -63.994043704794549, 44.653851087159921 ], [ -64.058416002644108, 44.614609501859633 ], [ -64.008356502092752, 44.520925708628063 ], [ -64.112893385254395, 44.478083394393686 ], [ -64.117346883324629, 44.53995769496813 ], [ -64.154146881591942, 44.573487899803879 ], [ -64.209505707253086, 44.575403397435792 ], [ -64.212860402288243, 44.537576212150398 ], [ -64.306536390613616, 44.525510998542515 ], [ -64.334056396318715, 44.334045495185315 ], [ -64.295781805575714, 44.315645901525542 ], [ -64.280721685835147, 44.260739591131554 ], [ -64.402261117800791, 44.250796801300794 ], [ -64.479954787288648, 44.152516102396845 ], [ -64.544939399542386, 44.120841290030427 ], [ -64.567932300665902, 44.066933800121305 ], [ -64.621497389248859, 44.06872580761479 ], [ -64.654793087861293, 44.040412999140052 ], [ -64.661274600826886, 43.989814293382224 ], [ -64.79717989354701, 43.949032404943274 ], [ -64.84711520336333, 43.918389702176185 ], [ -64.790587107665999, 43.893351710724019 ], [ -64.836167791344039, 43.832431787014499 ], [ -64.924257806716298, 43.79486609353448 ], [ -65.07636350324681, 43.696820102087827 ], [ -65.225465207167275, 43.723858887588094 ], [ -65.259132700746719, 43.658316702572016 ], [ -65.323791509457422, 43.691462112627775 ], [ -65.332851886424947, 43.611339491793245 ], [ -65.386008100800126, 43.549306404642294 ], [ -65.447334986668196, 43.534292003656347 ], [ -65.49058151546086, 43.488228694151125 ], [ -65.545608610467838, 43.51344299887328 ], [ -65.595096587109069, 43.558970992887964 ], [ -65.629956793848621, 43.510562991312291 ], [ -65.727642805285441, 43.490376403672776 ], [ -65.73444350416824, 43.546777597542977 ], [ -65.78647170783178, 43.566921309851239 ], [ -65.764197695405386, 43.671983802835733 ], [ -65.814123307123907, 43.687538801887797 ], [ -65.842149613995005, 43.767144701245414 ], [ -65.888228996567705, 43.767217287257431 ], [ -65.914939887046359, 43.812587994844442 ], [ -65.957788119556895, 43.800757294719915 ], [ -65.963370009142409, 43.737393796639189 ], [ -66.028006186420114, 43.73041819905648 ], [ -66.139398894246483, 43.793805197933004 ], [ -66.166562596197252, 43.911038100014906 ], [ -66.153142697611855, 43.990584311017358 ], [ -66.178188909603932, 44.073423501314643 ], [ -66.213909499130565, 44.097977811703664 ], [ -66.178665789910738, 44.180198006735552 ], [ -66.155004089364965, 44.197081494375631 ], [ -66.108654981430988, 44.354364006030011 ], [ -66.064306104143881, 44.38643960275131 ], [ -66.02018178003928, 44.445653501814611 ], [ -65.878588403197114, 44.532533592390728 ], [ -65.862456984381552, 44.588231202379099 ], [ -65.982925013472865, 44.557275904431592 ], [ -66.129165007230142, 44.444457790546373 ], [ -66.118542910831238, 44.489838801364847 ], [ -65.952125692363992, 44.608331788856582 ], [ -65.914372893237854, 44.615878893776618 ], [ -65.784513615280559, 44.691207096049098 ], [ -65.757457720169015, 44.661366393270448 ], [ -65.759004907247927, 44.603678298092987 ], [ -65.699683488514282, 44.61472559939191 ], [ -65.61991110806288, 44.658065715408682 ], [ -65.626220512489581, 44.712520794585863 ], [ -65.730542500511675, 44.667815211476544 ], [ -65.742426880334421, 44.711471002553033 ], [ -65.639740713283729, 44.769697191452842 ], [ -65.510605410773039, 44.824465701847011 ], [ -65.448346694189553, 44.86374739427832 ], [ -65.226733387989682, 44.963595205713212 ], [ -65.160195215772461, 45.003365196397013 ], [ -65.077191103164182, 45.034799105693459 ], [ -64.949754903461098, 45.103327610701626 ], [ -64.885140897406529, 45.128534592673923 ], [ -64.645396603085629, 45.197090095227288 ], [ -64.474830901395492, 45.239769405576951 ], [ -64.412312803553561, 45.268577788043096 ], [ -64.393759104643607, 45.321631201562397 ], [ -64.333664613582471, 45.2989764950241 ], [ -64.366810100894, 45.197923209957032 ], [ -64.351192812036032, 45.16546039688518 ], [ -64.398128115639778, 45.142091298667587 ], [ -64.33554679812238, 45.103218890468163 ], [ -64.300888784187165, 45.137736999780955 ], [ -64.223535407118689, 45.108120690130775 ], [ -64.155230801615545, 45.195996989876193 ], [ -63.891987799073611, 45.278852506003126 ], [ -63.807471991323972, 45.290812905324131 ], [ -63.801842388952466, 45.313389307000215 ], [ -63.561054811463229, 45.315753710606899 ], [ -63.388112190065215, 45.361491687776919 ], [ -63.516383408421362, 45.370430011900091 ], [ -63.601585798760297, 45.392332998570446 ], [ -63.717405702890638, 45.389276207743464 ], [ -63.804176878285809, 45.398864903671452 ], [ -63.868405004547938, 45.38033650329907 ], [ -63.892352206344597, 45.351949293325845 ], [ -63.946726611771773, 45.394096407215557 ], [ -64.039628679217245, 45.384187000617885 ], [ -64.068037403047583, 45.407743493553667 ], [ -64.247139910442499, 45.390287593110074 ], [ -64.317546195691307, 45.390689794140343 ], [ -64.391320081776868, 45.369268300672978 ], [ -64.456430697772348, 45.395495509448409 ], [ -64.578292784322187, 45.405049399697667 ], [ -64.702500198627618, 45.365185402884393 ], [ -64.709350912146746, 45.313566809581886 ], [ -64.85006090112573, 45.354161500834969 ], [ -64.942656992373145, 45.327931406079365 ], [ -64.914176205765955, 45.429842000007817 ], [ -64.826716896045468, 45.46769719800109 ], [ -64.827299997827581, 45.485622795640076 ], [ -64.653838215120857, 45.563178005522872 ], [ -64.650153095724932, 45.581604000736846 ], [ -64.565627091952095, 45.615750191753719 ], [ -64.453939986973623, 45.683689592655966 ], [ -64.449687685236512, 45.733749297530366 ], [ -64.378919002028795, 45.786832401814216 ], [ -64.274886854794943, 45.838504925648365 ] ] ] ] } },
{ "type": "Feature", "properties": { "year": "2021", "prov_code": [ "24" ], "prov_name_e": [ "Quebec" ], "prov_area_c": "CAN", "prov_type": "province", "prov_name_f": "Québec" }, "geometry": { "type": "MultiPolygon", "coordinates": [ [ [ [ -73.864072210692399, 45.518517502870445 ], [ -73.912216497427622, 45.468115610870939 ], [ -73.940041998429407, 45.489140194423307 ], [ -73.864072210692399, 45.518517502870445 ] ] ], [ [ [ -58.675823190751345, 51.113538090444173 ], [ -58.676458319533573, 51.096537791888366 ], [ -58.79931858819478, 51.025116095446208 ], [ -58.80612960361421, 51.061488999220579 ], [ -58.675823190751345, 51.113538090444173 ] ] ], [ [ [ -73.900165787690682, 45.39524320127741 ], [ -73.887594086131756, 45.353559890011368 ], [ -73.9919046126886, 45.359439402176754 ], [ -73.97870650638545, 45.398792509198927 ], [ -73.900165787690682, 45.39524320127741 ] ] ], [ [ [ -59.332097318830002, 50.644685594414533 ], [ -59.296568021390534, 50.554497498899096 ], [ -59.365258720557648, 50.543991795024247 ], [ -59.381489708353612, 50.641076809321831 ], [ -59.332097318830002, 50.644685594414533 ] ] ], [ [ [ -58.420211300903041, 51.277072212773824 ], [ -58.403015583181549, 51.234629299527342 ], [ -58.530464392511576, 51.22423769524039 ], [ -58.527453894543044, 51.265140401876586 ], [ -58.420211300903041, 51.277072212773824 ] ] ], [ [ [ -61.408980007665527, 47.631045301691337 ], [ -61.413399996168899, 47.613679192504442 ], [ -61.594432094286766, 47.597175986585007 ], [ -61.692398498000315, 47.538261087816451 ], [ -61.869886005585421, 47.410604993433978 ], [ -61.881310117860039, 47.35017189307041 ], [ -61.935948591435626, 47.308264704419578 ], [ -61.896139782031987, 47.237532505902017 ], [ -61.970444612633479, 47.21164969478329 ], [ -62.012717303372831, 47.251418295659626 ], [ -61.926176998806042, 47.267407285524556 ], [ -61.956797802545758, 47.382513696684484 ], [ -61.792533010775081, 47.467166503377619 ], [ -61.707820794187221, 47.531577709630987 ], [ -61.588576100182983, 47.602280906440711 ], [ -61.524698007820604, 47.631555492857082 ], [ -61.408980007665527, 47.631045301691337 ] ] ], [ [ [ -69.237545724624567, 59.162542296301815 ], [ -69.185345603806397, 59.147661287680698 ], [ -69.146279198311447, 59.039116502608429 ], [ -69.224944116848036, 58.962184009253271 ], [ -69.308814092437245, 58.995693701233961 ], [ -69.272728516196551, 59.074825095189787 ], [ -69.346578505863846, 59.126574099635135 ], [ -69.237545724624567, 59.162542296301815 ] ] ], [ [ [ -70.796888016644388, 47.023380189857519 ], [ -70.879216309956178, 46.927058607788993 ], [ -70.998652905391126, 46.862358501675061 ], [ -71.078226703578011, 46.848876487065709 ], [ -71.119226406175088, 46.877081405945368 ], [ -71.018944713500503, 46.935956499698747 ], [ -70.944564018987208, 46.992630295356079 ], [ -70.8436891882982, 47.024607603150159 ], [ -70.796888016644388, 47.023380189857519 ] ] ], [ [ [ -73.529135999360591, 45.697970503336393 ], [ -73.635643380372386, 45.630767304338384 ], [ -73.672706985699719, 45.563149193817701 ], [ -73.767198910686105, 45.512621307908752 ], [ -73.873340217245655, 45.520575296574705 ], [ -73.881179807340772, 45.547931511997362 ], [ -73.788941586896669, 45.614609492988926 ], [ -73.726014888702252, 45.679178504733414 ], [ -73.613000217012342, 45.691538696607751 ], [ -73.603415316384741, 45.687885397503926 ], [ -73.55354830446295, 45.699581302337393 ], [ -73.529135999360591, 45.697970503336393 ] ] ], [ [ [ -73.478246309464396, 45.70101349100964 ], [ -73.504126708602925, 45.587772989129419 ], [ -73.553070817492952, 45.493097901719004 ], [ -73.669031704457282, 45.430994588877773 ], [ -73.773895599193636, 45.439276906947384 ], [ -73.921199821720677, 45.403581291405061 ], [ -73.975189211465448, 45.428682407902627 ], [ -73.877590104424968, 45.472725605194164 ], [ -73.845909587175043, 45.516540296076307 ], [ -73.757526704782336, 45.510591890911506 ], [ -73.664345492339947, 45.564340299666512 ], [ -73.633410989198637, 45.619666110182195 ], [ -73.52063430734097, 45.694966991582874 ], [ -73.478246309464396, 45.70101349100964 ] ] ], [ [ [ -74.343471671736225, 45.205402223237563 ], [ -74.471911279194956, 45.302734209626763 ], [ -74.381602245646206, 45.563712767983731 ], [ -74.336498917906994, 45.497021091890957 ], [ -74.29306228987582, 45.502721008383268 ], [ -74.072505605878646, 45.442453799230321 ], [ -74.013624294547029, 45.415297196256404 ], [ -74.004671010433341, 45.362560210943734 ], [ -73.917572407185119, 45.318611308944519 ], [ -73.995307199245886, 45.238715386081026 ], [ -74.079757695937232, 45.222794787296039 ], [ -74.16313551119066, 45.235812509610149 ], [ -74.191714293254904, 45.265060187290445 ], [ -74.343471671736225, 45.205402223237563 ] ] ], [ [ [ -62.687439020554734, 49.642725099225892 ], [ -62.642578586044102, 49.620453302621662 ], [ -62.513226713608837, 49.588017906797965 ], [ -62.395265489437442, 49.48414980823415 ], [ -62.349381009890543, 49.491015292265217 ], [ -62.253316491310294, 49.454974290552769 ], [ -62.250021789341119, 49.425275889550079 ], [ -62.179619404842761, 49.396422996881498 ], [ -62.135324078582684, 49.401755600314701 ], [ -61.895566319947086, 49.351783791632378 ], [ -61.832784009321898, 49.313017413884616 ], [ -61.828894194842583, 49.280367802562303 ], [ -61.718906991164509, 49.196826891889884 ], [ -61.669604190844098, 49.132693284444798 ], [ -61.7094523868614, 49.102493094061316 ], [ -61.827721785282606, 49.063656794608029 ], [ -61.913536084942855, 49.079397500914233 ], [ -61.958697275364443, 49.067383304859312 ], [ -62.078643887521793, 49.075567407549364 ], [ -62.282261715638533, 49.07546409361067 ], [ -62.500946389257457, 49.129593985016001 ], [ -62.794276703087043, 49.165384006465409 ], [ -62.919100496185379, 49.188899904882909 ], [ -63.18212681224518, 49.258130999031948 ], [ -63.289034685260063, 49.320946492960744 ], [ -63.330420708308885, 49.321300809252286 ], [ -63.426503107335222, 49.357178692584071 ], [ -63.569144188025284, 49.389853190386638 ], [ -63.611184200693735, 49.474775586848118 ], [ -63.660146498964167, 49.53602821168316 ], [ -63.769865313735487, 49.589889197312097 ], [ -63.8255983898962, 49.636752283227125 ], [ -63.97845480391782, 49.695980387505365 ], [ -64.086548403885828, 49.714283514056703 ], [ -64.416454797541732, 49.800403697205944 ], [ -64.451675186727371, 49.83742429444964 ], [ -64.514742508063236, 49.85726889471696 ], [ -64.48808348366255, 49.90312609405138 ], [ -64.306405503278995, 49.939236707259148 ], [ -64.14948311610253, 49.952077196411452 ], [ -64.074709517723022, 49.926318296755547 ], [ -63.967925010118989, 49.913505201477435 ], [ -63.870957911523256, 49.876927412674497 ], [ -63.743442187459038, 49.872137206465887 ], [ -63.678504585749415, 49.856175505646462 ], [ -63.381058400812655, 49.826980085094476 ], [ -63.084666387359356, 49.767511607286743 ], [ -62.923073390777247, 49.706557502106875 ], [ -62.853597305038242, 49.701743307185446 ], [ -62.760192184263722, 49.65771040546776 ], [ -62.687439020554734, 49.642725099225892 ] ] ], [ [ [ -66.758399778533615, 48.003043888096798 ], [ -66.85308608276506, 48.001449832338707 ], [ -66.92127085596367, 47.984605090094306 ], [ -66.960870863388607, 47.94689358330541 ], [ -66.975913657403581, 47.892659228858712 ], [ -67.058961927911639, 47.935615220816352 ], [ -67.137515639610115, 47.894635729304149 ], [ -67.217050674460907, 47.877362083775964 ], [ -67.338271976815008, 47.88815737470928 ], [ -67.380799180299221, 47.854215092292954 ], [ -67.512527415843863, 47.913713052642734 ], [ -67.608083061707248, 47.9368060769919 ], [ -67.598005725483148, 47.99981590445288 ], [ -68.122591967549198, 47.999745807571536 ], [ -68.122792929735922, 47.916442194806784 ], [ -68.382334183210574, 47.916116944582548 ], [ -68.383549334905197, 47.553092289961945 ], [ -68.56810700723031, 47.427146239806476 ], [ -68.799628235594412, 47.348941930571385 ], [ -69.050377813950476, 47.300198163469652 ], [ -69.050569805769612, 47.373206903515836 ], [ -69.033113287654487, 47.405663887210935 ], [ -69.178150507616138, 47.457230104043347 ], [ -69.224021586680706, 47.459449959447859 ], [ -69.734346264776732, 46.958837119749575 ], [ -69.997082795717432, 46.695831403848324 ], [ -70.057263796296837, 46.415121989023355 ], [ -70.089412311292591, 46.410986410838468 ], [ -70.148148783665647, 46.359062300986707 ], [ -70.20908428708421, 46.329264195066408 ], [ -70.290302219854269, 46.185126294687088 ], [ -70.237150082684721, 46.14482510296677 ], [ -70.290125820994291, 46.093886235470706 ], [ -70.31759532710312, 46.019674396062264 ], [ -70.312107615557764, 45.962063165688512 ], [ -70.240214568104292, 45.939673650567507 ], [ -70.284348409266585, 45.871790971988247 ], [ -70.341952604624964, 45.85279117452356 ], [ -70.41707897191371, 45.795141364799498 ], [ -70.388146546491171, 45.751404037768069 ], [ -70.400223570705776, 45.719995438107823 ], [ -70.466274859874545, 45.706024898592517 ], [ -70.645009326258858, 45.606704661859808 ], [ -70.68965399570817, 45.56188634613553 ], [ -70.717512127277388, 45.489419353791263 ], [ -70.628172085475839, 45.421267871701531 ], [ -70.637032404044035, 45.382281114273567 ], [ -70.730275793616045, 45.399290045096883 ], [ -70.756820770599447, 45.428603507962542 ], [ -70.825247142572138, 45.400056990724181 ], [ -70.802128729838103, 45.366707360026311 ], [ -70.814464145996951, 45.299739621264223 ], [ -70.898482836433729, 45.243709516646852 ], [ -70.918903034976879, 45.312538205205001 ], [ -70.953634041951304, 45.338918772638102 ], [ -71.097563681658045, 45.301831906247443 ], [ -71.133239085234308, 45.244491491470235 ], [ -71.229994269870119, 45.249464590419819 ], [ -71.285610295710299, 45.300547758573536 ], [ -71.359304228693674, 45.250497497168183 ], [ -71.397454095867317, 45.202988288514234 ], [ -71.429646180998574, 45.122386306377777 ], [ -71.496094686629547, 45.064428599452448 ], [ -71.505284532212912, 45.013399862423505 ], [ -71.914094896847985, 45.007668638294604 ], [ -72.255373444488939, 45.004425125600513 ], [ -72.55540163827493, 45.008060346957578 ], [ -72.63461726255494, 45.014723022073333 ], [ -73.090800143267032, 45.015327290224292 ], [ -73.077005699618525, 45.057595398495351 ], [ -73.148516699249498, 45.084115191869472 ], [ -73.190799993646507, 45.014152193326339 ], [ -73.651540349280367, 45.002643465215172 ], [ -73.858331926713376, 45.001766009958793 ], [ -74.150051842636927, 44.991143166734751 ], [ -74.330853045878044, 44.99183530900978 ], [ -74.625355270171042, 44.999426204574711 ], [ -74.512666797538643, 45.039292188445764 ], [ -74.484093885742041, 45.03698630347931 ], [ -74.406836703308969, 45.098855900293962 ], [ -74.40606360797014, 45.127092090602517 ], [ -74.294731702006246, 45.172969997356546 ], [ -74.22298418567469, 45.175534607460335 ], [ -74.157615800717494, 45.224352905258478 ], [ -74.049310005366664, 45.21466641152626 ], [ -73.963484709502637, 45.247478802550695 ], [ -73.891578203016536, 45.316822588120061 ], [ -73.82122331660814, 45.332510998271616 ], [ -73.76195269834227, 45.399657191588709 ], [ -73.685016591919506, 45.414349391422348 ], [ -73.526913512188599, 45.400449398219713 ], [ -73.491079299280727, 45.431470204194532 ], [ -73.523238205935471, 45.533285899211236 ], [ -73.462048705145392, 45.593435709249476 ], [ -73.432577489098406, 45.714924685472191 ], [ -73.230460515668284, 45.865108900155327 ], [ -73.203470210921708, 45.948928494784077 ], [ -73.141091114757288, 46.04685999255954 ], [ -73.016936506930719, 46.062184386861929 ], [ -72.94113051368484, 46.085241597940808 ], [ -72.872938303386164, 46.130577003183973 ], [ -72.80213800241377, 46.138714301814034 ], [ -72.668357586600763, 46.193774194605311 ], [ -72.667882114574127, 46.240709796807622 ], [ -72.560386406610149, 46.295309113080528 ], [ -72.447454489189454, 46.376199497877451 ], [ -72.331706100253598, 46.396506589464217 ], [ -72.235286108053856, 46.429507789487744 ], [ -72.206889481904369, 46.506681506668983 ], [ -72.10628379655266, 46.560650908443087 ], [ -72.012374093581471, 46.563939610533644 ], [ -71.958400492920148, 46.610874806181613 ], [ -71.864228892374399, 46.6657923891606 ], [ -71.777589714011953, 46.629933105633725 ], [ -71.643111988955937, 46.637320701567525 ], [ -71.448466785681177, 46.702184493075713 ], [ -71.398339497660061, 46.704388500118355 ], [ -71.250298085029996, 46.75232690061646 ], [ -71.203755504848047, 46.77766869474695 ], [ -71.162612208935215, 46.832279701193229 ], [ -70.987373087213442, 46.834806403297421 ], [ -70.925381412731582, 46.874880198298797 ], [ -70.841179089865491, 46.884437196152057 ], [ -70.795061300411149, 46.916169087269573 ], [ -70.712213790451329, 46.935262583466304 ], [ -70.617875513685235, 46.983519005805832 ], [ -70.547670518756306, 46.989102292479693 ], [ -70.474621505584011, 47.027576498100153 ], [ -70.45377720432063, 47.063607893519368 ], [ -70.316642103305455, 47.161480694572965 ], [ -70.234327797398819, 47.248695106730601 ], [ -70.192559681253115, 47.309446100204653 ], [ -70.111675180967239, 47.332049403026389 ], [ -70.053322093796083, 47.376103802091635 ], [ -70.057428285286534, 47.431369705635802 ], [ -70.033647988976242, 47.468624298986796 ], [ -69.938699898197356, 47.52747800006189 ], [ -69.898470990026951, 47.529900592956615 ], [ -69.856439702782509, 47.580531491954858 ], [ -69.779093096300358, 47.620261894095286 ], [ -69.706979100177278, 47.699671585879862 ], [ -69.647797188802585, 47.731998185629251 ], [ -69.550719617520414, 47.844194696225763 ], [ -69.549287190506519, 47.87796739541789 ], [ -69.444206780168926, 47.989231706350239 ], [ -69.358876597686461, 48.01922238527257 ], [ -69.229039084242203, 48.095734696742028 ], [ -69.202772012737555, 48.123647994078809 ], [ -68.952698677664017, 48.290524207187865 ], [ -68.681051794702171, 48.396771200944968 ], [ -68.578842791999236, 48.443518700031952 ], [ -68.539449699924532, 48.445446192473973 ], [ -68.446595789930598, 48.526436897209372 ], [ -68.355989996533395, 48.547616001387972 ], [ -68.182767812508388, 48.634195304616227 ], [ -68.125860899020267, 48.632072294323308 ], [ -68.055582099203292, 48.67452229972654 ], [ -67.95665721370186, 48.686846299813332 ], [ -67.833636306206273, 48.750509698607566 ], [ -67.59802808845086, 48.819884307622175 ], [ -67.5353508000061, 48.853546005265855 ], [ -67.458359887751115, 48.861709706966671 ], [ -67.368740011591797, 48.898820000275215 ], [ -67.161716498424084, 48.942077908494127 ], [ -66.962570601415621, 49.00591870279505 ], [ -66.910848009035675, 49.033463398585774 ], [ -66.813956291659665, 49.052586608079267 ], [ -66.74138710002353, 49.08930010602041 ], [ -66.477936095805461, 49.130263293077604 ], [ -66.432630182221772, 49.154547897072511 ], [ -66.329861313773364, 49.178714299118433 ], [ -66.087093297968792, 49.216629389093001 ], [ -65.965083900407492, 49.227661100953149 ], [ -65.813366089866278, 49.222894204266439 ], [ -65.746441404903592, 49.239022706532545 ], [ -65.555217108201134, 49.25684499050206 ], [ -65.325795505229493, 49.251329786910276 ], [ -65.280781301739324, 49.234098105295558 ], [ -65.108010217605596, 49.229372394664431 ], [ -64.926842407865706, 49.205463097378441 ], [ -64.850872291435536, 49.187239091781294 ], [ -64.746596915430132, 49.14136730574667 ], [ -64.602623985216894, 49.109220305477585 ], [ -64.473373996871729, 49.053102801095761 ], [ -64.278888589502159, 48.927379600601476 ], [ -64.212378087543357, 48.87334630559026 ], [ -64.242586587087288, 48.80479070674663 ], [ -64.375260299636977, 48.849401096139317 ], [ -64.408526384808468, 48.817731299705144 ], [ -64.373859110540863, 48.767030588461999 ], [ -64.262057089839203, 48.706553606533042 ], [ -64.236140018770328, 48.668419091175664 ], [ -64.181770016161451, 48.643136000159735 ], [ -64.299916893302765, 48.616619095686637 ], [ -64.28869540445281, 48.552546887588527 ], [ -64.212165802374145, 48.526803091095054 ], [ -64.22842779810307, 48.501399389345067 ], [ -64.308520115511968, 48.472043004435825 ], [ -64.320848504742528, 48.416301399042382 ], [ -64.389062706644765, 48.41682799706458 ], [ -64.581390511471255, 48.375318990841933 ], [ -64.67267419084115, 48.346779490312564 ], [ -64.792044412563328, 48.200852405336413 ], [ -64.934885594813082, 48.177087800670996 ], [ -64.962270119263749, 48.144718490685605 ], [ -65.119320311229984, 48.07416530156658 ], [ -65.168316595232582, 48.042796789302997 ], [ -65.319305904096666, 48.004797709429027 ], [ -65.447901912194041, 48.003736594076379 ], [ -65.53422499298064, 48.067851785942196 ], [ -65.583876596712727, 48.072305111366695 ], [ -65.723730882427148, 48.112383397693137 ], [ -65.810427595058499, 48.121294705365891 ], [ -65.876276812760196, 48.171991493446583 ], [ -65.938033014323267, 48.200170799266338 ], [ -66.093149916335975, 48.093125693294198 ], [ -66.172263996941155, 48.113711399783099 ], [ -66.25974590753917, 48.105793291438445 ], [ -66.280395108292851, 48.067409697006923 ], [ -66.348759999753341, 48.103211799756039 ], [ -66.441230819581051, 48.123430101472287 ], [ -66.497810493554823, 48.109825109401612 ], [ -66.535024777543015, 48.058938105521811 ], [ -66.676801994569246, 48.017758084930868 ], [ -66.758399778533615, 48.003043888096798 ] ] ], [ [ [ -74.38405536497288, 45.56714922179836 ], [ -74.472366400692906, 45.593731807549965 ], [ -74.5351100602808, 45.594832516426202 ], [ -74.638060709904622, 45.638758151266266 ], [ -74.729345671824134, 45.628326087597486 ], [ -74.943010480259716, 45.643405400410572 ], [ -74.988979700057087, 45.610784844849924 ], [ -75.113502288677282, 45.578618288238815 ], [ -75.242613949512048, 45.585508708140267 ], [ -75.316994392192981, 45.546170744783382 ], [ -75.445408439635898, 45.521110480894045 ], [ -75.57555679765629, 45.474825105063282 ], [ -75.6831771930851, 45.459136500476063 ], [ -75.703744556333518, 45.42663519945625 ], [ -75.797016804200481, 45.378324029484368 ], [ -75.8951850982221, 45.40163468600992 ], [ -75.987164606617526, 45.479645307694781 ], [ -76.089877186837413, 45.513852444444268 ], [ -76.20100638900665, 45.518879134208099 ], [ -76.245083932151687, 45.468608940252672 ], [ -76.361743703690706, 45.45709459625288 ], [ -76.433516632206761, 45.492076140964329 ], [ -76.603745002021256, 45.532181296843511 ], [ -76.659274946648495, 45.56072605807374 ], [ -76.670289043723017, 45.625809831878826 ], [ -76.711944539581324, 45.665482257472057 ], [ -76.703597812816213, 45.720809901127261 ], [ -76.769594137759867, 45.733499030772023 ], [ -76.765759208995917, 45.810989488600022 ], [ -76.778725445596493, 45.871352646218988 ], [ -76.894838600774193, 45.898146175316867 ], [ -76.927575154073352, 45.892254877277907 ], [ -76.911996683886798, 45.809670825109201 ], [ -76.984978796979831, 45.78607724570918 ], [ -77.081558341834665, 45.835582961300908 ], [ -77.19032721643805, 45.863860845989628 ], [ -77.278404071013568, 45.948889643987407 ], [ -77.276334181426165, 46.008539648964984 ], [ -77.56608271063061, 46.159220590168964 ], [ -77.674994288512025, 46.198497383199978 ], [ -77.697808692272602, 46.182930639130895 ], [ -77.926809155281703, 46.224098983615377 ], [ -77.987985945335581, 46.246562243871253 ], [ -78.042686052799695, 46.242511817891156 ], [ -78.135142786165744, 46.274727985973499 ], [ -78.260490548532502, 46.273944034506485 ], [ -78.309580809650768, 46.253169019952331 ], [ -78.388388730334455, 46.291687914253842 ], [ -78.513877003220983, 46.296876122583342 ], [ -78.597058374042135, 46.318852640393686 ], [ -78.675822343124608, 46.318233776839129 ], [ -78.728231263047547, 46.342338687152427 ], [ -78.727107172555378, 46.382872692094082 ], [ -78.892722000300921, 46.46191530856585 ], [ -78.989870724971624, 46.548855526769636 ], [ -79.015250739148158, 46.626852292926017 ], [ -79.094322891463392, 46.688295712866143 ], [ -79.17082153696316, 46.825218510951181 ], [ -79.214008108712406, 46.833235561265106 ], [ -79.329665750293955, 46.957186777139832 ], [ -79.346799183278904, 47.00785849244874 ], [ -79.442992860972524, 47.100997102809416 ], [ -79.426842650209593, 47.250069239218234 ], [ -79.581034361374577, 47.415114009048324 ], [ -79.586472793339425, 47.445638846985197 ], [ -79.547389323407913, 47.51782616331203 ], [ -79.517080533332035, 47.533163992178423 ], [ -79.517439750326915, 47.996406661914961 ], [ -79.517404257875896, 48.287842699982768 ], [ -79.517395665766315, 48.805717308448735 ], [ -79.51785743120962, 49.304061145102267 ], [ -79.517620727228845, 49.831586736192541 ], [ -79.517952893822155, 50.194721225281519 ], [ -79.517913482057082, 50.945423166759291 ], [ -79.515848713215703, 51.460677606786632 ], [ -79.524330636191152, 51.471331837583648 ], [ -79.541310383079889, 51.55092089499685 ], [ -79.493146692193491, 51.563989596337038 ], [ -79.321877316501883, 51.662630710012131 ], [ -79.225549505764519, 51.64382889643506 ], [ -79.245654018973823, 51.545493400790839 ], [ -79.170592689446735, 51.523567100595407 ], [ -79.094887396758892, 51.532464892189068 ], [ -78.979699705347457, 51.458831708353117 ], [ -78.977757904661118, 51.414504711662602 ], [ -78.931385308491954, 51.271144299872049 ], [ -78.868463810043849, 51.339722992301496 ], [ -78.897761992597623, 51.377987309487494 ], [ -78.767100315799311, 51.480492590756143 ], [ -78.815047292241857, 51.535484607151901 ], [ -78.844812812323539, 51.600906289345389 ], [ -78.883021592861567, 51.638367994495262 ], [ -78.944967679085508, 51.660125608342824 ], [ -79.041259120333677, 51.761590397270282 ], [ -78.973335090512919, 51.799773192711349 ], [ -78.8660859973984, 51.81461640551391 ], [ -78.834630092045771, 51.863754089329632 ], [ -78.887346190512673, 51.914781388328372 ], [ -78.857486793761055, 51.939754485595145 ], [ -78.72298529139745, 51.97054899685012 ], [ -78.721012199656613, 52.019052005529801 ], [ -78.633121400230962, 52.061321000756628 ], [ -78.584755497769578, 52.100342006611122 ], [ -78.517952589149942, 52.242007392147713 ], [ -78.564219598918115, 52.28915680324176 ], [ -78.51251288168983, 52.31567459645315 ], [ -78.502480782702463, 52.358876990101528 ], [ -78.548152686000336, 52.421427489568408 ], [ -78.509122288989516, 52.451877304120913 ], [ -78.569221196280083, 52.515986793008558 ], [ -78.713884510241328, 52.52165350254883 ], [ -78.764826784237812, 52.553298984629812 ], [ -78.711730000525748, 52.591939297093745 ], [ -78.727993686029606, 52.665839201070355 ], [ -78.792153799569405, 52.727797295762265 ], [ -78.846960508647285, 52.743351012086521 ], [ -78.834094591282962, 52.7785882084845 ], [ -78.742333507664796, 52.837882910068252 ], [ -78.819053316536937, 52.855203790290851 ], [ -78.885297900609217, 52.888719288846083 ], [ -78.835564950470584, 52.969361467143926 ], [ -78.839129931391767, 52.97506111674312 ], [ -78.922545518900904, 52.985227800551165 ], [ -78.988700296734919, 53.012616602279167 ], [ -78.92571289778752, 53.05342790949593 ], [ -78.95107528435733, 53.110798487804686 ], [ -78.953790724724072, 53.183723290025611 ], [ -78.906249484529013, 53.196862986621582 ], [ -78.905551792410847, 53.261511790557307 ], [ -78.979615614866461, 53.34909040473498 ], [ -78.944324488296729, 53.384896487525729 ], [ -78.980177687064526, 53.424921607706494 ], [ -79.037739583364527, 53.417049003765037 ], [ -79.081493205520857, 53.444167508629477 ], [ -79.106528614054781, 53.514738802173831 ], [ -79.031832078537022, 53.554665402565661 ], [ -78.962831718875279, 53.537141088199242 ], [ -78.902645091583864, 53.54885178862704 ], [ -79.038441614875225, 53.641975100121087 ], [ -79.03365140172744, 53.680851692002243 ], [ -79.082689021763443, 53.700446891387266 ], [ -79.043050394629986, 53.902587204807411 ], [ -79.054810622443057, 53.950821789716059 ], [ -79.03966150999878, 54.034317203561784 ], [ -79.104496713083648, 54.042965905827508 ], [ -79.120595609449765, 54.088703410338439 ], [ -79.104271115109199, 54.161145604831468 ], [ -79.292617618868036, 54.172654590117112 ], [ -79.340563699082281, 54.206503298081962 ], [ -79.280281693838006, 54.224503708834419 ], [ -79.405325381618724, 54.269817007264606 ], [ -79.495132014879161, 54.373858104196081 ], [ -79.481813705637194, 54.456197207902626 ], [ -79.503612495009293, 54.510185406978785 ], [ -79.578745090435845, 54.552708393668233 ], [ -79.51720337956084, 54.567402906691278 ], [ -79.594601684492162, 54.632447899831412 ], [ -79.655753785720378, 54.628267504657593 ], [ -79.714266989123189, 54.651908495471986 ], [ -79.555610599791265, 54.724925898484379 ], [ -79.349816701859638, 54.757520087561325 ], [ -79.245407099123085, 54.788410402768797 ], [ -78.955660098123332, 54.843737997978685 ], [ -78.933379281690591, 54.874367509034485 ], [ -78.826095093907867, 54.907549191258468 ], [ -78.782417794094741, 54.905861000496373 ], [ -78.623006786087643, 54.953441585843009 ], [ -78.54603637971006, 54.988313199382844 ], [ -78.316573315475466, 55.042015889053758 ], [ -78.15749589149803, 55.135216597855802 ], [ -77.788965483671035, 55.269309083529656 ], [ -77.637799719800256, 55.378172790897914 ], [ -77.580845701560335, 55.382622608673927 ], [ -77.462118308789499, 55.464168293032166 ], [ -77.316888272541732, 55.540803007332414 ], [ -77.123713091604927, 55.661656990243898 ], [ -77.077608508754054, 55.719220699005014 ], [ -77.09274907949127, 55.744863896660462 ], [ -77.004645697560164, 55.80161850362294 ], [ -76.884760874486076, 55.910348702500251 ], [ -76.830524318045832, 55.929632805621807 ], [ -76.798629982093971, 56.000865485607967 ], [ -76.720029401043277, 56.022226294210107 ], [ -76.649209403853035, 56.124742590336766 ], [ -76.652432607349198, 56.194407178708836 ], [ -76.617047644766842, 56.246529205084791 ], [ -76.547985010477746, 56.301318598935438 ], [ -76.53971492828201, 56.404991520547092 ], [ -76.518624668670384, 56.458898284219025 ], [ -76.551580902610951, 56.475228280624613 ], [ -76.554477502232302, 56.554244680988852 ], [ -76.531459095550289, 56.721396010222534 ], [ -76.533570365936512, 56.823903698242951 ], [ -76.569676578363797, 56.93959300238177 ], [ -76.569579722108188, 57.038557393670509 ], [ -76.550083682250616, 57.096062796750907 ], [ -76.581108288055759, 57.137581207407031 ], [ -76.66077750356844, 57.369593204269762 ], [ -76.768144377230271, 57.483520105206154 ], [ -76.772422881463783, 57.509199700392053 ], [ -76.866933986112087, 57.627521208522616 ], [ -76.852745299157661, 57.673586907457036 ], [ -77.0821174794836, 57.903608299918915 ], [ -77.252813784948984, 58.049535284802964 ], [ -77.352897285388067, 58.093065985169339 ], [ -77.554538913210536, 58.223677703605134 ], [ -77.649609791757428, 58.263042594430232 ], [ -77.768810789412527, 58.288150806111631 ], [ -77.880063208437434, 58.331557512593264 ], [ -78.026515490447736, 58.362926285610996 ], [ -78.055970319902372, 58.426903292347767 ], [ -78.16818941168664, 58.462013196265801 ], [ -78.246098097205902, 58.520586602718076 ], [ -78.371698424421339, 58.548441291795719 ], [ -78.426546721390551, 58.541350189514432 ], [ -78.487940690887598, 58.617645006288562 ], [ -78.582936698415239, 58.643465286665979 ], [ -78.50743130191691, 58.705515801851512 ], [ -78.525353685569257, 58.819062407966655 ], [ -78.580665487324467, 58.8987528935697 ], [ -78.364534694830695, 58.904919890358926 ], [ -78.287511322999208, 59.003050991857393 ], [ -78.316838886645954, 59.049853296785898 ], [ -78.232839097843765, 59.04761219589605 ], [ -78.221133424389549, 59.081688701147598 ], [ -78.12414037922855, 59.094322806961408 ], [ -78.129892589844232, 59.197342903346566 ], [ -77.994586877594145, 59.25435520040822 ], [ -77.85769871221288, 59.284236100968918 ], [ -77.789656877870627, 59.357270398554888 ], [ -77.701149004665737, 59.38575729422849 ], [ -77.75690012759776, 59.421449889506171 ], [ -77.863648911120805, 59.423908594281627 ], [ -77.893943216370417, 59.502556000820626 ], [ -77.752696684342752, 59.527972388237387 ], [ -77.753908307415415, 59.615874305990275 ], [ -77.81934342364525, 59.680210598091556 ], [ -77.639914398923807, 59.673824002796771 ], [ -77.500000015529977, 59.636800002882239 ], [ -77.519523797782767, 59.704906404239779 ], [ -77.465516815865882, 59.778437703357589 ], [ -77.323572595828239, 59.804325401830674 ], [ -77.38653080606494, 59.893502307812049 ], [ -77.448402688514889, 59.903932702089598 ], [ -77.283443985830715, 59.990153090628517 ], [ -77.441982985851567, 60.047515094287284 ], [ -77.571628209985036, 60.041939513315967 ], [ -77.60975039605708, 60.09272549580065 ], [ -77.548724103125949, 60.122220787298957 ], [ -77.558898296598585, 60.172079493815652 ], [ -77.498247218486739, 60.197036701505539 ], [ -77.542144608131579, 60.283138693756342 ], [ -77.652689313736445, 60.365460811248759 ], [ -77.708001511600983, 60.361457813339264 ], [ -77.774514412088095, 60.394638013516762 ], [ -77.701093808133521, 60.430090987192166 ], [ -77.69799829775863, 60.45923289705425 ], [ -77.584637376659657, 60.50182619826986 ], [ -77.588063916371752, 60.562210501621394 ], [ -77.676051983657786, 60.542240906729894 ], [ -77.804904117048309, 60.604812305799427 ], [ -77.834526578127637, 60.657420599498536 ], [ -77.708015487788742, 60.690082005661218 ], [ -77.633928371309665, 60.764663607523893 ], [ -77.706943100579878, 60.779956297536792 ], [ -77.854517410989573, 60.765212311230172 ], [ -78.050904303843296, 60.797120288347998 ], [ -78.178884407304096, 60.792922792552694 ], [ -78.191437887766213, 60.860469885408293 ], [ -78.044884615369568, 60.941387702086658 ], [ -77.912695973046965, 61.033361701988163 ], [ -77.829155916703954, 61.050418709758695 ], [ -77.824735986020002, 61.147144685571767 ], [ -77.756819124149388, 61.192294300632156 ], [ -77.743566400927861, 61.259409496010512 ], [ -77.770451387918172, 61.2818513050617 ], [ -77.764156272190363, 61.379033204809694 ], [ -77.81888788219976, 61.442790903781123 ], [ -77.625642911713143, 61.458931992044889 ], [ -77.586959385532111, 61.485152409648371 ], [ -77.670026903084036, 61.514621311419624 ], [ -77.644795726186985, 61.571932398511123 ], [ -77.729440185899421, 61.594069303664277 ], [ -77.789205512756794, 61.684670003360999 ], [ -77.939807520840375, 61.679272406555022 ], [ -78.02169640655049, 61.727833305022401 ], [ -78.032109279126246, 61.790336387666095 ], [ -78.09395309126468, 61.88436110973133 ], [ -78.075200488941618, 61.916870408184437 ], [ -78.145720984235538, 61.991880188762373 ], [ -78.153675283232317, 62.116450408919 ], [ -78.175426185803644, 62.186922897144022 ], [ -78.151762806330922, 62.210022509937055 ], [ -78.170988195922376, 62.273702710879071 ], [ -78.091141288543866, 62.360998794915496 ], [ -78.01027452720038, 62.366921103362266 ], [ -77.91270560841491, 62.429739302006702 ], [ -77.839956116912688, 62.431365909900329 ], [ -77.72214730770213, 62.468552908421827 ], [ -77.689019783735148, 62.503337684933662 ], [ -77.422545716442443, 62.580532790544218 ], [ -77.328383891702117, 62.547776493266333 ], [ -77.033243206002538, 62.531174206159179 ], [ -76.924295494345699, 62.537681605710361 ], [ -76.796960914657831, 62.522412903950809 ], [ -76.635407581988346, 62.477290887103891 ], [ -76.639458184380615, 62.458142498174837 ], [ -76.482245678847548, 62.446065890146883 ], [ -76.281336074686195, 62.413286902788144 ], [ -76.188915370195986, 62.384061602316486 ], [ -75.948323972029144, 62.352580606887742 ], [ -75.778820622174294, 62.302347692912022 ], [ -75.622544413893465, 62.287389013214145 ], [ -75.629174324144543, 62.229999202691829 ], [ -75.524175284451246, 62.253248387415098 ], [ -75.452810684336768, 62.303710209601228 ], [ -75.346849878361169, 62.317118198401467 ], [ -75.274281587623236, 62.297400899079619 ], [ -74.915221713783779, 62.253196710560353 ], [ -74.693951708803596, 62.141759310602446 ], [ -74.663777718317945, 62.156603089685525 ], [ -74.748199577005181, 62.209204898152322 ], [ -74.705973991122889, 62.255272591878629 ], [ -74.605717282285838, 62.259319203418364 ], [ -74.512389697581469, 62.243028698252417 ], [ -74.408621114890607, 62.244566413846684 ], [ -74.28377118735952, 62.28266870835121 ], [ -74.266984928600493, 62.314640792138647 ], [ -74.011770721877426, 62.364182305478941 ], [ -73.900060205363701, 62.435405507303692 ], [ -73.83059267601007, 62.458727899951427 ], [ -73.67107188571201, 62.480052009098593 ], [ -73.596779103921179, 62.415233812366772 ], [ -73.382700279387294, 62.373470692902494 ], [ -73.313415092307565, 62.328700704497493 ], [ -73.192119319626471, 62.315120194889857 ], [ -73.186760805596819, 62.269589398255171 ], [ -73.0171837212702, 62.183544405835043 ], [ -72.907874097829492, 62.158289103139623 ], [ -72.866880613163048, 62.108973714187087 ], [ -72.751374801548835, 62.14392570027308 ], [ -72.615333214894832, 62.112833412675286 ], [ -72.587520601871503, 62.043665987719393 ], [ -72.589948195532926, 61.967558395072636 ], [ -72.393359832126563, 61.89770569418809 ], [ -72.213388581084089, 61.875894103982091 ], [ -72.144987194667308, 61.799214205828861 ], [ -72.006054596445537, 61.723844290035125 ], [ -71.980542020199849, 61.678458011969028 ], [ -71.809994208704552, 61.695039912284088 ], [ -71.54758589118768, 61.614713899485665 ], [ -71.524108016169407, 61.578537805209976 ], [ -71.605696607119469, 61.552852108028802 ], [ -71.770184387550316, 61.542204106351363 ], [ -71.804999776283481, 61.496117309266644 ], [ -71.732738818009267, 61.472620700266127 ], [ -71.856733096170359, 61.444084397774603 ], [ -71.66093158537079, 61.404615798675636 ], [ -71.698623211107645, 61.350198088361218 ], [ -71.713087780913753, 61.279891188367067 ], [ -71.57274369313815, 61.248547691822623 ], [ -71.619200185516021, 61.211814701684766 ], [ -71.432916390278805, 61.213171786555179 ], [ -71.444048590164371, 61.170891196252711 ], [ -71.311829720621347, 61.153157997867545 ], [ -71.218078113383996, 61.162564706486812 ], [ -71.146992186556062, 61.133757896943116 ], [ -71.039393097786359, 61.135328392464515 ], [ -70.934631589482862, 61.11550450878741 ], [ -70.930629623770272, 61.073713003737609 ], [ -70.732220881461345, 61.084291198464143 ], [ -70.643905590638738, 61.054238695799469 ], [ -70.593768393259055, 61.014971802485427 ], [ -70.529361779618583, 61.018554594783041 ], [ -70.489575398423696, 61.069408184812659 ], [ -70.375224696800871, 61.062320593235228 ], [ -70.325141316381121, 61.089716410712313 ], [ -70.236204407240081, 61.070050788576417 ], [ -70.128733714272656, 61.088820494787399 ], [ -70.105026081666679, 61.066846209010798 ], [ -70.152669121011513, 61.006039598232611 ], [ -70.086563198016279, 60.961781601461141 ], [ -70.094105892780703, 60.928029094283275 ], [ -70.060346081254067, 60.841083592369046 ], [ -69.98715517198157, 60.844045501809298 ], [ -69.912925918185721, 60.803315407637236 ], [ -69.842615979721202, 60.844070795817899 ], [ -69.82720730620423, 60.881414206745326 ], [ -69.648485018422605, 60.874456604724756 ], [ -69.630588190967373, 60.912912987771215 ], [ -69.682428325085127, 60.98365369404258 ], [ -69.611387497580438, 61.079390685166409 ], [ -69.503728913218779, 61.06811809104483 ], [ -69.446077571358813, 60.958089008257801 ], [ -69.372428310637048, 60.91311869035156 ], [ -69.423377006587543, 60.781927591662402 ], [ -69.698075395924562, 60.69565679600003 ], [ -69.686239083031822, 60.64489460362487 ], [ -69.630019090334073, 60.5909500973153 ], [ -69.701154079144743, 60.541901292745095 ], [ -69.778414282061576, 60.544637795550081 ], [ -69.78435362182185, 60.487882101202665 ], [ -69.710654409496911, 60.45853368877529 ], [ -69.718320975978983, 60.406891402579106 ], [ -69.681691619717185, 60.353942405240872 ], [ -69.701077121988675, 60.298173801753464 ], [ -69.591772096363982, 60.210672991818704 ], [ -69.634973995720955, 60.142176899229398 ], [ -69.617506500417818, 60.071944609168753 ], [ -69.830627769401246, 60.063211706169689 ], [ -69.838011223235227, 60.023532590785386 ], [ -69.775845307798022, 60.014553714282677 ], [ -69.715516612129974, 59.965303000741663 ], [ -69.722932606057881, 59.895966001819573 ], [ -69.585080389368812, 59.878700702344652 ], [ -69.604597505130002, 59.791824303673273 ], [ -69.558131975772469, 59.737530603818435 ], [ -69.636181611707542, 59.709208299273882 ], [ -69.600007485371464, 59.682293403365613 ], [ -69.504377613109952, 59.675712797874475 ], [ -69.504098683225664, 59.636113308223486 ], [ -69.556396525398043, 59.594588497438934 ], [ -69.638041290785822, 59.58779609076376 ], [ -69.74675861968764, 59.508996794904363 ], [ -69.657866411987555, 59.46319509499056 ], [ -69.625824278451887, 59.362170598860587 ], [ -69.727212787747703, 59.346466709130269 ], [ -69.695707016541036, 59.306380000574357 ], [ -69.59953389533257, 59.317440404761754 ], [ -69.452357416424945, 59.360077305147257 ], [ -69.349358224745444, 59.340383198080652 ], [ -69.313561401724883, 59.306325300636111 ], [ -69.23645481905875, 59.305587110463343 ], [ -69.249737909145239, 59.223539393846039 ], [ -69.413234795601667, 59.196150406660237 ], [ -69.48208598148257, 59.213778205722406 ], [ -69.527514812543771, 59.139577012441471 ], [ -69.373386777563766, 59.124358403345887 ], [ -69.346850770394468, 59.09174250503807 ], [ -69.469597910174926, 59.019199707997394 ], [ -69.467131996262921, 58.953954292872517 ], [ -69.437710581178777, 58.905551001706051 ], [ -69.520414487416645, 58.860396987977303 ], [ -69.546397689546097, 58.809524887207772 ], [ -69.660436005294599, 58.797644589033041 ], [ -69.696682101601354, 58.868988789916635 ], [ -69.656649991558453, 58.90204010011184 ], [ -69.701656808811506, 58.928687308630231 ], [ -69.710783986784776, 58.983904698978819 ], [ -69.811039824951081, 58.956690200223399 ], [ -69.786177391530813, 58.831842185907846 ], [ -69.884594395141931, 58.83408681239677 ], [ -69.970964177054867, 58.807399600789047 ], [ -70.029991709220766, 58.810045388987618 ], [ -70.06787188305735, 58.767819694935874 ], [ -70.015670883137787, 58.733552301003847 ], [ -69.945124787176937, 58.77229389980635 ], [ -69.927581303817263, 58.710608108875739 ], [ -69.884682316942502, 58.691076194051369 ], [ -69.815419400962512, 58.717571389694015 ], [ -69.858273182288826, 58.618256694843517 ], [ -69.802003828624848, 58.592632194434117 ], [ -69.724413390804187, 58.679459309275799 ], [ -69.652683119855055, 58.692581190550349 ], [ -69.613046587835427, 58.76490510031897 ], [ -69.493165394949045, 58.780661084411122 ], [ -69.402439672837431, 58.832514000111075 ], [ -69.385998684453625, 58.873185893364095 ], [ -69.284775515377206, 58.879796695157175 ], [ -69.232267816643144, 58.903498803578742 ], [ -69.141398477464463, 58.904063893429623 ], [ -68.886542122794452, 58.880865503958468 ], [ -68.758711781557679, 58.916762102580606 ], [ -68.712978919090531, 58.89392150467485 ], [ -68.601952814142862, 58.901384103269123 ], [ -68.497780599759452, 58.834735294968304 ], [ -68.393699304947759, 58.817896789794887 ], [ -68.348331201725131, 58.768937104713977 ], [ -68.379141003114455, 58.711366686329292 ], [ -68.330375874354289, 58.681656807529535 ], [ -68.343704391466602, 58.599179589877693 ], [ -68.285272978422526, 58.588006299555566 ], [ -68.248557905142206, 58.528647410617374 ], [ -67.961158408887883, 58.520004405953827 ], [ -67.902515194737973, 58.492877302210644 ], [ -67.951748579006093, 58.432464497540479 ], [ -67.92129101022924, 58.371697498774736 ], [ -67.838316304819159, 58.390189707807458 ], [ -67.777119700321677, 58.469354002796003 ], [ -67.725788701020477, 58.4518717074817 ], [ -67.70562889114882, 58.407300285861695 ], [ -67.750090501164067, 58.31367259182872 ], [ -67.643551591315244, 58.258441996313458 ], [ -67.698997288370293, 58.181522493412203 ], [ -67.711809914138584, 58.132823798545274 ], [ -67.660949607104982, 58.120097310276947 ], [ -67.580954210549976, 58.221379889437422 ], [ -67.456066013202033, 58.290169289034729 ], [ -67.396207412985461, 58.264019405685168 ], [ -67.324787711829543, 58.324447296824943 ], [ -67.218051477501305, 58.33989160711841 ], [ -67.198138217427356, 58.364699689876836 ], [ -67.06084231459063, 58.385105009049617 ], [ -66.973407012097127, 58.478547110823023 ], [ -66.902362525933157, 58.497947900697369 ], [ -66.88897039406838, 58.441999809393884 ], [ -66.811834989046531, 58.447882009136279 ], [ -66.74646868374964, 58.507509903374178 ], [ -66.675280004939225, 58.489064707348874 ], [ -66.62226028784373, 58.502391199128205 ], [ -66.659669624553175, 58.547458202090674 ], [ -66.62004991058194, 58.569508409793968 ], [ -66.57641628854465, 58.669777883660338 ], [ -66.493684309040759, 58.719934411677137 ], [ -66.444465708833604, 58.809226896312815 ], [ -66.355874597260311, 58.850691504619512 ], [ -66.240022302557989, 58.799823889103088 ], [ -66.112549504550742, 58.701623608344505 ], [ -66.037472995972308, 58.69253329501538 ], [ -66.032576014866763, 58.76404061401972 ], [ -66.102439473484679, 58.774080503797492 ], [ -66.023791928369292, 58.852388694873405 ], [ -65.975371895499762, 58.860318900994422 ], [ -65.850376675549626, 58.824315798328875 ], [ -65.80089818017413, 58.857302508254705 ], [ -65.929805181110567, 58.880872899511559 ], [ -65.997457094468729, 58.906687906694337 ], [ -65.857826578822014, 58.945350802989573 ], [ -65.766641225743314, 59.000156090842211 ], [ -65.740838398834669, 59.039100502880814 ], [ -65.63163941187031, 59.070508314325913 ], [ -65.652185404525213, 59.111907495356014 ], [ -65.720201912164882, 59.156814815062461 ], [ -65.700385101438684, 59.208933994176 ], [ -65.736505308432825, 59.262589394122834 ], [ -65.698655806001511, 59.275493498358557 ], [ -65.591370401269543, 59.241607702244487 ], [ -65.543529998474938, 59.300452601293145 ], [ -65.571349188980889, 59.376616886334673 ], [ -65.428662406899406, 59.369599307457122 ], [ -65.443034478504401, 59.47853810423522 ], [ -65.380305293382506, 59.49764370883436 ], [ -65.431078609665519, 59.585325102964255 ], [ -65.522631777109893, 59.666594296354866 ], [ -65.534585307110277, 59.706957998413351 ], [ -65.467539913495713, 59.783322309566145 ], [ -65.310073209284781, 59.853870093846162 ], [ -65.225630678458501, 59.835463002963564 ], [ -65.206973384212532, 59.913191589510269 ], [ -65.116738232639548, 59.971693793485514 ], [ -65.124488704745986, 60.036017189309391 ], [ -65.011470292320823, 60.046618884378283 ], [ -65.07231860209356, 60.09249988948828 ], [ -64.965078628024955, 60.184218900119028 ], [ -64.942438206569591, 60.269916202352043 ], [ -64.673690624843474, 60.350648901582865 ], [ -64.523528997095525, 60.300589287266213 ], [ -64.723425872864254, 60.291478300701669 ], [ -64.853777824671937, 60.26941146105294 ], [ -64.863941266764073, 60.228196802298385 ], [ -64.749879573013303, 60.188155582966175 ], [ -64.745562506174437, 60.168628045405413 ], [ -64.602471053147269, 60.167014620916902 ], [ -64.593715864458929, 60.117031272367683 ], [ -64.707986847421694, 60.084609143824167 ], [ -64.742713986757664, 60.056131129490836 ], [ -64.895875536748676, 60.066209292449493 ], [ -64.840228437606669, 59.970319076173148 ], [ -64.662230462032468, 59.952553963305768 ], [ -64.640977049526157, 59.907448061642683 ], [ -64.741521600628786, 59.889298936918443 ], [ -64.825224529208569, 59.825607977848854 ], [ -64.760485449672657, 59.70655815773226 ], [ -64.898259490141626, 59.641783276484148 ], [ -64.839629583584951, 59.553341986726927 ], [ -64.764145072917955, 59.514868003529664 ], [ -64.679834930435234, 59.44690514256316 ], [ -64.589672625035689, 59.466182660293285 ], [ -64.433766212402617, 59.54197359688704 ], [ -64.324069310403004, 59.512774126382162 ], [ -64.51159836477494, 59.422979851969039 ], [ -64.538338966758687, 59.370781933089162 ], [ -64.49330274791707, 59.349576142135923 ], [ -64.543536274825655, 59.310435057963126 ], [ -64.488603468882204, 59.25711006884373 ], [ -64.521847460563464, 59.196741120029635 ], [ -64.472714698429598, 59.180391198076642 ], [ -64.490309140934727, 59.099075067690265 ], [ -64.315175988568967, 59.06562976234342 ], [ -64.261791154519372, 59.012956564701483 ], [ -64.387705323229511, 59.006183813497344 ], [ -64.460301091119732, 58.981514252423821 ], [ -64.570619539849886, 59.027274786820286 ], [ -64.670275211199439, 59.038614428594443 ], [ -64.683256931031494, 59.074695387765402 ], [ -64.779238807886429, 59.074957440196094 ], [ -64.865015902263494, 59.015404972536317 ], [ -64.820713512395429, 58.916892718893905 ], [ -64.730669930386924, 58.950784035796119 ], [ -64.651650200898189, 58.943752041029931 ], [ -64.550182519936143, 58.887455428746733 ], [ -64.455800990183363, 58.908216670678343 ], [ -64.332540164088144, 58.9045627597216 ], [ -64.233656709180451, 58.864113343997708 ], [ -64.229704568454565, 58.78364847472232 ], [ -64.178784975027355, 58.789039589471791 ], [ -64.137792863163469, 58.74616687480794 ], [ -64.069708783910002, 58.769086194356284 ], [ -64.045337573071919, 58.810350372235533 ], [ -63.81213795872447, 58.847062793496001 ], [ -63.777683327197693, 58.884058758685811 ], [ -63.595341144193434, 58.857175759469932 ], [ -63.550785079865854, 58.836550115192196 ], [ -63.492157355828333, 58.768545212621838 ], [ -63.50679394948564, 58.742574627816971 ], [ -63.619283531606982, 58.723860621450214 ], [ -63.754373873480439, 58.716737060444771 ], [ -63.950253770061344, 58.685247328258519 ], [ -64.047222191266172, 58.702628470469975 ], [ -64.107926733899191, 58.639650686286522 ], [ -64.104943467539343, 58.563230007646482 ], [ -64.046939807522634, 58.535070828764113 ], [ -63.97357898669371, 58.5296360838651 ], [ -63.907366072215559, 58.573492087107766 ], [ -63.8581940632493, 58.563797645892095 ], [ -63.85869189961322, 58.504514406963828 ], [ -63.807850050262182, 58.489746101986263 ], [ -63.88111327541047, 58.429439660420528 ], [ -63.986578551326829, 58.444357917491025 ], [ -64.022538934296719, 58.371019214747584 ], [ -64.172222670774801, 58.361873266277989 ], [ -64.217776976948514, 58.24773219887706 ], [ -64.247503821088699, 58.22742144140328 ], [ -64.373562816018236, 58.208380595938188 ], [ -64.421732517792833, 58.186673665475269 ], [ -64.433091441265631, 58.069908092088141 ], [ -64.320507802157124, 58.061487992308905 ], [ -64.250960325085131, 58.038718517532324 ], [ -64.204661835615639, 57.973629708588035 ], [ -64.116675411542971, 57.811139397663332 ], [ -64.072001289891901, 57.770020342366507 ], [ -63.99724891398008, 57.812078690206221 ], [ -63.938596251969365, 57.788551008127236 ], [ -63.883421663027079, 57.712607344366518 ], [ -63.847476419075143, 57.719022896915945 ], [ -63.73529089840828, 57.662801880192482 ], [ -63.596770436416477, 57.741247649493175 ], [ -63.598727324353341, 57.663840479554906 ], [ -63.649951487416679, 57.620063889372737 ], [ -63.771915905788845, 57.592449770745617 ], [ -63.751168606381299, 57.535743571607121 ], [ -63.775221383538046, 57.493572793897506 ], [ -63.761260859452243, 57.439331667754324 ], [ -63.710305510238122, 57.422630002977947 ], [ -63.701301159437079, 57.368333581119813 ], [ -63.855820776773399, 57.334301215354103 ], [ -63.883373482795868, 57.27762095872793 ], [ -63.741466856618651, 57.240765568473329 ], [ -63.770985000237587, 57.196018312018317 ], [ -63.764885510510162, 57.139925626304986 ], [ -63.820148408742632, 57.075498910317862 ], [ -63.890083399987105, 57.086083058273907 ], [ -63.908099828968012, 56.927521103260752 ], [ -63.867395988195753, 56.883376110795233 ], [ -64.01297796071799, 56.849846417459162 ], [ -64.012759544996669, 56.778676861569643 ], [ -64.078907339506799, 56.767003172283886 ], [ -64.145314397046747, 56.699754842161674 ], [ -64.050461398065409, 56.60634805647873 ], [ -63.931062987395116, 56.533757549352821 ], [ -63.930632407097825, 56.466207039565234 ], [ -63.872916543128852, 56.448970441104507 ], [ -63.993015978017368, 56.408211267669564 ], [ -64.152740169874747, 56.441112115895194 ], [ -64.099352133385523, 56.351912603548477 ], [ -64.143438113788449, 56.311966389754559 ], [ -64.090495849575277, 56.279897804269567 ], [ -63.967109880164777, 56.256396682967413 ], [ -63.862933859589205, 56.212588881900572 ], [ -64.035963316365084, 56.154881041290047 ], [ -64.002133308725675, 56.10273030724322 ], [ -63.953088187106658, 56.088227135284065 ], [ -63.883694707046374, 56.137032386233628 ], [ -63.811050638184305, 56.084634859125437 ], [ -63.731262805357098, 56.070152374604326 ], [ -63.636721292975757, 56.023522706647356 ], [ -63.495771826637636, 56.040012956785048 ], [ -63.733941897010588, 55.928018481211105 ], [ -63.792582799435856, 55.931461706187712 ], [ -63.845098695004872, 55.879073405106453 ], [ -63.773612581170248, 55.856054024331407 ], [ -63.777022753804353, 55.801478760280155 ], [ -63.674200580504454, 55.759325110276748 ], [ -63.725138660352613, 55.726637914169793 ], [ -63.715982406032175, 55.657673675438637 ], [ -63.665472806415593, 55.545987582797004 ], [ -63.691482710595274, 55.50871130632413 ], [ -63.775471358731508, 55.48170900854398 ], [ -63.736706707829498, 55.438239286491402 ], [ -63.665397051739873, 55.423050567059576 ], [ -63.47856669858362, 55.429205558345558 ], [ -63.393038293263238, 55.404780959384937 ], [ -63.319786893706052, 55.411806345216057 ], [ -63.324848694712323, 55.366046934579686 ], [ -63.442249580073565, 55.344059730633603 ], [ -63.551922384321543, 55.344887355581022 ], [ -63.542063903023127, 55.309667193949259 ], [ -63.679475057745584, 55.266886878586512 ], [ -63.547410472743259, 55.225469002805553 ], [ -63.462635608228915, 55.255264694080651 ], [ -63.431871190566838, 55.211342655533393 ], [ -63.562918355717166, 55.187616378369434 ], [ -63.541549972798165, 55.160097838801271 ], [ -63.611366864872899, 55.090803775552523 ], [ -63.55639199955408, 55.034443911857601 ], [ -63.557534519589097, 54.989937849078437 ], [ -63.604529659058997, 54.926251537419866 ], [ -63.661282815977231, 54.89995248827897 ], [ -63.751900296301649, 54.942308841247687 ], [ -63.820518333412025, 54.947958102622458 ], [ -63.849032113469477, 54.862611283811454 ], [ -63.817161538485294, 54.816921864181424 ], [ -63.903664391092249, 54.801078014097797 ], [ -63.889741234884269, 54.768358773193349 ], [ -63.802959712644196, 54.725642065882127 ], [ -63.742757932000231, 54.626399289256504 ], [ -63.813377233290026, 54.650785802140483 ], [ -63.91143915535153, 54.604248672376826 ], [ -63.974422536237668, 54.620120235383922 ], [ -64.054277177746741, 54.600908292009635 ], [ -64.141849812784415, 54.666957398946828 ], [ -64.294527847134205, 54.753273762394805 ], [ -64.397474582481252, 54.790492952141662 ], [ -64.486069271923739, 54.793435570900009 ], [ -64.556882472605807, 54.713662281366588 ], [ -64.679968374570848, 54.735712552056839 ], [ -64.778086893039543, 54.733468773626683 ], [ -64.747874831448684, 54.813994294434856 ], [ -64.971900558801664, 54.937395575316586 ], [ -65.009560616161167, 54.930964232645564 ], [ -65.126449345810897, 54.961478035894437 ], [ -65.172892874845331, 54.933604320455871 ], [ -65.209623123427363, 54.847957778531622 ], [ -65.325695256155242, 54.848678011865026 ], [ -65.355839651956501, 54.8187614005234 ], [ -65.456335714703727, 54.849242332854196 ], [ -65.486655204799064, 54.820068726121292 ], [ -65.434619797005467, 54.784183462053782 ], [ -65.455530319273805, 54.728583245138331 ], [ -65.592553701181288, 54.743036008201507 ], [ -65.690115312183224, 54.711527016453694 ], [ -65.777425219600417, 54.802809648119997 ], [ -65.838314875313728, 54.836527530358964 ], [ -65.849845423742053, 54.927210875515392 ], [ -66.023395887578403, 54.941953342175282 ], [ -66.064490355636835, 54.929068441300807 ], [ -66.143581332036632, 54.982298787688435 ], [ -66.260283841345057, 55.000182646071437 ], [ -66.354994999547117, 55.083209202444522 ], [ -66.466426246763348, 55.160262407861907 ], [ -66.495337975707557, 55.205106901559624 ], [ -66.602792627933496, 55.268981382467274 ], [ -66.669773483109083, 55.269444730716664 ], [ -66.696940182587895, 55.305323091222959 ], [ -66.778462282138463, 55.352388150666528 ], [ -66.823725822445923, 55.306969763749223 ], [ -66.707230859628254, 55.22712308681151 ], [ -66.748900417618884, 55.215698941707139 ], [ -66.754941653247087, 55.113571289171034 ], [ -66.735037652662712, 55.044052675736225 ], [ -66.686013553356361, 55.000053790921456 ], [ -66.742223698314334, 54.969480208716234 ], [ -66.681408178988107, 54.923667784104381 ], [ -66.602651097902765, 54.813506309815814 ], [ -66.659428397576249, 54.770217773647744 ], [ -66.718094529546605, 54.760782263595502 ], [ -66.812717450322282, 54.779397239969185 ], [ -66.875663327041039, 54.81600960732942 ], [ -66.947846670657299, 54.822310512761355 ], [ -67.039854658633246, 54.868081493376863 ], [ -67.056510504430022, 54.894937708183669 ], [ -67.257484608938256, 55.021274194343128 ], [ -67.243730256973052, 55.059635448814156 ], [ -67.322837867544905, 55.089065313549249 ], [ -67.40963252886479, 55.088633236541135 ], [ -67.46370387188513, 55.06285691634416 ], [ -67.445871821256148, 55.008503827248106 ], [ -67.399755673508693, 54.957858957724874 ], [ -67.213418531490717, 54.792748813360454 ], [ -67.062900813836251, 54.692933109288873 ], [ -67.129003465399691, 54.657719417719733 ], [ -67.138551009975046, 54.62453865894296 ], [ -67.231175718946574, 54.587566925329575 ], [ -67.277821810334501, 54.548707291304311 ], [ -67.244944651654023, 54.500033909070424 ], [ -67.349235252579774, 54.516991951299381 ], [ -67.429025261834482, 54.569234384714342 ], [ -67.526882422482785, 54.570951096013879 ], [ -67.473112977945462, 54.520101921461638 ], [ -67.500405519315947, 54.481506553088479 ], [ -67.581657854942762, 54.494108526966585 ], [ -67.667811669969709, 54.453841962911987 ], [ -67.77639035065485, 54.435279848071168 ], [ -67.724698366072715, 54.386855786397568 ], [ -67.748036723920578, 54.350260854735275 ], [ -67.676366167130638, 54.318524301813696 ], [ -67.677330398521306, 54.241680311838834 ], [ -67.628302652045193, 54.21275146445889 ], [ -67.675321973746208, 54.158761220991977 ], [ -67.765036571654463, 54.157000191873024 ], [ -67.810252416245589, 54.128132908733591 ], [ -67.761835257671493, 54.086046092119112 ], [ -67.821685287837155, 54.02570234616541 ], [ -67.699839328933976, 53.976604482263149 ], [ -67.571489743250865, 53.845566761291423 ], [ -67.499608315158511, 53.82685640376814 ], [ -67.592219028592666, 53.757497823078189 ], [ -67.500000013951436, 53.757267350185991 ], [ -67.506319064322625, 53.719061532764343 ], [ -67.396849712880879, 53.682879300543846 ], [ -67.3947309229372, 53.614654306131875 ], [ -67.257405881126161, 53.557388574817821 ], [ -67.218769059447297, 53.530340335188306 ], [ -67.157685450071028, 53.537633609041066 ], [ -67.030308238711115, 53.526737052800016 ], [ -66.99629644456509, 53.484617517795598 ], [ -66.944524086961934, 53.476053398182046 ], [ -66.924447860281504, 53.418660876996618 ], [ -66.96610332272266, 53.364621761095009 ], [ -67.027050616945857, 53.334646126746293 ], [ -66.958415498694976, 53.306450334472487 ], [ -66.978061671442816, 53.213263312131687 ], [ -67.006133013300314, 53.168475255196967 ], [ -66.98442990896541, 53.087909300223501 ], [ -67.0416076097505, 53.076072140466174 ], [ -67.154227980342085, 53.147225479978225 ], [ -67.287214602646969, 53.143921347402575 ], [ -67.392336828817108, 53.120855037052124 ], [ -67.380786079120824, 53.046255958716387 ], [ -67.332665699261668, 52.959818154038352 ], [ -67.355742900497901, 52.928627776627444 ], [ -67.316824459958781, 52.87544767915729 ], [ -67.268532696075056, 52.877710714020282 ], [ -67.22747230011214, 52.841770832979172 ], [ -67.074252229077402, 52.875451808874701 ], [ -67.047671687709339, 52.837240206554 ], [ -67.067006743058201, 52.775116248014484 ], [ -67.034304082226342, 52.747015631036774 ], [ -66.949265241608899, 52.759582685455008 ], [ -66.894460114791173, 52.676661705293299 ], [ -66.853700006489305, 52.721144817432162 ], [ -66.772126737508586, 52.69620359776043 ], [ -66.753746313672366, 52.751488101579298 ], [ -66.6460623787694, 52.788923467315264 ], [ -66.663698431126861, 52.885464283080942 ], [ -66.625553773001087, 52.954243262975282 ], [ -66.576995972689716, 52.936786870959104 ], [ -66.507008277624081, 52.950123042565565 ], [ -66.431834641167512, 53.048202595904833 ], [ -66.360771043990354, 53.014390366065875 ], [ -66.321954141623564, 52.938933089623148 ], [ -66.260859657107886, 52.874311881485994 ], [ -66.294629323916553, 52.860120140980854 ], [ -66.379420452849885, 52.877468193820157 ], [ -66.413882781721441, 52.848673944545126 ], [ -66.354179600338938, 52.802558547608683 ], [ -66.308331761118765, 52.72859107462417 ], [ -66.338772668147541, 52.684616782930711 ], [ -66.277380072630734, 52.634449744414624 ], [ -66.309302522356418, 52.604590121626842 ], [ -66.38865738287349, 52.682284200894308 ], [ -66.440275917271975, 52.636400426381002 ], [ -66.374672891575884, 52.572750996246754 ], [ -66.355583764644592, 52.473220580858438 ], [ -66.390806715306297, 52.465937529195848 ], [ -66.341712106419251, 52.397210296418862 ], [ -66.370188069086311, 52.353940676396711 ], [ -66.490517254523994, 52.341637462779431 ], [ -66.330113238112546, 52.135934659862016 ], [ -66.264117038672268, 52.165181407646749 ], [ -66.312569151310242, 52.285517953142893 ], [ -66.249647323844272, 52.273983678783047 ], [ -66.208359244114433, 52.234093129464355 ], [ -66.160021661885651, 52.231653248441916 ], [ -66.077162323263565, 52.162262732513575 ], [ -66.09636477143799, 52.107808372161706 ], [ -65.970401491089035, 52.056502581919069 ], [ -65.954780129253166, 52.099878838519302 ], [ -65.876988998429297, 52.110405411756055 ], [ -65.68656646290691, 52.103754778177738 ], [ -65.648561872201128, 52.080920729732561 ], [ -65.679910051559347, 52.04150752952787 ], [ -65.548449531177141, 52.038933609720701 ], [ -65.530669088436184, 52.070800161135892 ], [ -65.412290961628116, 51.971311258936225 ], [ -65.354779395910825, 51.942737973386407 ], [ -65.397569970550705, 51.890847348604623 ], [ -65.210184776214149, 51.812928233891995 ], [ -65.186063747245342, 51.775606358698887 ], [ -65.082585845713581, 51.746198638120369 ], [ -65.04921692255968, 51.769647398204562 ], [ -64.930705786492169, 51.714261564274437 ], [ -64.924675344962751, 51.77785845882876 ], [ -64.773098727434416, 51.753135225082595 ], [ -64.653547815866418, 51.701533640297896 ], [ -64.554355793035242, 51.575804711650491 ], [ -64.456636700209231, 51.626819367734612 ], [ -64.417331640657949, 51.674955269744991 ], [ -64.337125206350578, 51.665294801979819 ], [ -64.278289317053151, 51.746378548894555 ], [ -64.302455187576129, 51.803643615551799 ], [ -64.35270342515058, 51.849275942473206 ], [ -64.341692241677677, 51.98590031528569 ], [ -64.233951751067991, 51.990904412373496 ], [ -64.279378349843327, 52.037560545670395 ], [ -64.253852941134269, 52.121483271322916 ], [ -64.160797447890573, 52.146010728038583 ], [ -64.200692859331241, 52.177016348081217 ], [ -64.225583270509517, 52.302504221991128 ], [ -64.180052809124035, 52.306413374795618 ], [ -64.167424994468035, 52.3615415800001 ], [ -64.109229088467927, 52.394056717956992 ], [ -64.15194855237867, 52.519923144221039 ], [ -64.211121161159625, 52.573601502145308 ], [ -64.154550372962618, 52.603432573168746 ], [ -64.137382393774089, 52.729235080560436 ], [ -64.037274828764851, 52.738244709499725 ], [ -63.937417232989795, 52.731024294079234 ], [ -63.872941265668963, 52.773962245501693 ], [ -63.818975272192382, 52.758530481381101 ], [ -63.719539419733792, 52.798969282299439 ], [ -63.599747582842141, 52.824318908294778 ], [ -63.575861222384709, 52.760964059398397 ], [ -63.526349961148654, 52.725374952612981 ], [ -63.459324988803424, 52.71791360973031 ], [ -63.380686135727295, 52.665175944337669 ], [ -63.44416290522647, 52.644695394131013 ], [ -63.597273394565597, 52.647945305073769 ], [ -63.71645749677328, 52.630933506506501 ], [ -63.850401712289944, 52.625849907628549 ], [ -64.015737518858458, 52.577143135227701 ], [ -64.087677233968904, 52.506514192824021 ], [ -64.089700267385624, 52.44592801519979 ], [ -64.025920131788794, 52.405781067858484 ], [ -64.014560007754127, 52.363727093224476 ], [ -63.861039004577144, 52.319052991959992 ], [ -63.768119015799471, 52.327887405829273 ], [ -63.771677887730526, 52.282775402710115 ], [ -63.6907707086418, 52.12302059756724 ], [ -63.707994190814439, 52.093334398537941 ], [ -63.841138362287026, 52.056498274560596 ], [ -63.801462640077382, 51.997843676020288 ], [ -62.844182289210949, 51.996957122663908 ], [ -61.80652165858114, 51.995808708099396 ], [ -61.129886092203932, 51.996249369493221 ], [ -60.201707304927524, 51.997232278842127 ], [ -59.034409549860229, 51.996981120695516 ], [ -57.964734987784368, 51.996449283385211 ], [ -57.107759373026532, 51.998494771107822 ], [ -57.105486400084814, 51.65645137223018 ], [ -57.108542975084468, 51.415634901979097 ], [ -57.207574307666903, 51.411366001080879 ], [ -57.258895711826462, 51.498831808180277 ], [ -57.496428407485787, 51.464428315285566 ], [ -57.522516293785209, 51.443730292348704 ], [ -57.647331402383337, 51.427678705873348 ], [ -57.746439497537779, 51.46249008632094 ], [ -57.778014986276702, 51.40851929721611 ], [ -57.862216709142871, 51.397123797834197 ], [ -57.891029602937706, 51.368924805140885 ], [ -58.033953695324236, 51.30370659605731 ], [ -58.23238932239574, 51.263911800475576 ], [ -58.260556694978902, 51.291893810025798 ], [ -58.333546287323344, 51.276163090874441 ], [ -58.487725183455169, 51.300291304052465 ], [ -58.592081387716078, 51.231747608816576 ], [ -58.63107228288176, 51.141725405697308 ], [ -58.738551107382442, 51.09176189410671 ], [ -58.846184009124997, 51.066681207360915 ], [ -58.823323500530357, 51.03742201012961 ], [ -58.895594602176651, 50.984923895508437 ], [ -58.940777591158529, 51.041209385792733 ], [ -58.969863810313363, 50.953408893211261 ], [ -58.951323489298296, 50.87892798935934 ], [ -58.985097113127644, 50.85530140294312 ], [ -58.960326602029269, 50.819153612587066 ], [ -59.036958697866467, 50.745726695395923 ], [ -59.127558796992119, 50.792257490247145 ], [ -59.256204883736984, 50.710356591765517 ], [ -59.311373996863971, 50.697515983558347 ], [ -59.332727686373715, 50.661951888949822 ], [ -59.451623508067129, 50.623218202186187 ], [ -59.475709884072707, 50.576249499738552 ], [ -59.560398792310615, 50.522256805318285 ], [ -59.580315993989132, 50.474844501956632 ], [ -59.736781689953993, 50.450818407367166 ], [ -59.883112292336016, 50.372682906825439 ], [ -59.853314812787225, 50.314113590238847 ], [ -59.925771519317067, 50.274728291050423 ], [ -60.015333776926447, 50.261519702707353 ], [ -60.151154907655645, 50.215637697489633 ], [ -60.212574792805754, 50.271235985606339 ], [ -60.249109114112187, 50.225059791867565 ], [ -60.30671431321948, 50.2423805936509 ], [ -60.439508408987074, 50.228769802726951 ], [ -60.479691087295805, 50.241339791860781 ], [ -60.554667702486078, 50.208103993816955 ], [ -60.679543381929967, 50.211975004828133 ], [ -60.762023392385167, 50.235824194253581 ], [ -60.791631992137631, 50.203496507090691 ], [ -60.849408876494834, 50.230924700907039 ], [ -60.886008593435022, 50.211082706329719 ], [ -61.00441181454449, 50.2058668068277 ], [ -61.087458299054326, 50.241607096607552 ], [ -61.133149803535289, 50.181124502611027 ], [ -61.257421502417486, 50.196807296544584 ], [ -61.417331707998393, 50.173672308006203 ], [ -61.664898002527835, 50.099030095890306 ], [ -61.73374340110184, 50.085479086817152 ], [ -61.80951729003484, 50.129880200783624 ], [ -61.805287487333494, 50.157557207639812 ], [ -61.871415080139904, 50.22267590324595 ], [ -61.965685523420689, 50.231048597507105 ], [ -61.998696910404952, 50.212461912569502 ], [ -62.15294118969441, 50.235703693339993 ], [ -62.224227509852561, 50.234148512225389 ], [ -62.399192789059114, 50.285380696125912 ], [ -62.460903495364889, 50.253040197236921 ], [ -62.741161904288369, 50.277322895655217 ], [ -62.945535903730025, 50.274591987768062 ], [ -63.012070288955279, 50.308620108024485 ], [ -63.068576710540974, 50.276052509201513 ], [ -63.163400993244466, 50.286847399169702 ], [ -63.17316140718502, 50.24115711438214 ], [ -63.292348212266276, 50.224429401002773 ], [ -63.364337321447195, 50.234146496143765 ], [ -63.400607904248659, 50.201560200765641 ], [ -63.526092688883267, 50.257373600851302 ], [ -63.607488479587992, 50.236502301427635 ], [ -63.687849189057154, 50.25174730004963 ], [ -63.702249903614522, 50.283702589036864 ], [ -63.7866690142774, 50.283603896866069 ], [ -63.816609887148566, 50.302467090412733 ], [ -64.086116399370979, 50.291331386242462 ], [ -64.166095498907708, 50.255525902690529 ], [ -64.340514297429905, 50.283174585276988 ], [ -64.422321108425308, 50.316919997656427 ], [ -64.484821303890371, 50.315542392053061 ], [ -64.542433205528525, 50.28430130543547 ], [ -64.958733616834465, 50.263219205783486 ], [ -65.023392803998917, 50.281053911669048 ], [ -65.185659077656126, 50.285514601227128 ], [ -65.242612112316706, 50.302283690752482 ], [ -65.350394409484494, 50.303909913480688 ], [ -65.565778591643493, 50.27164569889937 ], [ -65.819198081436795, 50.250316495646253 ], [ -65.915017894242339, 50.284444501904716 ], [ -65.993228597429763, 50.272487401860538 ], [ -66.052288723391314, 50.209358595457381 ], [ -66.113540003995837, 50.212902111445466 ], [ -66.150740078663461, 50.1896025997885 ], [ -66.261005924677619, 50.212158793934528 ], [ -66.367899708647158, 50.187884905236146 ], [ -66.414415493765134, 50.265959691586808 ], [ -66.454280186191127, 50.269831806317292 ], [ -66.528661294004024, 50.230358586371949 ], [ -66.515231899348791, 50.160302300005164 ], [ -66.699793202570817, 50.108635802778167 ], [ -66.740387695054423, 50.038281304384498 ], [ -66.834738202032881, 50.025768898545287 ], [ -66.933327785265092, 49.998598705989878 ], [ -66.973161812884953, 49.953001907298791 ], [ -67.021448482288974, 49.841877505888036 ], [ -67.089012479534205, 49.847765603263028 ], [ -67.165205874062693, 49.776454906095871 ], [ -67.166005808573033, 49.670075093451132 ], [ -67.235162691882422, 49.594532705462399 ], [ -67.239233516794968, 49.45874320437413 ], [ -67.303002886872918, 49.418638092891214 ], [ -67.309473979530907, 49.388461805559196 ], [ -67.366394804020018, 49.327006791330454 ], [ -67.406737188680097, 49.317865192066286 ], [ -67.594975584657661, 49.321550593781161 ], [ -67.672214297177447, 49.300454990679121 ], [ -67.771550898451295, 49.298187009548428 ], [ -67.822268811461626, 49.269775314142279 ], [ -67.899266377928726, 49.291890406406189 ], [ -68.126995105362411, 49.271257394368845 ], [ -68.144234485926177, 49.203088290329326 ], [ -68.252625089717384, 49.186776495394049 ], [ -68.180713105585568, 49.151116800917016 ], [ -68.192894590239661, 49.098553309814569 ], [ -68.303425880316212, 49.094221799217728 ], [ -68.396739005563404, 49.046474486863382 ], [ -68.460228600127493, 49.04276209294423 ], [ -68.52480419917184, 49.073709309519622 ], [ -68.605932212455556, 49.04150269826777 ], [ -68.635876802373744, 49.004852604570424 ], [ -68.634276088968434, 48.942779192950681 ], [ -68.698628223230941, 48.904320493000583 ], [ -68.785311378236869, 48.892118203839416 ], [ -68.850489889074609, 48.839381999466241 ], [ -68.937789588663719, 48.818198603185685 ], [ -68.979377392201755, 48.770833403153404 ], [ -69.051348409611023, 48.772617807608583 ], [ -69.085183396320332, 48.691870200481716 ], [ -69.085320514933912, 48.636533098648712 ], [ -69.150374400402725, 48.563249503675259 ], [ -69.230510885324463, 48.572965994365383 ], [ -69.2829673903165, 48.511087897425497 ], [ -69.290002106346833, 48.458376501923667 ], [ -69.321514903032551, 48.413697408713524 ], [ -69.403647094285432, 48.353205785562182 ], [ -69.425416619834124, 48.300408700190424 ], [ -69.566060314055036, 48.227002909558394 ], [ -69.759022319554504, 48.062696696738719 ], [ -69.762024505467238, 48.004710500352346 ], [ -69.801499379752315, 47.919040707280992 ], [ -69.867823903632868, 47.858935501496489 ], [ -69.905551707244982, 47.770232207722422 ], [ -69.958086801635986, 47.754283408382172 ], [ -69.979116985051746, 47.715972392999802 ], [ -70.126718297477808, 47.650650104368779 ], [ -70.199343916779682, 47.579523192990486 ], [ -70.203194888260398, 47.523798888624789 ], [ -70.233946892452437, 47.487857289875336 ], [ -70.503432614465396, 47.418514906956446 ], [ -70.501787809171915, 47.378152493511237 ], [ -70.551205298957669, 47.330527798307962 ], [ -70.586303821347045, 47.254754795222851 ], [ -70.715892114060111, 47.10840249388329 ], [ -70.805906496310399, 47.04993969484957 ], [ -70.880232503749951, 47.04087388908237 ], [ -70.950697088075614, 47.0121458005138 ], [ -71.0730847945985, 46.920179792098835 ], [ -71.143723994394236, 46.885051906574276 ], [ -71.241836101036739, 46.77380269693154 ], [ -71.293117218940665, 46.748151595621117 ], [ -71.347121100273924, 46.746604093333993 ], [ -71.610079980530642, 46.697995800801415 ], [ -71.692915601563797, 46.667617096941335 ], [ -71.789018586434992, 46.669588490618594 ], [ -71.84356491091026, 46.692046403180385 ], [ -71.899056201513403, 46.681988693316441 ], [ -71.925210507964323, 46.652525398625677 ], [ -72.047487899596689, 46.585461611717626 ], [ -72.143703212469632, 46.578500788981962 ], [ -72.217548306708579, 46.545443295559977 ], [ -72.262109087458242, 46.457413308312148 ], [ -72.336813121487211, 46.44132809317211 ], [ -72.465356692220226, 46.391900908183331 ], [ -72.577662592032937, 46.303817202260333 ], [ -72.666032992949098, 46.277153291062845 ], [ -72.729466280005539, 46.291355204974913 ], [ -72.900116487720396, 46.237584691320357 ], [ -72.985540216754515, 46.202686602296318 ], [ -72.990922503780638, 46.168493595784305 ], [ -73.068137702471546, 46.151014602634966 ], [ -73.15372060381911, 46.105994710368186 ], [ -73.177400683019911, 46.075724504044942 ], [ -73.191482202995886, 45.989359392923433 ], [ -73.285129309027198, 45.869534711980499 ], [ -73.367195695017742, 45.818551486290445 ], [ -73.473360985984414, 45.712422092301381 ], [ -73.528482714070094, 45.701119996024701 ], [ -73.555168286526325, 45.701659088967183 ], [ -73.595602600110197, 45.691464611269453 ], [ -73.687068306247738, 45.69456370300734 ], [ -73.72769611017408, 45.682270514058416 ], [ -73.84139470582204, 45.582682893022458 ], [ -73.886110214846042, 45.561016495690652 ], [ -73.891957302061272, 45.530510087260637 ], [ -74.053715706850099, 45.458221909141983 ], [ -74.116154916956248, 45.465550802476407 ], [ -74.179314894945307, 45.528298892437675 ], [ -74.300806705918021, 45.522751598005684 ], [ -74.38405536497288, 45.56714922179836 ] ] ] ] } },
{ "type": "Feature", "properties": { "year": "2021", "prov_code": [ "61" ], "prov_name_e": [ "Northwest Territories" ], "prov_area_c": "CAN", "prov_type": "territory / territoire", "prov_name_f": "Territoires du Nord-Ouest" }, "geometry": { "type": "MultiPolygon", "coordinates": [ [ [ [ -109.832962289992793, 75.933934890903544 ], [ -109.832390343544716, 75.86442619036842 ], [ -110.03239942184095, 75.898143098186708 ], [ -109.832962289992793, 75.933934890903544 ] ] ], [ [ [ -130.783317190773317, 69.622797700498481 ], [ -130.676356874888597, 69.569598789345051 ], [ -130.807578204053016, 69.558041995704812 ], [ -130.783317190773317, 69.622797700498481 ] ] ], [ [ [ -130.890373112097507, 69.510778589872359 ], [ -130.810987676295269, 69.418607795309356 ], [ -130.882395180282685, 69.411114708600479 ], [ -130.942916398311581, 69.468889400385777 ], [ -130.890373112097507, 69.510778589872359 ] ] ], [ [ [ -113.829608957899154, 77.15877100432688 ], [ -113.625188836256456, 77.131088787130238 ], [ -113.84293062459875, 77.106143497726563 ], [ -113.829608957899154, 77.15877100432688 ] ] ], [ [ [ -116.723744173380368, 70.56157559875281 ], [ -116.597521085994586, 70.572491989633022 ], [ -116.53520468394899, 70.550925392339011 ], [ -116.321544869431605, 70.533819302505037 ], [ -116.381054469919832, 70.509623193593839 ], [ -116.68381720473495, 70.53936999352068 ], [ -116.723744173380368, 70.56157559875281 ] ] ], [ [ [ -124.310802592156804, 73.648174113250093 ], [ -124.156448448888554, 73.606256794233644 ], [ -124.10087921603396, 73.571258211042533 ], [ -124.34120802448308, 73.569328101807187 ], [ -124.310802592156804, 73.648174113250093 ] ] ], [ [ [ -122.645884629634338, 75.925050491917744 ], [ -122.342785254220317, 75.924323495604241 ], [ -122.324393325343451, 75.863840493016369 ], [ -122.567726316180256, 75.895468589591118 ], [ -122.645884629634338, 75.925050491917744 ] ] ], [ [ [ -128.202926076795194, 70.625391904932584 ], [ -128.108883919045184, 70.593349805599402 ], [ -128.146552225055558, 70.555070605819694 ], [ -128.318580378400696, 70.569381008748877 ], [ -128.271347403606683, 70.637036411815117 ], [ -128.202926076795194, 70.625391904932584 ] ] ], [ [ [ -128.950480004597324, 69.957328306215857 ], [ -128.903922918234286, 69.907425002599226 ], [ -128.971447404611922, 69.887156094320972 ], [ -128.95486257212778, 69.829484890743515 ], [ -129.10030419222079, 69.849649091597726 ], [ -128.950480004597324, 69.957328306215857 ] ] ], [ [ [ -117.231802009006657, 70.592009691526854 ], [ -117.10722549152959, 70.585685389031084 ], [ -116.86685625866555, 70.547560792590005 ], [ -117.157221496602887, 70.534732292546508 ], [ -117.278508964030706, 70.55929520049267 ], [ -117.231802009006657, 70.592009691526854 ] ] ], [ [ [ -112.258398282814468, 70.364134591920319 ], [ -112.197656312234727, 70.36650698551037 ], [ -111.828864389564274, 70.303994194998324 ], [ -111.995574712516586, 70.279613485123917 ], [ -112.257322838691621, 70.336947305389643 ], [ -112.258398282814468, 70.364134591920319 ] ] ], [ [ [ -120.997747405139506, 75.94157319004853 ], [ -120.860881310634682, 75.938332690015784 ], [ -120.870637506923046, 75.855757585546129 ], [ -121.050237711339449, 75.73390839589409 ], [ -121.287779578065795, 75.754667995203036 ], [ -121.237600225147531, 75.783709807616603 ], [ -121.020888219948631, 75.82067789030036 ], [ -120.997747405139506, 75.94157319004853 ] ] ], [ [ [ -109.842602726324586, 72.666630485932814 ], [ -109.843979527418227, 72.540479016515405 ], [ -109.89749781507021, 72.593880805849707 ], [ -110.063911700690213, 72.656442311712965 ], [ -110.233215286431687, 72.642053909216301 ], [ -110.125436216589279, 72.731999101576534 ], [ -109.842602726324586, 72.666630485932814 ] ] ], [ [ [ -109.835335231815279, 76.506777709870349 ], [ -109.83449665243532, 76.246037004879966 ], [ -109.986429445272876, 76.24197219630841 ], [ -110.35447379466693, 76.319912788016836 ], [ -110.381632844006916, 76.431612591281606 ], [ -110.112274458087015, 76.449717111607015 ], [ -109.958788392696064, 76.495619406236415 ], [ -109.835335231815279, 76.506777709870349 ] ] ], [ [ [ -114.619068893519383, 76.867064395530718 ], [ -113.816057223106085, 76.895638292077834 ], [ -113.456917590401687, 76.827787687588966 ], [ -113.483105771415921, 76.7575767961346 ], [ -113.605411291549444, 76.714009904742326 ], [ -113.902871849660272, 76.726537790747017 ], [ -114.095446754344167, 76.717945990705743 ], [ -114.398083344428159, 76.727152599371166 ], [ -114.845888186686267, 76.764048091396162 ], [ -114.813359302097211, 76.820095599168482 ], [ -114.619068893519383, 76.867064395530718 ] ] ], [ [ [ -109.840696620211673, 72.926202910982965 ], [ -109.842178212236789, 72.725071307028543 ], [ -110.134484875110999, 72.769493397808404 ], [ -110.23130812425174, 72.829938784219237 ], [ -110.457406287595049, 72.837147389932383 ], [ -110.681526192937298, 72.925459096868934 ], [ -110.724410977410301, 72.973814602600086 ], [ -110.591511902931089, 73.010616998880153 ], [ -110.391149827365794, 73.012174705159666 ], [ -109.903293895372542, 72.97675350859322 ], [ -109.840696620211673, 72.926202910982965 ] ] ], [ [ [ -114.351348282319265, 78.078299212668426 ], [ -114.34468574038884, 78.037598398134037 ], [ -114.234035398650207, 77.982121088659284 ], [ -114.02463345998278, 77.986696594264359 ], [ -113.996271010641152, 77.927533104280684 ], [ -113.721433643314782, 77.897628005247654 ], [ -113.672005238931021, 77.840084998205668 ], [ -113.551750322958256, 77.827831403468295 ], [ -113.738538713750103, 77.757363588658578 ], [ -113.900694089595902, 77.726235012461729 ], [ -114.287899793263719, 77.709169591625979 ], [ -114.459137170126724, 77.746448415324835 ], [ -114.5621714553359, 77.796797809050133 ], [ -114.742018745772185, 77.828313793673729 ], [ -115.039681993794261, 77.91849219085455 ], [ -115.10606542415745, 77.951848906343315 ], [ -114.817452072864498, 77.980568203169284 ], [ -114.744203403503988, 78.014538701827121 ], [ -114.351348282319265, 78.078299212668426 ] ] ], [ [ [ -117.710564977633524, 76.127676392115831 ], [ -117.445233792706787, 76.096371795551278 ], [ -117.548546557451374, 75.990952503071412 ], [ -117.716457931424387, 75.923283885883563 ], [ -117.877537004071286, 75.828408701597866 ], [ -117.94064098712407, 75.755279894884055 ], [ -118.293962472425079, 75.577923801394974 ], [ -118.522064549538399, 75.529717698951714 ], [ -118.726847908857025, 75.519440388237626 ], [ -118.90680409884888, 75.578335301093531 ], [ -119.212780971857697, 75.576366210525052 ], [ -119.377226182859076, 75.599395208791847 ], [ -119.312237817204661, 75.664659293850278 ], [ -118.946272273689374, 75.768927213947492 ], [ -118.886098741960325, 75.817437695819379 ], [ -118.741041842440879, 75.855359495406759 ], [ -118.708830140002235, 75.892860195125891 ], [ -118.335622558926175, 75.97791050310741 ], [ -118.151753961580795, 75.978056591905187 ], [ -118.109638790743858, 76.025290002387152 ], [ -117.93000410904186, 76.049899390925447 ], [ -117.710564977633524, 76.127676392115831 ] ] ], [ [ [ -109.832379795957735, 78.643750634123251 ], [ -109.831209823580593, 78.301458490088137 ], [ -109.99534999633731, 78.328255200192132 ], [ -110.356682895837608, 78.275273402553481 ], [ -110.826929774069256, 78.321489999359173 ], [ -110.928081612458783, 78.364574807247735 ], [ -111.127494264082046, 78.392182300583769 ], [ -111.296316350471614, 78.388998699148459 ], [ -111.220982478892424, 78.323777807154016 ], [ -111.411947509224433, 78.329362285790026 ], [ -111.41176054349053, 78.277061091608033 ], [ -111.783235214850009, 78.277144799658871 ], [ -111.864201372789893, 78.356963297415533 ], [ -112.022259773637401, 78.388494292143832 ], [ -112.493141641459331, 78.365414288658911 ], [ -112.743936732807256, 78.338114996657197 ], [ -113.176739838748546, 78.270442485841784 ], [ -113.321285185441056, 78.335445394789758 ], [ -113.219525528719629, 78.352486091183067 ], [ -113.20752090238831, 78.409663895200893 ], [ -112.248253002906722, 78.546704885947108 ], [ -111.570705389333142, 78.56052160715663 ], [ -111.366742126724205, 78.595247791333023 ], [ -111.26925384473239, 78.658926193987881 ], [ -111.14674319194836, 78.691237309663251 ], [ -110.414129008329638, 78.765671897940749 ], [ -109.945532265516547, 78.682142005867661 ], [ -109.832379795957735, 78.643750634123251 ] ] ], [ [ [ -109.831166424829505, 78.110780582515375 ], [ -109.831128041413052, 77.936784850516943 ], [ -110.251325705382897, 77.900831292562174 ], [ -110.399916216333111, 77.900578902177813 ], [ -110.907595139523053, 77.867097597851114 ], [ -110.89298891684011, 77.827746095040638 ], [ -110.746232345039971, 77.813992090478891 ], [ -110.65216841899958, 77.767817795753245 ], [ -110.239216954368416, 77.786185095274291 ], [ -110.043078660544168, 77.770025489780963 ], [ -110.109317787940455, 77.683967708490243 ], [ -110.056768526900981, 77.56635628541558 ], [ -110.192763816949153, 77.517019193359602 ], [ -110.487405480094921, 77.470288702271773 ], [ -110.817372237584323, 77.43206648801322 ], [ -111.050885900419487, 77.42162809660158 ], [ -111.20935518449744, 77.439703298520755 ], [ -111.403885243328531, 77.406657997765919 ], [ -112.029495994002332, 77.329110708992559 ], [ -112.459937891013524, 77.382747003595966 ], [ -112.597190454836607, 77.468355408622031 ], [ -112.718782834355551, 77.449914792853079 ], [ -112.91798379959846, 77.46809530423819 ], [ -112.953765425244811, 77.525527009302564 ], [ -113.193055337543257, 77.565021808506415 ], [ -113.05737169444977, 77.628156390471716 ], [ -113.262248891272009, 77.670544711319948 ], [ -113.169211636693532, 77.745695809913343 ], [ -113.291111789649221, 77.76817450616025 ], [ -113.312480856959098, 77.846029793197346 ], [ -113.201895959172276, 77.899042693439057 ], [ -113.065609360115289, 77.90083620484188 ], [ -112.532725265568573, 77.992813002107027 ], [ -112.261593784373261, 77.996507711667562 ], [ -112.055091165347875, 78.025375197767275 ], [ -111.707154747531959, 78.028203793544293 ], [ -111.50670916753495, 78.073765904308473 ], [ -110.99233686922112, 78.098859007388953 ], [ -110.303796487841069, 78.118012991500464 ], [ -109.831166424829505, 78.110780582515375 ] ] ], [ [ [ -118.812277170894617, 77.362951213116318 ], [ -118.086821770318281, 77.359746702965282 ], [ -117.737566330476042, 77.369400403931209 ], [ -117.615942045820063, 77.333392805968373 ], [ -117.430431132699553, 77.331471194737858 ], [ -117.227766939794606, 77.290971507682542 ], [ -116.925919685086058, 77.342867409247944 ], [ -116.835927214424174, 77.320178305299166 ], [ -116.607125486233912, 77.391868707428742 ], [ -116.961339166732586, 77.407468099982538 ], [ -117.055599727657551, 77.44788050029041 ], [ -116.862748055614958, 77.478205506362528 ], [ -116.683984525060254, 77.539807196481917 ], [ -116.424419093313176, 77.560918612748623 ], [ -116.066209922345919, 77.507025491616375 ], [ -116.111509339416031, 77.468043587893902 ], [ -115.858365608603378, 77.445290699108483 ], [ -115.43129448121428, 77.338614413767715 ], [ -115.510218388401057, 77.271752610837581 ], [ -115.78255982673808, 77.256345699883283 ], [ -115.816202120794102, 77.23308371020579 ], [ -116.086885439171908, 77.194946591772776 ], [ -116.271549276909226, 77.203654802012423 ], [ -116.244792929061589, 77.153979191557639 ], [ -116.381491411088447, 77.128749510344932 ], [ -116.241590664861874, 77.044807614353772 ], [ -115.723516572524559, 76.946479315960602 ], [ -115.937327491438822, 76.900093194068916 ], [ -116.255499040916646, 76.950257791840698 ], [ -116.370333369781363, 76.93500600312592 ], [ -116.190850368889201, 76.853545515163916 ], [ -115.987488840541374, 76.829833999010916 ], [ -115.988892537141666, 76.771209008694612 ], [ -115.864029667811309, 76.699981502050633 ], [ -115.974421569174623, 76.688302006650048 ], [ -116.060524923782907, 76.622692806215696 ], [ -116.494270142383854, 76.569243804859582 ], [ -116.77872484964827, 76.574002191332127 ], [ -116.848721418393197, 76.549531908230136 ], [ -117.038353457476376, 76.546756301966496 ], [ -116.910054127929712, 76.387191190691482 ], [ -116.939037567431782, 76.34722139996137 ], [ -117.058408008431073, 76.30824570032506 ], [ -117.307403391800023, 76.258644892063401 ], [ -117.529448668900869, 76.272797599986205 ], [ -117.622457945728627, 76.308281307002787 ], [ -118.009100615342973, 76.411141407904822 ], [ -118.020230836416161, 76.486339901789236 ], [ -117.903962713360031, 76.535169991074028 ], [ -117.953914217113336, 76.569206395087321 ], [ -117.930642430573073, 76.685106583080156 ], [ -117.780312053772732, 76.725011291128254 ], [ -117.737133957636814, 76.793111808027078 ], [ -117.790801857216181, 76.828501702998409 ], [ -117.990164477009714, 76.76065170357748 ], [ -118.251534161254199, 76.78455050503652 ], [ -118.258919037704786, 76.736609498620254 ], [ -118.397706671149649, 76.732655593151748 ], [ -118.449501589402956, 76.678865293797955 ], [ -118.33587254468857, 76.65934179090911 ], [ -118.310095226200474, 76.558679095862942 ], [ -118.397793074986467, 76.559167989104111 ], [ -118.574680004534201, 76.503194489681462 ], [ -118.722318065641204, 76.545523602453713 ], [ -118.89542496724782, 76.535314794945862 ], [ -118.941356440390535, 76.484487608650738 ], [ -118.659569364989963, 76.457345305239159 ], [ -118.537295902686452, 76.336367401190671 ], [ -118.642991528256047, 76.289137191785244 ], [ -118.767147510367224, 76.288123297516265 ], [ -118.927556435221263, 76.253602289674191 ], [ -118.854749940133729, 76.177491397486435 ], [ -119.101314477713615, 76.089153605090203 ], [ -119.292521222706966, 76.138665106749812 ], [ -119.338838500538174, 76.233861889593328 ], [ -119.427264046210979, 76.247743091525692 ], [ -119.462094330600195, 76.317730200201538 ], [ -119.622058045817553, 76.321426898069575 ], [ -119.714253789204619, 76.267319513625154 ], [ -119.548571186377714, 76.195010992971589 ], [ -119.787172202318629, 76.108103797367164 ], [ -119.569607141816292, 76.085959294923796 ], [ -119.467696865678917, 76.011879205942975 ], [ -119.678730496229051, 75.968141501384849 ], [ -119.713253753869409, 75.892499503044945 ], [ -119.914804390625051, 75.850999401332729 ], [ -120.078550541738252, 75.853651306051617 ], [ -120.29549476381429, 75.812656700577065 ], [ -120.480667542509863, 75.835923095270843 ], [ -120.461858325117618, 75.934540087579833 ], [ -120.389387996555286, 75.96899620389155 ], [ -120.712145773165844, 76.031593513140407 ], [ -120.726563776723836, 76.130157392187428 ], [ -120.647958688561957, 76.160273910687508 ], [ -120.83912428911718, 76.185088986838295 ], [ -121.016149361948024, 76.161324390742593 ], [ -121.046402647716036, 76.08412280447773 ], [ -120.932792514734359, 76.010721883705955 ], [ -121.092336976704033, 76.007287904967569 ], [ -121.22584737855334, 75.980877602543245 ], [ -121.291864667315863, 75.908703811022335 ], [ -121.469041395151677, 75.972560996376018 ], [ -121.509266819249206, 76.009212403876219 ], [ -121.908469679232155, 76.059165912733064 ], [ -122.098329466107842, 76.039405903829618 ], [ -122.14647453313674, 75.985579301314587 ], [ -122.367135945971754, 75.930537500180577 ], [ -122.591011299672246, 75.941615709421185 ], [ -122.666821128938153, 76.012775197746819 ], [ -122.507758074128063, 76.056749091347342 ], [ -122.439479290947261, 76.099635595035949 ], [ -122.616581466766448, 76.181795695359753 ], [ -122.791663386231448, 76.144774012187014 ], [ -122.843032721960995, 76.181047904505462 ], [ -122.614939298934573, 76.275859292895831 ], [ -122.6122567730105, 76.334582714399389 ], [ -122.358006446352121, 76.40201219306401 ], [ -121.986528321000407, 76.44958689202862 ], [ -121.836009484936341, 76.426234914057204 ], [ -121.492303903466066, 76.458542886770516 ], [ -121.186290151689477, 76.638827596571033 ], [ -121.075478813643059, 76.676715889890843 ], [ -120.878275292552715, 76.704444490394295 ], [ -120.797848706686807, 76.735658301170417 ], [ -120.588305335396612, 76.749435398023692 ], [ -120.341917767033095, 76.820154589630363 ], [ -120.414369912941495, 76.881669706350792 ], [ -120.153919902320339, 76.931024689132556 ], [ -119.796181743208521, 77.105779998802575 ], [ -119.375939187954501, 77.18979569691686 ], [ -119.214100573246654, 77.313346208896093 ], [ -118.953268899788767, 77.323413305530892 ], [ -118.812277170894617, 77.362951213116318 ] ] ], [ [ [ -109.831345524488285, 75.534159793137363 ], [ -109.830570166424948, 74.875715589499478 ], [ -110.105375807380611, 74.839200292944199 ], [ -110.356515307415478, 74.84616769998631 ], [ -110.409733343706264, 74.804876608175405 ], [ -110.563487825973496, 74.790675501310147 ], [ -110.563549801835435, 74.712506105835431 ], [ -110.76577981203863, 74.682171397062589 ], [ -111.275524521613505, 74.569625407125756 ], [ -111.401287095487874, 74.572194012307392 ], [ -111.679692382189216, 74.500206214361242 ], [ -111.97252519208935, 74.477178308666069 ], [ -112.460234075340963, 74.418518212602223 ], [ -112.909655625050817, 74.40328479103043 ], [ -113.208032195666263, 74.409621211609405 ], [ -113.525410159350969, 74.428066006297598 ], [ -113.75886230861866, 74.466786608993232 ], [ -114.225586762509522, 74.583741001061597 ], [ -114.435697780487374, 74.667453308332085 ], [ -114.43859241134453, 74.696897600247667 ], [ -114.09024362644773, 74.78626878359907 ], [ -113.566435143804753, 74.845004205145841 ], [ -113.349930283489087, 74.8615652137768 ], [ -113.199309575697967, 74.847968296306206 ], [ -113.21391843255158, 74.90588419262734 ], [ -113.061258728456636, 74.952975786541742 ], [ -112.851868440801752, 74.982757992252672 ], [ -112.093644640698159, 75.009670892642177 ], [ -111.682274418088525, 74.992868394354801 ], [ -111.469987198410763, 75.053205497927721 ], [ -111.28812129389722, 75.084926198156822 ], [ -111.258046504191213, 75.128993810798107 ], [ -111.039308853778124, 75.170109504508517 ], [ -111.004262739458781, 75.228682795574528 ], [ -111.166328296731649, 75.264825389483846 ], [ -111.293873729246016, 75.200014991732118 ], [ -111.458531605600513, 75.166575788377912 ], [ -111.543073463644404, 75.176716791962463 ], [ -111.826428057132091, 75.161334798375222 ], [ -111.883881400049276, 75.138961587499068 ], [ -112.058506234544225, 75.148178500987427 ], [ -112.135914986923439, 75.128917307159995 ], [ -112.394812070423768, 75.128338293674219 ], [ -112.423733074661115, 75.184248496565289 ], [ -112.728311405623316, 75.20562490670369 ], [ -112.687938573723144, 75.164161294318475 ], [ -112.768496275217927, 75.125588515391058 ], [ -112.985696895133728, 75.096910488958528 ], [ -113.242972676561379, 75.080197805660632 ], [ -113.531839398123978, 75.078490695635594 ], [ -113.660109503870288, 75.057333092975796 ], [ -113.906309347556416, 75.052734100183457 ], [ -113.95043020270343, 75.075173192046023 ], [ -113.916783631059104, 75.179580095823184 ], [ -113.793896773586269, 75.329197305882872 ], [ -113.38866574835906, 75.412792100244204 ], [ -113.493691021900332, 75.425156211312014 ], [ -113.860080839476424, 75.376326400048555 ], [ -114.033808520727845, 75.475140792112114 ], [ -114.06894823944927, 75.407495391407878 ], [ -114.032558318373503, 75.345766299093825 ], [ -114.139672092352711, 75.235090692043713 ], [ -114.387926393961507, 75.225999288843695 ], [ -114.279113150912877, 75.171718193691689 ], [ -114.419085383227838, 75.073993696310836 ], [ -114.81611210113752, 74.992063498661523 ], [ -115.035021094180749, 74.96362920263762 ], [ -115.179051056946989, 74.996226292702303 ], [ -115.210693337108623, 75.075790707236735 ], [ -115.165968476689798, 75.124500095558986 ], [ -115.279541560614135, 75.134698709446184 ], [ -115.590557515313265, 75.085582296069731 ], [ -115.511320498915993, 75.03306240923024 ], [ -115.673763303218053, 74.970764586962076 ], [ -115.967989489322463, 75.01135231310019 ], [ -116.252705337243682, 75.064895692066017 ], [ -116.301828168412044, 75.124684010697507 ], [ -116.226778398060389, 75.178736406685474 ], [ -116.247379274178854, 75.217256899961313 ], [ -116.454605989236995, 75.180690706125205 ], [ -116.539819892154867, 75.192831088981706 ], [ -116.683957331779425, 75.119096099786503 ], [ -116.981781887930808, 75.152775700860872 ], [ -117.31245520858181, 75.175728902373166 ], [ -117.509551441180918, 75.204835105416535 ], [ -117.665215191466785, 75.250785898399613 ], [ -117.559622796121076, 75.353540387746477 ], [ -117.257332881869814, 75.474424799157973 ], [ -117.022447304287226, 75.48574509315246 ], [ -116.236132362522156, 75.484584206840807 ], [ -115.996530606472973, 75.490727089470226 ], [ -115.58706130347322, 75.589080089750908 ], [ -115.296589453708421, 75.625891100888978 ], [ -115.123317226121713, 75.681235698695346 ], [ -115.658689678568763, 75.65004908899202 ], [ -116.124606088832223, 75.57841731122187 ], [ -116.425281416773515, 75.565163708593275 ], [ -117.144396764994838, 75.581459594230267 ], [ -117.221581744630726, 75.597019504756247 ], [ -117.153350157839, 75.67191290444265 ], [ -116.955994310535914, 75.774240193622148 ], [ -116.809110792339482, 75.804968094777095 ], [ -116.304444034699088, 75.807141096344765 ], [ -115.989731682496767, 75.817105499868205 ], [ -115.798092816064568, 75.83581990234174 ], [ -115.400087826850566, 75.844621488649793 ], [ -115.121123798646266, 75.87052369164968 ], [ -114.918608816536619, 75.867244607602416 ], [ -114.872180999249721, 75.911887591902754 ], [ -115.229198810770214, 75.885984798252892 ], [ -115.769984743351316, 75.894767699911483 ], [ -115.933419794567698, 75.876819796752329 ], [ -116.41867813115482, 75.875926508933091 ], [ -116.725321871280215, 75.900846203202121 ], [ -116.6751851264885, 75.973338209089448 ], [ -116.523806833711973, 75.982804092666143 ], [ -116.676151349284922, 76.068221795319602 ], [ -116.601723701198793, 76.111972594718367 ], [ -116.395931025456392, 76.172308687758004 ], [ -116.086223199596247, 76.205550204441593 ], [ -115.721663312045024, 76.190674911305663 ], [ -115.201850721985579, 76.190605410063284 ], [ -115.161222811805771, 76.227251695552042 ], [ -115.707828319889643, 76.239873909321162 ], [ -115.870207710186278, 76.259969587644321 ], [ -115.873690125070041, 76.360907293339764 ], [ -115.560256127875732, 76.438960492998532 ], [ -114.92915955869347, 76.486941906622533 ], [ -114.888909612803545, 76.512275493562498 ], [ -114.658753608855719, 76.493641397996498 ], [ -114.478711682879819, 76.504165001324779 ], [ -114.168969934174868, 76.477573600987682 ], [ -114.060472282849531, 76.424084293656179 ], [ -114.070253654382569, 76.363165890999255 ], [ -114.178906241477904, 76.343515006394938 ], [ -113.913954130656208, 76.194487901751472 ], [ -113.695738584827211, 76.204037295285744 ], [ -113.430295972409212, 76.23943770528102 ], [ -113.322812771638439, 76.267094109368273 ], [ -113.139860993921133, 76.25472930827604 ], [ -112.997543219073222, 76.271730391541368 ], [ -112.850597398980938, 76.257574589703921 ], [ -112.716464455269985, 76.200238905502118 ], [ -112.404337771791319, 76.181469207578658 ], [ -112.501183194428521, 76.144919509551983 ], [ -112.501341806370746, 76.10457159987773 ], [ -112.390779788666194, 76.042805590826021 ], [ -111.990005729122103, 76.004127387534865 ], [ -111.766706213462527, 75.952555001096101 ], [ -111.731783551147814, 75.901833398135736 ], [ -111.981505591805117, 75.889381901480235 ], [ -112.170382312820436, 75.849902599907651 ], [ -111.924837705768695, 75.806825388017316 ], [ -111.776005815493647, 75.838593811621507 ], [ -111.430554629169393, 75.823795687984514 ], [ -111.312465057093007, 75.715347005108839 ], [ -111.394206759250125, 75.682140308556384 ], [ -111.399450654381553, 75.61537359483377 ], [ -111.326483296077427, 75.559150603483417 ], [ -110.976388885919633, 75.529281406738221 ], [ -110.707466699299545, 75.57383989666873 ], [ -110.445956703201873, 75.577065199067178 ], [ -110.389999438063924, 75.542944099104389 ], [ -109.980521267040871, 75.546297313755204 ], [ -109.831345524488285, 75.534159793137363 ] ] ], [ [ [ -124.723473193634803, 74.352707187003773 ], [ -124.074599010372424, 74.404561904013676 ], [ -123.483694021035475, 74.426183004313586 ], [ -123.236156611839519, 74.450412712388157 ], [ -122.863048094217248, 74.463087893998662 ], [ -122.518552305730196, 74.464869605006683 ], [ -122.173990300297262, 74.489461795559748 ], [ -121.742540167150509, 74.551578102836473 ], [ -121.561133352090707, 74.560151301224792 ], [ -121.118250889626509, 74.526268992309511 ], [ -120.935893105789603, 74.428590607158171 ], [ -120.633265071557247, 74.368624193539418 ], [ -120.094478105643859, 74.275955703928105 ], [ -119.678106502761068, 74.241911893531253 ], [ -119.624606214962242, 74.215929911468606 ], [ -119.707733198040131, 74.153101986440817 ], [ -119.614369277032026, 74.138828911312089 ], [ -119.450464974522518, 74.229974689187571 ], [ -119.103633876246732, 74.208385589923822 ], [ -119.055936799079021, 74.082573394024436 ], [ -119.117291848472064, 74.073144999432344 ], [ -119.170620156922482, 73.993674404080778 ], [ -118.962636518492587, 74.006265696557762 ], [ -118.806705938216268, 74.081898798948913 ], [ -118.782669759130897, 74.138780295173774 ], [ -118.871504589358963, 74.162641602531792 ], [ -118.769172492617784, 74.210616395952854 ], [ -118.16815348774584, 74.279221287870584 ], [ -118.055416690093679, 74.281605387667781 ], [ -117.621860839827306, 74.251624197685231 ], [ -117.385829413079264, 74.224610895780017 ], [ -117.202559103427561, 74.184347611110056 ], [ -116.706270415662317, 74.027048389605866 ], [ -116.275335484493866, 73.867206196301282 ], [ -115.733499174049811, 73.675873614269364 ], [ -115.60566913257955, 73.645113498173572 ], [ -115.320503394812789, 73.538906407263511 ], [ -115.292203816137587, 73.48291660268093 ], [ -115.414021648238631, 73.460010705671664 ], [ -115.633956431160343, 73.382819602453424 ], [ -115.804309385284668, 73.341846105355202 ], [ -116.204468839821502, 73.295622504301221 ], [ -116.653801915841242, 73.222349301793471 ], [ -116.729875119477512, 73.189156597948013 ], [ -116.989793282410417, 73.123817507582672 ], [ -117.211844026441725, 73.086450290858906 ], [ -117.222774286074284, 73.065056496611405 ], [ -117.446103463709349, 73.053033690108379 ], [ -117.649338634130942, 72.990473199879276 ], [ -118.002280917158203, 72.898792507853827 ], [ -118.185459935560061, 72.868488609316913 ], [ -118.454747523248955, 72.801088598139287 ], [ -118.52331507815606, 72.758736002290362 ], [ -118.711792045908965, 72.74811279622314 ], [ -119.154494086516323, 72.625875187858952 ], [ -119.159466080956307, 72.545692410716057 ], [ -119.23316120819004, 72.514644595711502 ], [ -119.312789479040504, 72.380423906203077 ], [ -119.438127825932497, 72.324738989247166 ], [ -119.650303086973707, 72.282270305812432 ], [ -119.776542001784492, 72.228712909421148 ], [ -120.118320384196551, 72.239049301051963 ], [ -120.189806579655524, 72.227014288790826 ], [ -120.125912070376486, 72.162271197593853 ], [ -120.168294961613938, 72.091198290294841 ], [ -120.241320129575925, 72.044429500982005 ], [ -120.41356887514975, 71.971290101313727 ], [ -120.44769670226809, 71.936021995230945 ], [ -120.387765906678368, 71.893047184339977 ], [ -120.445224123105689, 71.742994195443998 ], [ -120.369558835673558, 71.699383901402342 ], [ -120.467337233376725, 71.567564300434967 ], [ -120.65495131071107, 71.48930231003888 ], [ -121.312156300242819, 71.383015013655822 ], [ -121.400928391788625, 71.382336904353849 ], [ -121.585892402289559, 71.472595995892732 ], [ -121.836577999181685, 71.492105906663468 ], [ -121.753254214957281, 71.450116196376527 ], [ -121.899026136948564, 71.399383404911077 ], [ -122.015577907402843, 71.312359504173955 ], [ -122.238309423879755, 71.25158248800814 ], [ -122.508000355356188, 71.2099447986553 ], [ -122.668650469258921, 71.155366407907167 ], [ -122.780745008891572, 71.088154684912894 ], [ -123.099502216118168, 71.078948501968782 ], [ -123.327975537216432, 71.166073501282014 ], [ -123.432212937152471, 71.222956907512881 ], [ -123.543764120333989, 71.401639801774721 ], [ -123.627275375429136, 71.497998598705564 ], [ -123.81066631440477, 71.534946407238522 ], [ -123.846153685069481, 71.587550004809771 ], [ -123.969644519171283, 71.669079107760297 ], [ -124.182643507851552, 71.735118390822365 ], [ -124.367657635961876, 71.769036796296845 ], [ -124.614805486903023, 71.794815709382576 ], [ -125.140908187709798, 71.921548294400054 ], [ -125.274215276172868, 71.985368299912238 ], [ -125.74964127161094, 71.957489489475904 ], [ -125.755424615597491, 72.003574109421848 ], [ -125.692916611173672, 72.085898608791851 ], [ -125.754033424832954, 72.142408687449333 ], [ -125.642163201823138, 72.185369909272339 ], [ -125.67910139034619, 72.233858990779567 ], [ -125.484341256744258, 72.276504398057099 ], [ -125.502486013941223, 72.338369412041743 ], [ -125.410261149637151, 72.380691997846554 ], [ -125.317214898218225, 72.478410305036746 ], [ -125.021901030848625, 72.570251001440965 ], [ -124.962900359064065, 72.609358202932654 ], [ -125.100907451207249, 72.637425799185053 ], [ -124.952072000043842, 72.686024710771051 ], [ -125.008704654750559, 72.724125692465961 ], [ -124.964822247061434, 72.760440505663382 ], [ -125.03209092093482, 72.834466504917799 ], [ -125.129287810426078, 72.859871896539232 ], [ -124.760365992476864, 72.897509605627931 ], [ -124.592598023403795, 72.904561805739149 ], [ -124.463028259809718, 72.94341809592828 ], [ -124.546463326628881, 72.999443503376199 ], [ -124.81823914255699, 73.046799103371967 ], [ -124.866424433420207, 73.086177590751959 ], [ -124.760671465336756, 73.164813505241511 ], [ -124.541583000160458, 73.249735908866754 ], [ -124.550611318375516, 73.287898000702157 ], [ -124.406907290584996, 73.425776401867523 ], [ -124.288284733025549, 73.49428810543796 ], [ -124.11492987869093, 73.507395306921367 ], [ -124.057397394482621, 73.530955696530455 ], [ -124.052129972944385, 73.667854011901497 ], [ -123.882324924356595, 73.706178997398965 ], [ -123.76815779884798, 73.769665896284607 ], [ -123.823849662750931, 73.826955604194097 ], [ -123.95820058627325, 73.854971116353781 ], [ -124.1936324120081, 73.880726998884526 ], [ -124.181549501930476, 73.93212910259399 ], [ -124.355892832847289, 74.027698207353751 ], [ -124.356277144843872, 74.062208804544156 ], [ -124.462107674121668, 74.108305505928797 ], [ -124.392479675073389, 74.149211505056769 ], [ -124.527142052746683, 74.220583502712614 ], [ -124.554497132981126, 74.279941803019923 ], [ -124.691356289564993, 74.289177786677172 ], [ -124.723473193634803, 74.352707187003773 ] ] ], [ [ [ -109.845342464143215, 72.444156597737532 ], [ -109.846798596541149, 72.078383147706589 ], [ -109.851917605202658, 71.452289260074139 ], [ -109.855965914131929, 70.8814099310204 ], [ -109.858019915536445, 70.529826610550245 ], [ -109.861798913135246, 69.998054209471974 ], [ -111.998859494139325, 70.001109704569757 ], [ -112.510817218663689, 70.00168575961338 ], [ -112.518087701704971, 69.847602230179533 ], [ -112.81834730953365, 69.84728348149298 ], [ -112.825126966212054, 70.002545160200199 ], [ -113.84408787068277, 70.000136791025255 ], [ -114.500124415957771, 69.99995765236703 ], [ -116.354096854561831, 69.999284124606405 ], [ -117.02283567333275, 70.000251830254626 ], [ -117.013536778051943, 69.956578301820372 ], [ -116.924157321993093, 69.879893046041062 ], [ -116.755195101844436, 69.78644463953286 ], [ -116.465587274369085, 69.702799437853969 ], [ -116.989964062310051, 69.692490595560557 ], [ -117.140112288910586, 69.725811000597744 ], [ -117.259277517027201, 69.790982087379874 ], [ -117.339905421316786, 69.9362307048209 ], [ -117.390217867602516, 69.976862499609723 ], [ -117.360450925724123, 70.03993339442664 ], [ -116.982311228491554, 70.122436192689435 ], [ -116.156303173806307, 70.213592799557702 ], [ -115.515795104998688, 70.254785008116855 ], [ -115.102554284306791, 70.28790029298807 ], [ -114.89222617465505, 70.287436109921444 ], [ -114.513318963935461, 70.322799893468385 ], [ -114.322075314170561, 70.327083294200847 ], [ -114.128945985648642, 70.3167663882965 ], [ -114.013425700911384, 70.288018288794632 ], [ -113.628085114562182, 70.268532100281661 ], [ -113.488551493178633, 70.281429905690345 ], [ -113.253392358419148, 70.282827393528379 ], [ -113.005564576502138, 70.239611608104184 ], [ -112.788888777325965, 70.236262914999315 ], [ -112.753744911269564, 70.219557286854069 ], [ -112.522565113993608, 70.199191710898276 ], [ -112.506007079132615, 70.234006114893305 ], [ -112.327421761716721, 70.230972992483188 ], [ -112.265671144755729, 70.274112405442452 ], [ -112.117732904479638, 70.286875495449152 ], [ -111.971227201219889, 70.269438305634651 ], [ -111.822138734242316, 70.284261900941743 ], [ -111.65811832822304, 70.273438988395753 ], [ -111.48212018311736, 70.287987501168317 ], [ -111.493413032737763, 70.35690389375074 ], [ -111.638456515378564, 70.36884718944026 ], [ -111.836921688927234, 70.364106287651595 ], [ -111.979847905738495, 70.388147497814316 ], [ -112.07678780859149, 70.493804387822408 ], [ -112.157557361916034, 70.513845194628601 ], [ -112.435268183965746, 70.541326492213358 ], [ -112.538692673465931, 70.528839912637906 ], [ -112.638795202244893, 70.563070799511053 ], [ -112.935487859145042, 70.581742896786352 ], [ -113.058647879227394, 70.60083260771593 ], [ -113.165253312165916, 70.64363470743109 ], [ -113.442053274690991, 70.683108502242732 ], [ -113.569509005684509, 70.648398287789078 ], [ -113.725416919473901, 70.698934399862296 ], [ -113.967820891347202, 70.720691899302778 ], [ -114.130351682631598, 70.676647395627739 ], [ -114.327190871547685, 70.68766071146446 ], [ -114.507261968083924, 70.642634095818195 ], [ -114.742116484853511, 70.622785907458223 ], [ -114.786713783504212, 70.6383641098532 ], [ -114.946188391765517, 70.610111800712616 ], [ -115.271904682495276, 70.600753788640247 ], [ -115.363097796182984, 70.612504688611153 ], [ -115.650254088438061, 70.594750491088249 ], [ -115.68068370224772, 70.609155305915934 ], [ -115.920469033760838, 70.596319792161623 ], [ -116.039537869544517, 70.573304605786902 ], [ -116.171775938597705, 70.592446305180417 ], [ -116.22895417209125, 70.634170090913685 ], [ -116.346550871249349, 70.641329702007212 ], [ -116.73079687829204, 70.605598488841849 ], [ -116.939888131779909, 70.619195195692924 ], [ -117.330822443458118, 70.627409400524968 ], [ -117.509138887116407, 70.602089413349603 ], [ -117.70489053152896, 70.653041598305791 ], [ -117.686939096387334, 70.708809901055474 ], [ -118.045633682393742, 70.800253101866844 ], [ -118.247223098153597, 70.877582711362734 ], [ -118.410722810010327, 70.999355984766268 ], [ -118.326445984819273, 71.046381806300886 ], [ -118.0545162283168, 71.115990796104754 ], [ -117.811441319898677, 71.167952490677422 ], [ -117.560829824164401, 71.183120505337186 ], [ -117.232066017938038, 71.218244995910752 ], [ -117.051050589231821, 71.245509991807026 ], [ -116.828252664623051, 71.253566605443638 ], [ -116.817310187972566, 71.280788788546644 ], [ -116.239521779914199, 71.370127614944977 ], [ -116.070860906915016, 71.361030596685268 ], [ -115.736722021625241, 71.37088928741916 ], [ -115.698216974468409, 71.394334798891308 ], [ -116.04305501690213, 71.416603185084909 ], [ -115.953049166987782, 71.470889997302592 ], [ -115.783589304844455, 71.492842812162479 ], [ -115.466430588716236, 71.501206087473719 ], [ -115.629886086032087, 71.564624504726964 ], [ -116.170721907578653, 71.500743597644416 ], [ -116.293448167065748, 71.509665505962502 ], [ -116.548016118126142, 71.474675089934522 ], [ -116.684108629412023, 71.471272103985328 ], [ -116.809858331750632, 71.438596402759373 ], [ -117.01552118489343, 71.441633512211084 ], [ -117.177372719952501, 71.406889104900443 ], [ -117.396680354499964, 71.391708198425945 ], [ -117.38816818098779, 71.457066516006819 ], [ -117.492540687299865, 71.493721999526116 ], [ -117.640287425550838, 71.47469649672027 ], [ -117.473971185967486, 71.439620311434453 ], [ -117.513387479856817, 71.38335590607312 ], [ -117.816615073246638, 71.389007309116067 ], [ -117.995640870747607, 71.377726893345198 ], [ -118.236225439206876, 71.395110996032017 ], [ -118.306781374347779, 71.472999903297847 ], [ -118.207267384732347, 71.520538811409509 ], [ -118.056639065103184, 71.552490690615429 ], [ -117.763717937840298, 71.532626799678141 ], [ -117.780724829895348, 71.6035045991716 ], [ -118.040499340916398, 71.678333198925301 ], [ -118.327876186954512, 71.582697903738421 ], [ -118.487692790253831, 71.660180891088572 ], [ -118.853756718400973, 71.662307890537335 ], [ -118.897632674134272, 71.593540611801231 ], [ -119.076584934670421, 71.671236604124417 ], [ -119.121224560672147, 71.763551695475314 ], [ -119.114215243198643, 71.850409702664066 ], [ -119.053921913847915, 71.918839394664943 ], [ -118.861605632187377, 72.020071892558676 ], [ -118.709527829656849, 72.061816298331493 ], [ -118.583214399854867, 72.16881230286684 ], [ -118.083995070402423, 72.243279508215409 ], [ -118.078331993889947, 72.303382814817738 ], [ -118.170273825781365, 72.353726808640332 ], [ -118.454351274319919, 72.358298804488129 ], [ -118.54341323351295, 72.395022408594386 ], [ -118.545039398553854, 72.46446439867384 ], [ -118.496041206180578, 72.508888084334799 ], [ -118.251453982598434, 72.595512299840394 ], [ -118.166044981681821, 72.641875799981165 ], [ -117.998810263705977, 72.687023791256379 ], [ -117.834040594293626, 72.712840710517639 ], [ -117.614853135636523, 72.781895295384587 ], [ -117.418718204036537, 72.888888590807582 ], [ -117.320960922362232, 72.925115209086499 ], [ -117.149777788213044, 72.940004089092369 ], [ -116.801366187334736, 72.986355498263819 ], [ -116.553413682059812, 73.059288792808886 ], [ -116.447965950376073, 73.060680404620541 ], [ -116.143519869394922, 73.126920502709609 ], [ -116.079127572498194, 73.124504109744024 ], [ -115.732193616943732, 73.186077394194896 ], [ -115.405693904665711, 73.225622994054604 ], [ -115.243532949514901, 73.27571770577164 ], [ -114.87676781789466, 73.319894607276865 ], [ -114.710494672526565, 73.375296200026042 ], [ -114.46971562748395, 73.375819800116972 ], [ -114.200575256412066, 73.325629298150162 ], [ -114.018450895632355, 73.230662289974717 ], [ -113.942723434695651, 73.157486691082696 ], [ -113.943546845471829, 73.030835905871697 ], [ -114.015321571537356, 73.003544192874912 ], [ -113.990457973336859, 72.935195492825073 ], [ -114.011781815323133, 72.869443401648851 ], [ -113.939753692562448, 72.829454596107951 ], [ -114.001700696371003, 72.809035997791113 ], [ -114.227914499215231, 72.799114591834865 ], [ -114.362761323904692, 72.740645710571982 ], [ -114.291530137089765, 72.682616794532393 ], [ -114.45199833795705, 72.632318904572827 ], [ -114.58691806116282, 72.61079459503614 ], [ -114.514859232398678, 72.572633489291235 ], [ -114.362691183494576, 72.55726809438822 ], [ -114.059717486781182, 72.65026928883529 ], [ -113.806844297238356, 72.647590699312431 ], [ -113.509912079305778, 72.702634815354571 ], [ -113.409886989455771, 72.748916795134022 ], [ -113.605230319468291, 72.775632003383379 ], [ -113.446778410832081, 72.856960102812039 ], [ -113.360333107254647, 72.928156696687282 ], [ -113.230321422797843, 72.989464192419845 ], [ -113.004808428050097, 73.01221078571163 ], [ -112.628230796051099, 72.975282911032451 ], [ -112.366258872040007, 72.917933612865909 ], [ -112.197090585931804, 72.895291604270469 ], [ -112.022263893728123, 72.892771091856574 ], [ -111.81470910163803, 72.838119911477861 ], [ -111.551526607391637, 72.80643160329663 ], [ -111.307125621299491, 72.747918803260092 ], [ -111.179675203132192, 72.666221199295308 ], [ -111.24818674734226, 72.567027906106048 ], [ -111.470684729951387, 72.504133501262118 ], [ -111.489992732386881, 72.445452889773264 ], [ -111.725680995829038, 72.402019999892957 ], [ -111.861957710388694, 72.335770494441817 ], [ -111.703460919937342, 72.336594694768593 ], [ -111.313396263334198, 72.456480802942522 ], [ -111.276141620393858, 72.389629408939086 ], [ -111.075515683542648, 72.337511510928621 ], [ -111.074294374869638, 72.394452790234112 ], [ -110.941931278082563, 72.448679014066883 ], [ -110.931183189400386, 72.489308398497101 ], [ -110.818052037495491, 72.509148204958393 ], [ -110.734318568972739, 72.563913605241225 ], [ -110.622645624393314, 72.575452887317653 ], [ -110.409953797977138, 72.51983619143931 ], [ -110.367819814466898, 72.559624091668567 ], [ -110.18712016797636, 72.513568409307936 ], [ -110.096094003200037, 72.463001400416857 ], [ -109.845342464143215, 72.444156597737532 ] ] ], [ [ [ -120.724770381667724, 69.573831618423696 ], [ -120.605537806733253, 68.623361947700545 ], [ -120.590719441229851, 68.2491045811215 ], [ -120.630782444334571, 67.779957582554744 ], [ -119.333407163262365, 67.411290890229665 ], [ -118.5941905867288, 67.198864277829244 ], [ -117.065450630254603, 66.929179315888092 ], [ -117.038419200755897, 66.920159481397732 ], [ -114.313759887143647, 66.054722633748298 ], [ -112.58339481084262, 65.447065048575041 ], [ -111.600463651855634, 65.449058595791627 ], [ -110.538417414739868, 65.445820749807581 ], [ -109.442761011447573, 64.999616845014501 ], [ -109.024884244363164, 64.831448857788487 ], [ -108.837894447248971, 64.732129669115125 ], [ -106.583120648034509, 64.592880940919699 ], [ -104.875001269364404, 64.465982479490478 ], [ -104.474096040000305, 64.431060697019902 ], [ -101.999999996922753, 64.189050588033396 ], [ -101.999999975770876, 60.406250006363081 ], [ -102.000000012738653, 59.99999999727239 ], [ -102.749999978760854, 60.000000003904802 ], [ -103.250000006758427, 59.999999996365105 ], [ -104.00000001764279, 59.999999985418548 ], [ -104.999999982721448, 59.999999991445499 ], [ -105.500000010345772, 59.999999999639115 ], [ -106.499999978584128, 60.000000004712483 ], [ -107.250000020001409, 59.999999986500242 ], [ -108.000000015849508, 59.999999990321527 ], [ -108.750000012619253, 59.999999994797356 ], [ -109.500000019881838, 59.999999998730303 ], [ -110.000000017964965, 59.999999998488008 ], [ -110.749999988030496, 59.999999992350901 ], [ -111.249999997168942, 59.99999999724939 ], [ -112.250000023160098, 59.999999995909356 ], [ -112.749999994503113, 59.999999990263248 ], [ -113.750000012844126, 59.999999989716777 ], [ -114.49999999009431, 59.999999991567684 ], [ -115.499999982260604, 59.99999999164492 ], [ -115.999999977380583, 59.999999997094925 ], [ -117.000000015820603, 59.999999992749935 ], [ -117.99999999643957, 59.999999988207129 ], [ -118.750000019279412, 59.999999994719296 ], [ -119.499999986186822, 59.999999991862303 ], [ -119.999999983229145, 59.999999999353555 ], [ -121.000000023789411, 59.999999996671953 ], [ -121.749999977462878, 59.999999990159665 ], [ -122.500000011406541, 59.999999996025238 ], [ -122.999999992991661, 60.00000000727367 ], [ -123.789324835560777, 60.000032619721388 ], [ -124.00052694335622, 60.109197587002797 ], [ -124.029960778253468, 60.148158305102712 ], [ -124.123828515056587, 60.206001409540988 ], [ -124.214467810826577, 60.364572055362935 ], [ -124.197862516522207, 60.445915703935825 ], [ -124.389145992152407, 60.45845880799385 ], [ -124.393773259783913, 60.518900784326924 ], [ -124.447194651741725, 60.572809314786525 ], [ -124.571065574803498, 60.641415429124613 ], [ -124.599452651031498, 60.687867621552854 ], [ -124.491783059677246, 60.728397589322171 ], [ -124.449216613871471, 60.764682616124141 ], [ -124.496253981406156, 60.802502616493541 ], [ -124.539382164578427, 60.938606893615713 ], [ -124.633227176813335, 60.92679898845099 ], [ -124.766154115642905, 60.958063531189204 ], [ -124.83743028771454, 60.899313222377977 ], [ -124.825797717794387, 60.837046968855937 ], [ -124.967497429400467, 60.849241408456088 ], [ -125.147881625409326, 60.832508586773905 ], [ -125.264067260158669, 60.768347961731429 ], [ -125.374912309015883, 60.766383927312489 ], [ -125.533793719572415, 60.812355198193615 ], [ -125.669639231253413, 60.803108984231827 ], [ -125.832224755925864, 60.881287565389805 ], [ -125.920818279552876, 60.848597623792088 ], [ -125.966803125288692, 60.789242671323379 ], [ -126.056561310072894, 60.795245446126962 ], [ -126.063350617643593, 60.851368032979231 ], [ -126.210654161780511, 60.834433284314819 ], [ -126.197926147769209, 60.78223547309279 ], [ -126.283499844004425, 60.758828433892752 ], [ -126.387089026201622, 60.765548975025091 ], [ -126.486370111840856, 60.800148662407402 ], [ -126.639041204056227, 60.730789378512839 ], [ -126.69265357796175, 60.769031797315016 ], [ -126.812747300260995, 60.758561541516364 ], [ -126.845142926524147, 60.774978499546506 ], [ -126.82524651244664, 60.831495625550886 ], [ -126.85636972912846, 60.87032991079549 ], [ -126.853586480731607, 60.931631368152424 ], [ -126.906827249641395, 61.007140350359265 ], [ -126.966123652125788, 61.050067645270921 ], [ -127.042334307053679, 61.030943733533498 ], [ -127.072434800055206, 61.066597131847914 ], [ -127.01209917480999, 61.137667484522566 ], [ -126.960740113468844, 61.167928612530837 ], [ -127.033401435087299, 61.322409478939626 ], [ -127.090756335935893, 61.368085347509194 ], [ -127.102956202173132, 61.458150429149285 ], [ -127.191701957052061, 61.461136795768105 ], [ -127.237836279389271, 61.500177760573024 ], [ -127.469189996486406, 61.485154941235507 ], [ -127.622722417764166, 61.532228032710499 ], [ -127.668550330971556, 61.582552405907833 ], [ -127.766805446839413, 61.594138780572592 ], [ -127.881851533805417, 61.667558353157119 ], [ -128.047459975483662, 61.728720358143882 ], [ -127.985996826452009, 61.791578076154124 ], [ -128.020653267982084, 61.823539028162649 ], [ -128.149643490459141, 61.837855016561349 ], [ -128.248577134475596, 61.937032406354859 ], [ -128.350097230809268, 61.973509054902713 ], [ -128.34793921799357, 62.014836214213929 ], [ -128.549640394244335, 62.116250194418726 ], [ -128.669031639264801, 62.1090782083185 ], [ -128.730360164777437, 62.043142513917118 ], [ -128.809039055375393, 62.048335575648309 ], [ -128.8197954622716, 62.087471983983129 ], [ -128.920547798508125, 62.095490833804462 ], [ -128.944664795170581, 62.119084203108152 ], [ -129.128868322435409, 62.099457004871709 ], [ -129.199786981700015, 62.139443424683421 ], [ -129.163325751484024, 62.203971336922464 ], [ -129.269670353197085, 62.257982511772283 ], [ -129.256281985560463, 62.327955080944726 ], [ -129.189498383486978, 62.361555349869505 ], [ -129.284855967523441, 62.399721513979088 ], [ -129.17408089295526, 62.445005245550753 ], [ -129.212470150813061, 62.504507385655209 ], [ -129.324273780130397, 62.524604170471953 ], [ -129.386953293081746, 62.571304532139621 ], [ -129.439348090320806, 62.577937828554695 ], [ -129.566695690686373, 62.681179500322607 ], [ -129.665256919797855, 62.814203446208424 ], [ -129.743257547640241, 62.838368825298893 ], [ -129.750034401188259, 62.881064379961899 ], [ -129.675225382813778, 62.926455122864361 ], [ -129.588583658102579, 63.042165233231316 ], [ -129.613208522932524, 63.073047939635764 ], [ -129.740713352945221, 63.060512148676324 ], [ -129.813495939685396, 63.103673219842022 ], [ -129.910485527057546, 63.192100874951755 ], [ -129.987583810065246, 63.198898042977682 ], [ -130.013893945687329, 63.236448660570794 ], [ -130.130001654765522, 63.266816469060139 ], [ -130.057976212643666, 63.304158260385833 ], [ -129.866220016202874, 63.367073573644284 ], [ -129.908527149557841, 63.417636887039905 ], [ -129.874322805646784, 63.457481217890638 ], [ -129.784928019594929, 63.44596953958672 ], [ -129.897371790014176, 63.552860691605645 ], [ -129.960327510187398, 63.565757612373595 ], [ -129.962460774537618, 63.609801188325655 ], [ -130.081363682345625, 63.608026139564942 ], [ -130.106187809423233, 63.688480768210844 ], [ -130.268635408333353, 63.644783938298914 ], [ -130.339667004452764, 63.690882766418639 ], [ -130.101228527710703, 63.75417928323963 ], [ -130.137662463040698, 63.79929407280332 ], [ -130.144234702368863, 63.861424208966199 ], [ -130.339362557787979, 63.813278092946732 ], [ -130.442895052776322, 63.891143226938858 ], [ -130.630581127231267, 63.947636392173443 ], [ -130.775702577943406, 63.97625081680917 ], [ -130.808982692347541, 64.040451703027088 ], [ -130.955416684517701, 64.113324608000482 ], [ -130.859059454905861, 64.171961246000905 ], [ -130.94396511321014, 64.185781653610007 ], [ -130.982648254479329, 64.250740446572735 ], [ -131.073707979175879, 64.272870388450755 ], [ -131.026617291612354, 64.304697222319135 ], [ -131.068174454696475, 64.361319169179623 ], [ -131.147351740239856, 64.403791861070076 ], [ -131.295525121076196, 64.446784770875766 ], [ -131.38048897787553, 64.435682923216802 ], [ -131.451031608484385, 64.391864272948396 ], [ -131.676324937102663, 64.377195418236781 ], [ -131.858310474502531, 64.381272372435774 ], [ -131.824854644017023, 64.424699746001494 ], [ -131.67603786713309, 64.485509119851486 ], [ -131.684646179050759, 64.521371235664787 ], [ -131.855372257391082, 64.537824956035763 ], [ -131.938096047658689, 64.590343069656299 ], [ -132.037715788822823, 64.696423102517656 ], [ -132.124261477623975, 64.703741658530561 ], [ -132.356964199766196, 64.783168013155716 ], [ -132.4642397606695, 64.788694096842065 ], [ -132.546027571700478, 64.770245899517931 ], [ -132.586896599948744, 64.834589221634275 ], [ -132.462292296220738, 64.901570451999831 ], [ -132.490318728261798, 64.962403384717163 ], [ -132.414188741352149, 64.984382691686292 ], [ -132.336100219754883, 65.060719683391326 ], [ -132.542742072377848, 65.089901095300448 ], [ -132.509337147021171, 65.173512122253982 ], [ -132.656710342186074, 65.140809057211783 ], [ -132.772721218843742, 65.183043278266638 ], [ -132.747897169524492, 65.227366897720685 ], [ -132.657004714194301, 65.278130466800505 ], [ -132.5664242789274, 65.284043474516338 ], [ -132.537148178826186, 65.350464376624089 ], [ -132.37643655581968, 65.402358992133443 ], [ -132.27537032759713, 65.457700749720104 ], [ -132.283368513328327, 65.500553320137328 ], [ -132.168321256713085, 65.602427313037282 ], [ -132.313460959765166, 65.73985755033587 ], [ -132.414387790624971, 65.788776133999946 ], [ -132.563679587438571, 65.830170194634249 ], [ -132.596368963870447, 65.856704130315137 ], [ -132.53086336481789, 65.905896623770104 ], [ -132.350122258316532, 65.952316431947281 ], [ -132.377888326701481, 65.989040254912084 ], [ -132.494541860842759, 65.971988776076032 ], [ -132.540444285038149, 66.015024645568985 ], [ -132.65659687344035, 66.015831568391292 ], [ -132.799338051174686, 65.950514577154763 ], [ -132.83718650491744, 65.900367125284831 ], [ -132.909215971411868, 65.884044082546467 ], [ -133.021484828865084, 65.91881242158405 ], [ -132.912263515062932, 66.001543630197602 ], [ -132.921147507998597, 66.020421575802459 ], [ -133.128070230008433, 66.03093969958924 ], [ -133.268578847312881, 65.995846644789651 ], [ -133.405185185682768, 65.938858503980242 ], [ -133.658330879312558, 65.959680989341763 ], [ -133.598556208906302, 66.056515300723376 ], [ -133.690705924764416, 66.071173285077492 ], [ -133.657854175061715, 66.121805538809554 ], [ -133.54891425072222, 66.169986804576467 ], [ -133.553533961437068, 66.257008916145296 ], [ -133.626228241543799, 66.298617071771247 ], [ -133.78575988043508, 66.295380237854644 ], [ -133.835423560243925, 66.317217725221283 ], [ -133.768069494131282, 66.366183517104332 ], [ -133.734190840943597, 66.440356616769463 ], [ -133.609827329290823, 66.436065246561199 ], [ -133.693442359533947, 66.503485495640774 ], [ -133.588187400610963, 66.549978971099435 ], [ -133.793368468769074, 66.649443200458208 ], [ -133.748066570153668, 66.678963612068955 ], [ -133.846330128753863, 66.722796296871124 ], [ -133.759663914346532, 66.801026958388235 ], [ -133.943290134939303, 66.905262959356904 ], [ -134.117847032308447, 66.956917485502146 ], [ -134.014209639551865, 66.985841036801531 ], [ -134.57500000582931, 66.99999998327209 ], [ -135.512500013556377, 66.99999998735737 ], [ -136.164413575546519, 67.000000059308832 ], [ -136.232449549580565, 67.106696674578515 ], [ -136.19152465734976, 67.143903836092335 ], [ -136.235096074778511, 67.172542379031583 ], [ -136.137496071928155, 67.232634157913466 ], [ -136.08655748152276, 67.300706148910351 ], [ -136.140034340322131, 67.366441189197701 ], [ -136.222053607336079, 67.40547162015072 ], [ -136.178667688639166, 67.457729566032199 ], [ -136.218714875283041, 67.513403073699365 ], [ -136.199979759935246, 67.561662094287271 ], [ -136.289893115875287, 67.634233375086183 ], [ -136.448772699825355, 67.649471458619217 ], [ -136.458349032347542, 67.812912039257583 ], [ -136.465323506633638, 68.303473674773059 ], [ -136.46860294286418, 68.869531007565143 ], [ -136.468605554743732, 68.870122596140575 ], [ -136.46864796661805, 68.879728624525555 ], [ -136.457368691001989, 68.892737304425239 ], [ -135.949854486799666, 68.832708306322218 ], [ -135.787782092498588, 68.800982111636955 ], [ -135.735410096215929, 68.763723102947807 ], [ -135.600050297407876, 68.757374205162307 ], [ -135.423207410328018, 68.682347907794707 ], [ -135.326394690645031, 68.660607901277459 ], [ -135.268822218535263, 68.700383295563938 ], [ -135.361983172485765, 68.736094007756961 ], [ -135.783113414756031, 68.963645997900912 ], [ -135.708206813480786, 68.981715990051981 ], [ -135.717459693649403, 69.036045609711621 ], [ -135.892288556182024, 69.078077498000511 ], [ -135.98428142177923, 69.139066592887971 ], [ -136.007685795515073, 69.199635603676242 ], [ -135.869579028070547, 69.262816993479362 ], [ -135.853541380383746, 69.294314797921203 ], [ -135.74475561968859, 69.319298992660123 ], [ -135.659413773938951, 69.301136402094187 ], [ -135.430542272282395, 69.319258195876287 ], [ -135.259715774972108, 69.267780790769294 ], [ -135.244666981375076, 69.319811488884952 ], [ -135.305177757356716, 69.421780701266556 ], [ -135.040471799348325, 69.469533000593586 ], [ -134.825385790132742, 69.481188813674862 ], [ -134.705635098861791, 69.469386907312781 ], [ -134.58758519946187, 69.435694092850923 ], [ -134.475963122428908, 69.437446208097597 ], [ -134.426369666906311, 69.468397703927707 ], [ -134.495674780216632, 69.523365688471856 ], [ -134.427531204872651, 69.62348168318691 ], [ -134.464963814830924, 69.689221604159471 ], [ -134.22885424243259, 69.656622403848814 ], [ -134.181601549179504, 69.610864701535988 ], [ -134.228815019815642, 69.587228503249321 ], [ -134.132009672897226, 69.525163598800347 ], [ -134.010431390267911, 69.544502392826686 ], [ -133.962136199296651, 69.495220199353241 ], [ -133.787418836906028, 69.485636303107924 ], [ -133.922344436628777, 69.396979902493001 ], [ -133.913674965019737, 69.322798602334359 ], [ -133.708371803816959, 69.320257998542417 ], [ -133.633763870742854, 69.375313303943457 ], [ -133.517984303687058, 69.395232784527764 ], [ -133.354708405490783, 69.381839497484251 ], [ -133.115820405002779, 69.395304493044264 ], [ -132.965809415915885, 69.443025891908647 ], [ -132.981722773925924, 69.571053299450725 ], [ -132.900927604321964, 69.646584797368718 ], [ -132.710297778008737, 69.632435694185077 ], [ -132.671800689642254, 69.648827214299899 ], [ -132.472159119629168, 69.622255088872009 ], [ -132.34599356898957, 69.674734297490062 ], [ -132.531269797862677, 69.680017101764605 ], [ -132.549114419702221, 69.732483691334281 ], [ -132.396133327189006, 69.730137289929672 ], [ -132.171986701756737, 69.684114205274668 ], [ -131.974106696641087, 69.711603995000871 ], [ -131.97622770330014, 69.750842810866232 ], [ -131.841980909136311, 69.766276992395191 ], [ -131.647026761569066, 69.861712399550626 ], [ -131.435805194469623, 69.890022586545058 ], [ -131.422715411309838, 69.940529998414817 ], [ -131.241066177434021, 69.9191585032831 ], [ -131.207184191314298, 69.884242991254538 ], [ -131.089434020910687, 69.887280090269385 ], [ -131.039872899134963, 70.00000001369726 ], [ -130.924213484882671, 70.026831902044407 ], [ -130.904186023440758, 70.066158204980965 ], [ -130.802240586438955, 70.082186109979148 ], [ -130.723373807555674, 70.06350138893427 ], [ -130.633268160502013, 70.109844794695505 ], [ -130.535511901125631, 70.08895489226299 ], [ -130.399827694749433, 70.101088684661207 ], [ -130.15686081826243, 70.037441804414598 ], [ -130.098054677453206, 70.05375000778038 ], [ -129.878189112650375, 70.058313094678724 ], [ -129.865506660992168, 70.118287792874369 ], [ -129.79134880319603, 70.12544829702631 ], [ -129.744652240571043, 70.17568320002195 ], [ -129.615774626384422, 70.165644704065798 ], [ -129.414483482390807, 70.08099431081871 ], [ -129.433910231853474, 70.040212097612354 ], [ -129.54042690417063, 69.992231800861873 ], [ -129.949975415637681, 69.905223211063188 ], [ -130.076398812798715, 69.861895205539923 ], [ -130.343524209075468, 69.818308705549327 ], [ -130.481164688625057, 69.758517788602035 ], [ -130.563507297226948, 69.758658004204904 ], [ -130.616104193397632, 69.682687105980847 ], [ -130.771262308491828, 69.662887889661363 ], [ -130.855983988845026, 69.572963191669231 ], [ -130.970149025730024, 69.546446800740284 ], [ -131.118772400091501, 69.604639684307713 ], [ -131.232507204744053, 69.597979693887964 ], [ -131.336923313135941, 69.560948909041699 ], [ -131.44159231943749, 69.570535089375696 ], [ -131.585471382185688, 69.548415103654889 ], [ -131.77977961276207, 69.553389309496012 ], [ -131.89224801399854, 69.51453230618506 ], [ -132.054614014085644, 69.500737102514236 ], [ -132.14570907457005, 69.399135494893287 ], [ -132.080897793526418, 69.379721897103508 ], [ -132.464979117125239, 69.250833187463229 ], [ -132.598160990236437, 69.272326590377986 ], [ -132.772242730554439, 69.250000006318302 ], [ -132.912150196845431, 69.102540095178014 ], [ -132.917409903608672, 69.031765011390803 ], [ -133.124185280288202, 69.046081194166177 ], [ -133.21076708431778, 69.029915095060574 ], [ -133.252059583696479, 68.897205994903217 ], [ -133.357571987654893, 68.853923302951543 ], [ -133.425480888800308, 68.871647502996041 ], [ -133.502254019064594, 68.795372394696145 ], [ -133.334566973015797, 68.740703891392769 ], [ -133.29462481737778, 68.776983908818565 ], [ -133.38363172786768, 68.842974203093419 ], [ -133.201205106385231, 68.843471312723608 ], [ -133.15937869372496, 68.809895600793439 ], [ -132.69628390863781, 68.81243468756756 ], [ -132.499945788220856, 68.792913604212856 ], [ -132.408561094446355, 68.845884388209001 ], [ -132.527333809644489, 68.896975387339779 ], [ -132.722909997295773, 68.857825307628005 ], [ -132.845151028254207, 68.897927998244981 ], [ -132.776143079425111, 68.931576794374521 ], [ -132.865211496314828, 68.972194086467724 ], [ -132.885495806358307, 69.045446482252871 ], [ -132.800811417497499, 69.069175203338702 ], [ -132.685321021617654, 69.0690909082047 ], [ -132.58045199407124, 69.116068098922341 ], [ -132.424141587478459, 69.10582790168742 ], [ -132.28755843171561, 69.178062098512868 ], [ -132.052178387800041, 69.219297396106597 ], [ -131.782386182445748, 69.320362311150561 ], [ -131.729775081693134, 69.377399693134308 ], [ -131.845612782455873, 69.369352999816215 ], [ -131.884079510127094, 69.413489784989238 ], [ -131.65389982671681, 69.398320907539727 ], [ -131.561374779616671, 69.434171907178822 ], [ -131.387486820152361, 69.41624310237637 ], [ -131.382741910909232, 69.458651096062724 ], [ -131.29740708521885, 69.496087001808746 ], [ -131.115813587116946, 69.512021105125754 ], [ -130.943313679984016, 69.424685705652948 ], [ -130.994827007829031, 69.380996188321234 ], [ -130.853820595372099, 69.351814992836921 ], [ -130.641448832622416, 69.406975202803451 ], [ -130.575265674165877, 69.475072702763427 ], [ -130.595313208630841, 69.495390098418952 ], [ -130.459919579586881, 69.564623093949649 ], [ -130.441657801821151, 69.61134661483986 ], [ -130.343707089364329, 69.68178879834737 ], [ -130.087264789347046, 69.701087007707656 ], [ -129.97349923265088, 69.735248105507949 ], [ -129.7115813878994, 69.771964397940238 ], [ -129.595936477719334, 69.810456900575247 ], [ -129.342461723462492, 69.836953999457421 ], [ -129.188773274390968, 69.840132602618326 ], [ -129.149913967896538, 69.79481100595001 ], [ -129.146510916049095, 69.685646007396628 ], [ -128.960045598473926, 69.729192907221432 ], [ -128.814919655329675, 69.74579999598545 ], [ -128.664664275714216, 69.819241901169477 ], [ -128.613852592703125, 69.868200991169559 ], [ -128.416561927239314, 69.925497507906726 ], [ -128.316158907797217, 69.938117211226043 ], [ -128.295656107511661, 69.980068293087115 ], [ -128.400647024836871, 70.063970888385953 ], [ -128.342766092202083, 70.123189610297842 ], [ -128.218796783882681, 70.142183793250027 ], [ -128.00000001750584, 70.070464008710502 ], [ -127.926669925835967, 70.088142890761432 ], [ -128.141802008872418, 70.156321399376978 ], [ -127.923194089896384, 70.182305607988226 ], [ -127.69028567048673, 70.194771907090725 ], [ -127.566823081492529, 70.234017996748946 ], [ -127.815994706580426, 70.246733009068791 ], [ -128.06443393786418, 70.283416706724395 ], [ -128.124876931027813, 70.346262498450912 ], [ -128.212343695545997, 70.386886714144438 ], [ -128.161360109170658, 70.490259609629703 ], [ -128.00765831855287, 70.56284910065861 ], [ -127.535146396466487, 70.418862287446203 ], [ -127.385245850383541, 70.357186602447655 ], [ -127.175940376679321, 70.237778302325324 ], [ -127.073801356179146, 70.166800798417995 ], [ -126.913897127932159, 70.003815499863634 ], [ -126.725832274150875, 69.762203902284782 ], [ -126.668916128289908, 69.721222101814206 ], [ -126.264053995068821, 69.514868392758956 ], [ -125.928904313437627, 69.392362286330211 ], [ -125.797016732041243, 69.372195804474046 ], [ -125.69776883080219, 69.383957292214916 ], [ -125.607213517587383, 69.337322904609238 ], [ -125.461716873986873, 69.311053808341001 ], [ -125.370895536966799, 69.341626704747426 ], [ -125.350762637096111, 69.378741905903638 ], [ -125.182940287793215, 69.373019116998364 ], [ -125.183621189052559, 69.448360701012803 ], [ -125.427380283543343, 69.451756013086737 ], [ -125.619515390740972, 69.422457087215804 ], [ -125.586613366095719, 69.478474698936424 ], [ -125.524736429835073, 69.502133804663174 ], [ -125.295326101300162, 69.522896393431111 ], [ -125.265178223249393, 69.59086790144498 ], [ -125.408674589406829, 69.591292586494376 ], [ -125.38808471237256, 69.674831304904473 ], [ -125.207465888921519, 69.703633388173927 ], [ -125.048993289807044, 69.743253007443101 ], [ -125.178214284166785, 69.765471095900281 ], [ -125.033958526799253, 69.808280188540394 ], [ -124.953228484975256, 69.911203406741947 ], [ -124.819670112693444, 69.967534610684339 ], [ -124.828110702509775, 69.998213103724396 ], [ -125.027973604688611, 70.001415506763664 ], [ -125.099641718151943, 69.966749003908731 ], [ -125.194185909447498, 69.958760101345661 ], [ -125.206011805446735, 70.015481713248718 ], [ -124.986598988976468, 70.067221909405959 ], [ -124.893502076814997, 70.041013105510174 ], [ -124.625997108608033, 70.067482599734518 ], [ -124.633470488518583, 70.102476997463867 ], [ -124.756654867734824, 70.114611504971023 ], [ -124.574707907181278, 70.18732889756896 ], [ -124.505744603196902, 70.179803502970316 ], [ -124.502712537284282, 70.129704403137708 ], [ -124.368473325136165, 70.080908701078826 ], [ -124.366032299041066, 70.006328191298934 ], [ -124.493571421511007, 70.006736101337609 ], [ -124.439240816890873, 69.908080194679385 ], [ -124.441448700076762, 69.836326196717863 ], [ -124.51198692034545, 69.725336785305046 ], [ -124.292878273424435, 69.695467294103238 ], [ -124.209540831093889, 69.723501092634194 ], [ -124.095089148471686, 69.718627494120184 ], [ -124.040039818622375, 69.679064500399036 ], [ -124.19375600084895, 69.634013609213071 ], [ -124.254766583155103, 69.555051495504884 ], [ -124.451411991954828, 69.473509413654725 ], [ -124.438055476280439, 69.431474996265152 ], [ -124.545209090896464, 69.402535497903528 ], [ -124.497122609505396, 69.367567205105786 ], [ -124.346998589167171, 69.337920899590927 ], [ -124.145576794523222, 69.334524299087164 ], [ -124.02828648702183, 69.380082307714858 ], [ -123.941697303833905, 69.392226102360297 ], [ -123.845627735805508, 69.332795097709564 ], [ -123.714053473947288, 69.333334005542255 ], [ -123.465835481375208, 69.385016397250553 ], [ -123.381570319802023, 69.415325587460174 ], [ -123.362226586082443, 69.474946309478554 ], [ -123.211584199001351, 69.478812692426018 ], [ -123.129343490386532, 69.553469205714265 ], [ -123.159841993406914, 69.607005304715145 ], [ -123.087459187301846, 69.673175906997614 ], [ -123.128843262018805, 69.768256291584223 ], [ -123.042457835327113, 69.809025702236497 ], [ -122.942581681702819, 69.816340688450225 ], [ -122.790289295535629, 69.793262385688521 ], [ -122.711077824105161, 69.822068691172916 ], [ -122.432390896906753, 69.807067105922783 ], [ -122.341179993391194, 69.825886386503228 ], [ -122.092251259229101, 69.813627894639225 ], [ -121.921674699301221, 69.81665420951272 ], [ -121.735425025522616, 69.80386730750682 ], [ -121.533367611066453, 69.768602801982709 ], [ -121.398297789978756, 69.773384803053091 ], [ -121.258772722415145, 69.720244308050937 ], [ -121.128236810817214, 69.68810539188469 ], [ -120.941928817927945, 69.664512298641611 ], [ -120.766571069013224, 69.607871695723645 ], [ -120.724770381667724, 69.573831618423696 ] ] ] ] } },
{ "type": "Feature", "properties": { "year": "2021", "prov_code": [ "11" ], "prov_name_e": [ "Prince Edward Island" ], "prov_area_c": "CAN", "prov_type": "province", "prov_name_f": "Île-du-Prince-Édouard" }, "geometry": { "type": "MultiPolygon", "coordinates": [ [ [ [ -61.986060886982187, 46.462855694009818 ], [ -62.005682410013186, 46.429969696517801 ], [ -62.182413206685403, 46.349918994428627 ], [ -62.293397306381664, 46.333763804958657 ], [ -62.338614889780771, 46.353308599535808 ], [ -62.357648308441149, 46.276349914045042 ], [ -62.420921594955921, 46.258755403223155 ], [ -62.408767103762536, 46.212650408212852 ], [ -62.492057194392252, 46.215293706503346 ], [ -62.524068990478334, 46.180722992726317 ], [ -62.529781899468091, 46.133009385248165 ], [ -62.468877995413138, 46.120987302215688 ], [ -62.449296791999217, 46.09036509872179 ], [ -62.481286191872798, 46.04546960021711 ], [ -62.499999998138257, 45.978864999144754 ], [ -62.559895096097854, 45.966280793457486 ], [ -62.749985400659348, 45.956893086207003 ], [ -62.829702011238055, 45.964316800484212 ], [ -62.956032803926462, 46.054670912041935 ], [ -62.887359500250625, 46.127445698621123 ], [ -62.961733198189108, 46.126349500323123 ], [ -62.986631287765583, 46.173717791336237 ], [ -63.126101591556449, 46.207131904204296 ], [ -63.155334383573454, 46.169582593928538 ], [ -63.247717400775407, 46.128785911251526 ], [ -63.449751222040796, 46.186081695567452 ], [ -63.616605293809307, 46.21537428825927 ], [ -63.701245602309427, 46.251502907441626 ], [ -63.706234108130012, 46.278484190387871 ], [ -63.795014906594147, 46.320145512028631 ], [ -63.760291185211592, 46.391626600419102 ], [ -63.840320989574046, 46.391398794202999 ], [ -63.93907701127516, 46.418666099218711 ], [ -64.004477901062444, 46.385228405157648 ], [ -64.135315102355221, 46.402049809023175 ], [ -64.10578298543156, 46.448633989849945 ], [ -64.110359995215745, 46.525298909498453 ], [ -64.055616392531647, 46.576327808033042 ], [ -64.126953490081959, 46.587683008062577 ], [ -64.217284289778888, 46.630025693403049 ], [ -64.301002684613522, 46.630182991968766 ], [ -64.382339504697953, 46.615167000145753 ], [ -64.411335995792157, 46.657831297707368 ], [ -64.409939009509102, 46.706804903824285 ], [ -64.374778006365474, 46.746949606592558 ], [ -64.287151911930479, 46.806036201269769 ], [ -64.226240410524198, 46.895362711463271 ], [ -64.1651499135954, 46.950095701342356 ], [ -64.048343723250937, 47.005935894556366 ], [ -63.989482894955444, 47.051118305337063 ], [ -63.991880710899366, 46.936780903368785 ], [ -63.974684507009727, 46.881226892648648 ], [ -64.073547084992526, 46.784190500049746 ], [ -63.878926784897978, 46.638900999826319 ], [ -63.853447604268965, 46.570437489915086 ], [ -63.866599513027928, 46.52638600903412 ], [ -63.808418612862013, 46.495448907254492 ], [ -63.792657307036734, 46.444977097717498 ], [ -63.727851311399931, 46.435267197060696 ], [ -63.700861003462883, 46.473946986906157 ], [ -63.747305314545862, 46.497976103393107 ], [ -63.718488510361247, 46.556006602132882 ], [ -63.656002602000761, 46.54305039874707 ], [ -63.619732999358824, 46.558557297757091 ], [ -63.491858700085949, 46.525069312906332 ], [ -63.465290101456738, 46.475752310400054 ], [ -63.417594381812165, 46.502573200724378 ], [ -63.311991198024209, 46.489684193291708 ], [ -63.26965739132018, 46.423254908274416 ], [ -63.190402588666728, 46.413320602447357 ], [ -63.133461488866203, 46.430004998142408 ], [ -62.970039907572044, 46.403239201758296 ], [ -62.906147895197442, 46.431128201197623 ], [ -62.741698009372584, 46.443413105923753 ], [ -62.628971407982647, 46.467602002534562 ], [ -62.47161969622541, 46.474560786943982 ], [ -62.411354612006051, 46.467544989478107 ], [ -62.146659006287898, 46.484053506316009 ], [ -61.986060886982187, 46.462855694009818 ] ] ] ] } },
{ "type": "Feature", "properties": { "year": "2021", "prov_code": [ "47" ], "prov_name_e": [ "Saskatchewan" ], "prov_area_c": "CAN", "prov_type": "province", "prov_name_f": "Saskatchewan" }, "geometry": { "type": "MultiPolygon", "coordinates": [ [ [ [ -102.000000012738653, 59.99999999727239 ], [ -102.00738974793785, 59.751779412250514 ], [ -102.006661873849836, 59.000538577912621 ], [ -102.006024424995019, 58.313709624272292 ], [ -102.005024478355381, 57.178054224189154 ], [ -102.007609141689684, 56.500154617425963 ], [ -102.00412938852898, 55.809350074247966 ], [ -101.963871630132431, 55.809468497125003 ], [ -101.963954943630554, 55.460420089899422 ], [ -101.924227030660305, 55.460216591333982 ], [ -101.924360606430284, 55.112090589957447 ], [ -101.885265638575149, 55.111596655356969 ], [ -101.885318375524264, 54.762525864069339 ], [ -101.84743666257377, 54.762523065975586 ], [ -101.847484263518496, 54.413563898233022 ], [ -101.810461309035759, 54.413539893968512 ], [ -101.810434520497353, 54.064405818142987 ], [ -101.771322758030152, 54.06440246115411 ], [ -101.770663999195307, 53.710910025484104 ], [ -101.735430943837542, 53.710706516281931 ], [ -101.735543684897252, 53.36580844267872 ], [ -101.700605678064534, 53.365781116591506 ], [ -101.700694263140349, 53.016450776436237 ], [ -101.671604519241853, 53.01644787432361 ], [ -101.671588041454825, 52.667260577349104 ], [ -101.637705258715997, 52.667273927277833 ], [ -101.637812651049202, 52.318149463399727 ], [ -101.609054761668659, 52.318158019607168 ], [ -101.609335041561948, 51.968643549492427 ], [ -101.577555084004558, 51.968518103049561 ], [ -101.570515072923413, 51.654921750036671 ], [ -101.57054393736702, 51.301875887263343 ], [ -101.539152700544278, 51.301864502401777 ], [ -101.538988698932982, 50.9484953110397 ], [ -101.50869461731304, 50.948485129800005 ], [ -101.508728823268711, 50.594393350522765 ], [ -101.476994913795167, 50.594387505616389 ], [ -101.476721111327279, 50.240504432544142 ], [ -101.447158001440769, 50.240524384048278 ], [ -101.44721949092262, 49.894369006697367 ], [ -101.417545982081336, 49.886670106659217 ], [ -101.417635151592179, 49.532744801381739 ], [ -101.392564107252241, 49.53272257957741 ], [ -101.391480321871683, 49.17784702922313 ], [ -101.362111119109642, 49.177778597130562 ], [ -101.361989800416197, 48.999474101653711 ], [ -102.006326437189045, 48.998965664349001 ], [ -102.722847849087188, 48.999243183992711 ], [ -103.319802786433783, 48.99936240413183 ], [ -103.741219063753007, 48.999428968326207 ], [ -104.574576595553808, 48.999199692460159 ], [ -105.258291112098149, 48.999349635317884 ], [ -106.000003324779513, 48.999472224391816 ], [ -106.778941419099027, 49.000033095970757 ], [ -107.520206776933236, 48.999476392630278 ], [ -108.187860094562438, 48.999653401275346 ], [ -109.000000014462842, 49.000000005297245 ], [ -110.005022630371286, 48.999698740794862 ], [ -110.0044937118886, 49.5328648697134 ], [ -110.004222563423212, 49.959855299479166 ], [ -110.004928188421175, 50.339002153128554 ], [ -110.003015582205876, 50.833774737628815 ], [ -110.005074013893847, 51.270550998185527 ], [ -110.004882686466985, 51.871470715160129 ], [ -110.004445885446543, 52.52137304690487 ], [ -110.00610402886953, 52.924027775267 ], [ -110.005293813945954, 53.437110603845532 ], [ -110.005475215774268, 53.741414600545539 ], [ -110.005664487583161, 54.23635084110213 ], [ -110.005673489653944, 54.747727662187629 ], [ -110.00006204876378, 55.331232447001504 ], [ -109.999858049248814, 55.872804843198978 ], [ -110.000000022462757, 56.40286982775249 ], [ -109.999999998590667, 57.381213783776815 ], [ -110.000194631410295, 57.942813949734834 ], [ -110.000335505527516, 58.507378259164277 ], [ -109.999999996051415, 58.975993629631375 ], [ -110.000000002157918, 59.307108766876048 ], [ -110.000000017964965, 59.999999998488008 ], [ -109.500000019881838, 59.999999998730303 ], [ -108.750000012619253, 59.999999994797356 ], [ -108.000000015849508, 59.999999990321527 ], [ -107.250000020001409, 59.999999986500242 ], [ -106.499999978584128, 60.000000004712483 ], [ -105.500000010345772, 59.999999999639115 ], [ -104.999999982721448, 59.999999991445499 ], [ -104.00000001764279, 59.999999985418548 ], [ -103.250000006758427, 59.999999996365105 ], [ -102.749999978760854, 60.000000003904802 ], [ -102.000000012738653, 59.99999999727239 ] ] ] ] } },
{ "type": "Feature", "properties": { "year": "2021", "prov_code": [ "46" ], "prov_name_e": [ "Manitoba" ], "prov_area_c": "CAN", "prov_type": "province", "prov_name_f": "Manitoba" }, "geometry": { "type": "MultiPolygon", "coordinates": [ [ [ [ -94.828079052695259, 60.000000134189733 ], [ -94.852745815178764, 59.971280905057753 ], [ -94.772545823471532, 59.790020447820083 ], [ -94.817081115510263, 59.727658653259986 ], [ -94.834178419318974, 59.648877335058209 ], [ -94.715989206435765, 59.380170746813363 ], [ -94.752970697671202, 59.342555353695325 ], [ -94.80864628706756, 59.21355650270273 ], [ -94.782329094726236, 59.164055459326519 ], [ -94.810594700875995, 59.08561835300798 ], [ -94.784915010926042, 59.016923455281059 ], [ -94.732466290454084, 59.00275524221972 ], [ -94.67646050300543, 58.93526628799183 ], [ -94.605465382599959, 58.916466715205623 ], [ -94.601784695622158, 58.856696854252554 ], [ -94.529359005378865, 58.827061043671861 ], [ -94.483643117081868, 58.784838438263691 ], [ -94.476416205629164, 58.737709550500185 ], [ -94.426636896739282, 58.7028283553406 ], [ -94.323375327537036, 58.719882944551259 ], [ -94.264363407220912, 58.789407350422728 ], [ -94.03378430095718, 58.761865988318036 ], [ -93.870039292405323, 58.76674403906523 ], [ -93.640746727823242, 58.788206936703133 ], [ -93.466074808249317, 58.762579458255018 ], [ -93.414580226431625, 58.722505156084374 ], [ -93.34837320326821, 58.76470953895349 ], [ -93.21018208538851, 58.762822236169434 ], [ -93.144060729174811, 58.675966234253316 ], [ -93.14166539440221, 58.571597535425603 ], [ -93.115529226816477, 58.477804131173279 ], [ -93.060667731070438, 58.407815746261868 ], [ -93.034559495008111, 58.344942254011187 ], [ -92.800308900589883, 58.0433035334583 ], [ -92.814898102540653, 58.018780152153091 ], [ -92.761991205609277, 57.875694253185266 ], [ -92.711183720609895, 57.773542335769974 ], [ -92.626531622889516, 57.659645142803441 ], [ -92.502972201960745, 57.531472750843534 ], [ -92.459345600091837, 57.46000733376728 ], [ -92.425017023031685, 57.357704033995482 ], [ -92.438585894836976, 57.263686748410699 ], [ -92.544876906982708, 57.101087041652441 ], [ -92.686297336258278, 56.987608630487991 ], [ -92.616413110692761, 56.978701045406339 ], [ -92.482207003919328, 57.034673230991935 ], [ -92.368662522972869, 57.058752850701886 ], [ -92.209773219532266, 57.07249323261869 ], [ -92.256841929295959, 57.012065836333804 ], [ -92.123053422923761, 57.049207945955196 ], [ -92.016881526011971, 57.051235047476624 ], [ -91.870109909944929, 57.077198347134953 ], [ -91.68306450239794, 57.129307247935415 ], [ -91.57926042639582, 57.148270442780756 ], [ -91.376192199380327, 57.200997247026898 ], [ -91.146517890615073, 57.247668127230867 ], [ -91.003633734662728, 57.263859033082284 ], [ -90.861235130287056, 57.265250632055832 ], [ -90.714310091439543, 57.232092129988573 ], [ -90.635800209549402, 57.237886635214316 ], [ -90.509413617419867, 57.197774941586481 ], [ -90.388934832812168, 57.176977829026889 ], [ -90.354189930664958, 57.152576232173111 ], [ -90.068772313796714, 57.051655928632179 ], [ -89.936813024502442, 56.999137435032509 ], [ -89.682009593758025, 56.961173533896066 ], [ -89.498650802381434, 56.924377749119181 ], [ -89.363602027186275, 56.923718337598181 ], [ -89.211580010704765, 56.880102741364595 ], [ -88.979576904002712, 56.851148446214111 ], [ -89.484811815105047, 56.547278386928674 ], [ -90.152923433069589, 56.13376364541832 ], [ -90.802250348362108, 55.720394336574188 ], [ -91.647793191637078, 55.158484860550217 ], [ -91.999970091447253, 54.906002706547852 ], [ -92.188692364225545, 54.774903598534074 ], [ -92.658573654164584, 54.453378881488149 ], [ -93.189674771331923, 54.074774269364596 ], [ -93.629553531616963, 53.75020269539538 ], [ -93.958445030228646, 53.553694265726783 ], [ -94.262671214599038, 53.381424000151981 ], [ -94.867742934082798, 53.016144254257917 ], [ -95.153151096198741, 52.840573105165824 ], [ -95.153100370772748, 52.332526761809198 ], [ -95.153054565672534, 51.862662611215221 ], [ -95.153023907182856, 51.542190898631162 ], [ -95.152978488260715, 51.057961050409268 ], [ -95.152923667444398, 50.458932009986377 ], [ -95.152882758654059, 50.001208085062132 ], [ -95.153433059239617, 49.646064671099545 ], [ -95.153193145522707, 49.616767584316229 ], [ -95.152878617503958, 49.603432186628027 ], [ -95.153856861738348, 49.588969049228574 ], [ -95.152434234119582, 49.470103369208836 ], [ -95.152674563010933, 49.45203464780856 ], [ -95.153460639411463, 49.398070007849142 ], [ -95.153275359219407, 49.175737126335662 ], [ -95.242276372556844, 49.165362119785641 ], [ -95.293213464729803, 49.103070140438184 ], [ -95.281092044817598, 49.05625812945781 ], [ -95.219615158335131, 49.035550528876534 ], [ -95.232412968698952, 48.999490534202252 ], [ -95.766431459041911, 48.999652540323005 ], [ -96.382066976278196, 49.000080549190159 ], [ -97.189142868609963, 49.000339701789926 ], [ -97.789803273228216, 49.000527665933433 ], [ -98.527524803955458, 49.000031663502739 ], [ -99.006851072529685, 49.000008612160777 ], [ -99.499999993756006, 48.999999996270454 ], [ -100.249999986147316, 48.999999999877275 ], [ -100.797261134972373, 49.000049552023711 ], [ -101.361989800416197, 48.999474101653711 ], [ -101.362111119109642, 49.177778597130562 ], [ -101.391480321871683, 49.17784702922313 ], [ -101.392564107252241, 49.53272257957741 ], [ -101.417635151592179, 49.532744801381739 ], [ -101.417545982081336, 49.886670106659217 ], [ -101.44721949092262, 49.894369006697367 ], [ -101.447158001440769, 50.240524384048278 ], [ -101.476721111327279, 50.240504432544142 ], [ -101.476994913795167, 50.594387505616389 ], [ -101.508728823268711, 50.594393350522765 ], [ -101.50869461731304, 50.948485129800005 ], [ -101.538988698932982, 50.9484953110397 ], [ -101.539152700544278, 51.301864502401777 ], [ -101.57054393736702, 51.301875887263343 ], [ -101.570515072923413, 51.654921750036671 ], [ -101.577555084004558, 51.968518103049561 ], [ -101.609335041561948, 51.968643549492427 ], [ -101.609054761668659, 52.318158019607168 ], [ -101.637812651049202, 52.318149463399727 ], [ -101.637705258715997, 52.667273927277833 ], [ -101.671588041454825, 52.667260577349104 ], [ -101.671604519241853, 53.01644787432361 ], [ -101.700694263140349, 53.016450776436237 ], [ -101.700605678064534, 53.365781116591506 ], [ -101.735543684897252, 53.36580844267872 ], [ -101.735430943837542, 53.710706516281931 ], [ -101.770663999195307, 53.710910025484104 ], [ -101.771322758030152, 54.06440246115411 ], [ -101.810434520497353, 54.064405818142987 ], [ -101.810461309035759, 54.413539893968512 ], [ -101.847484263518496, 54.413563898233022 ], [ -101.84743666257377, 54.762523065975586 ], [ -101.885318375524264, 54.762525864069339 ], [ -101.885265638575149, 55.111596655356969 ], [ -101.924360606430284, 55.112090589957447 ], [ -101.924227030660305, 55.460216591333982 ], [ -101.963954943630554, 55.460420089899422 ], [ -101.963871630132431, 55.809468497125003 ], [ -102.00412938852898, 55.809350074247966 ], [ -102.007609141689684, 56.500154617425963 ], [ -102.005024478355381, 57.178054224189154 ], [ -102.006024424995019, 58.313709624272292 ], [ -102.006661873849836, 59.000538577912621 ], [ -102.00738974793785, 59.751779412250514 ], [ -102.000000012738653, 59.99999999727239 ], [ -101.500000001265235, 59.999999996984933 ], [ -100.499999994893088, 60.000000000902077 ], [ -99.499999995308869, 60.0000000053764 ], [ -99.000000026390367, 60.00000000056211 ], [ -98.000000005112341, 59.99999999456422 ], [ -97.50000002266178, 59.999999986673586 ], [ -96.749999995695916, 59.999999989958233 ], [ -96.000000024421553, 59.99999999656751 ], [ -95.324999980847153, 59.999999987956912 ], [ -94.828079052695259, 60.000000134189733 ] ] ] ] } },
{ "type": "Feature", "properties": { "year": "2021", "prov_code": [ "48" ], "prov_name_e": [ "Alberta" ], "prov_area_c": "CAN", "prov_type": "province", "prov_name_f": "Alberta" }, "geometry": { "type": "MultiPolygon", "coordinates": [ [ [ [ -110.005022630371286, 48.999698740794862 ], [ -110.440958862348438, 48.999017800456542 ], [ -110.993149523433161, 48.997873484197839 ], [ -111.546077765187079, 48.996739963272354 ], [ -112.410753187156871, 48.998654230230585 ], [ -112.943247476481247, 48.998463208194202 ], [ -113.716961263014966, 48.997632654155872 ], [ -114.068332109893262, 48.998850495634727 ], [ -114.080976358423356, 49.059688458776186 ], [ -114.153149138676838, 49.099510394733024 ], [ -114.174904519143212, 49.163550537923228 ], [ -114.34559060629924, 49.193570767332574 ], [ -114.402121974203141, 49.213273603279454 ], [ -114.393485995187433, 49.257187403854154 ], [ -114.447942475851846, 49.264369225670968 ], [ -114.487624515159652, 49.347320612894848 ], [ -114.566929673704166, 49.376883565147224 ], [ -114.598432807643931, 49.412561580617194 ], [ -114.594717413107176, 49.50284302146278 ], [ -114.620133200182423, 49.54680866128605 ], [ -114.732586669282654, 49.576379525710117 ], [ -114.746476446141202, 49.618509704802726 ], [ -114.662818006364759, 49.643724479345366 ], [ -114.668385038207617, 49.703875165117481 ], [ -114.6331191223708, 49.734079634655707 ], [ -114.639932435846859, 49.827720883187766 ], [ -114.691785906959282, 49.896286104203782 ], [ -114.693676205400138, 49.942583955607887 ], [ -114.657436248907871, 49.968396739105373 ], [ -114.666371197717467, 50.050944373968356 ], [ -114.733259196655425, 50.118610617982483 ], [ -114.724670388917446, 50.190177189505036 ], [ -114.770225377217045, 50.249994997995287 ], [ -114.751667059918461, 50.275287033114964 ], [ -114.797605964555189, 50.326122019446991 ], [ -114.766217229552112, 50.350742251206405 ], [ -114.856891680890314, 50.392524013297304 ], [ -115.01369673096363, 50.570859099431651 ], [ -115.085273842553178, 50.589749058521278 ], [ -115.23098413967999, 50.544878636019469 ], [ -115.239650612266843, 50.589196791291194 ], [ -115.293625605491115, 50.611107579325058 ], [ -115.282254081328347, 50.663192893175001 ], [ -115.315124496322383, 50.725825746626732 ], [ -115.391222367916555, 50.706452446114781 ], [ -115.43628198058029, 50.755730692664578 ], [ -115.550869915138165, 50.79706590243719 ], [ -115.578136021881718, 50.840503761732528 ], [ -115.642982776538261, 50.842206489405456 ], [ -115.648929461641785, 50.874147601304351 ], [ -115.592646181090871, 50.892641137922922 ], [ -115.648834057035913, 50.99752045740626 ], [ -115.767035633427724, 51.039388274765301 ], [ -115.78923190003897, 51.072417684624376 ], [ -115.867933380868806, 51.089290397442063 ], [ -115.92360697933762, 51.083109564725973 ], [ -116.004464873598025, 51.124681289804187 ], [ -116.036844942167335, 51.170045526296363 ], [ -116.007603752431649, 51.222012153676545 ], [ -116.268017395051288, 51.311933169907 ], [ -116.311434887905534, 51.384962212568787 ], [ -116.282470205539056, 51.406836732848731 ], [ -116.292430303775618, 51.46180268497617 ], [ -116.360597095659642, 51.470866145177496 ], [ -116.393829222600388, 51.505662937666706 ], [ -116.390886049574192, 51.545588248347741 ], [ -116.452925026390332, 51.560548148160656 ], [ -116.471411140128936, 51.60467759924574 ], [ -116.595015672698793, 51.661830094262243 ], [ -116.581176365006826, 51.697281539226864 ], [ -116.650348884603318, 51.753706435225126 ], [ -116.682076101853738, 51.812146580278934 ], [ -116.744232471100403, 51.80660801720574 ], [ -116.818598193376545, 51.735564473760583 ], [ -116.809741167253819, 51.705346350057191 ], [ -116.920567907915952, 51.709803268408521 ], [ -116.976360581805181, 51.760184978491672 ], [ -116.964002209339625, 51.794951262764009 ], [ -117.034320874481779, 51.859807425900037 ], [ -117.0194649484731, 51.891359999791824 ], [ -117.103175983525716, 51.956516796906818 ], [ -117.197223612971385, 51.980134840517756 ], [ -117.268407916455573, 52.055786513918846 ], [ -117.334036229952474, 52.148641457766253 ], [ -117.381255740431499, 52.137724077594541 ], [ -117.611263812833556, 52.144258898561013 ], [ -117.663529523344593, 52.19789299233782 ], [ -117.741346378757839, 52.202997387083634 ], [ -117.818317495667571, 52.226354813823157 ], [ -117.839578064744899, 52.27412744590471 ], [ -117.752878399385622, 52.316423609758232 ], [ -117.705795031207117, 52.36534487450286 ], [ -117.766497990833656, 52.417692152544227 ], [ -117.886933046069601, 52.426091585569772 ], [ -117.96679241620059, 52.469708726983107 ], [ -118.052899059002712, 52.449563540998007 ], [ -118.044168783041016, 52.398459360488324 ], [ -118.13804609686899, 52.40749750551219 ], [ -118.212773168024498, 52.370341453035088 ], [ -118.255338017844906, 52.449536947529118 ], [ -118.235529102700625, 52.490177892959672 ], [ -118.332568289877401, 52.580171597516276 ], [ -118.354491118231408, 52.633683980662084 ], [ -118.290141185745398, 52.677693441575634 ], [ -118.343294665279402, 52.708888881537135 ], [ -118.342822828671231, 52.73855633325671 ], [ -118.422410129437296, 52.775786511964569 ], [ -118.399626430625432, 52.824460209875674 ], [ -118.448279450017338, 52.88528679187332 ], [ -118.543787744989658, 52.908454633136287 ], [ -118.613829749139327, 52.883721693697154 ], [ -118.613422071562042, 52.936011963448472 ], [ -118.660204894297124, 52.963937680630288 ], [ -118.655347786002764, 53.034797233395373 ], [ -118.759058439963638, 53.065776060039155 ], [ -118.732340933480458, 53.119249410104622 ], [ -118.786521658887139, 53.159224179627827 ], [ -118.915960827263063, 53.211844915436913 ], [ -118.947444097216248, 53.238935158015735 ], [ -119.023833833466654, 53.231949707265592 ], [ -118.999418052708094, 53.192764770101014 ], [ -119.046881526847642, 53.144909624074053 ], [ -119.119524006202028, 53.16176576397261 ], [ -119.14601293054659, 53.191180768616228 ], [ -119.232715067819171, 53.181768314023003 ], [ -119.340496292636857, 53.287080297807584 ], [ -119.355878520647039, 53.340102179679533 ], [ -119.406084810357996, 53.368089294540795 ], [ -119.66890020525733, 53.367828191712604 ], [ -119.725422630116782, 53.388754319315503 ], [ -119.790633268411369, 53.479265906947568 ], [ -119.899477010221418, 53.519127806146081 ], [ -119.862256507798563, 53.54850858697278 ], [ -119.910712783581658, 53.601254615968493 ], [ -119.854066211468478, 53.607706630195807 ], [ -119.748725658699229, 53.59336587552184 ], [ -119.713408541219209, 53.614579924616372 ], [ -119.797380760944293, 53.707772196407952 ], [ -119.907980886497199, 53.71060103523417 ], [ -119.888236556264147, 53.779484617041497 ], [ -119.942340519518979, 53.775861900533819 ], [ -119.999987391821222, 53.806234806950648 ], [ -119.999999982848905, 54.268868728725835 ], [ -120.000297471473502, 54.797683919491895 ], [ -120.000000008511051, 55.402344069173168 ], [ -119.999945969372732, 55.778381662437454 ], [ -120.000752115932187, 56.249312258906187 ], [ -120.000037187443752, 56.770701305052015 ], [ -119.999899286212184, 57.513998055140377 ], [ -119.999988643064, 58.149113817608068 ], [ -119.99999993292046, 58.73404886883381 ], [ -119.999999983229145, 59.999999999353555 ], [ -119.499999986186822, 59.999999991862303 ], [ -118.750000019279412, 59.999999994719296 ], [ -117.99999999643957, 59.999999988207129 ], [ -117.000000015820603, 59.999999992749935 ], [ -115.999999977380583, 59.999999997094925 ], [ -115.499999982260604, 59.99999999164492 ], [ -114.49999999009431, 59.999999991567684 ], [ -113.750000012844126, 59.999999989716777 ], [ -112.749999994503113, 59.999999990263248 ], [ -112.250000023160098, 59.999999995909356 ], [ -111.249999997168942, 59.99999999724939 ], [ -110.749999988030496, 59.999999992350901 ], [ -110.000000017964965, 59.999999998488008 ], [ -110.000000002157918, 59.307108766876048 ], [ -109.999999996051415, 58.975993629631375 ], [ -110.000335505527516, 58.507378259164277 ], [ -110.000194631410295, 57.942813949734834 ], [ -109.999999998590667, 57.381213783776815 ], [ -110.000000022462757, 56.40286982775249 ], [ -109.999858049248814, 55.872804843198978 ], [ -110.00006204876378, 55.331232447001504 ], [ -110.005673489653944, 54.747727662187629 ], [ -110.005664487583161, 54.23635084110213 ], [ -110.005475215774268, 53.741414600545539 ], [ -110.005293813945954, 53.437110603845532 ], [ -110.00610402886953, 52.924027775267 ], [ -110.004445885446543, 52.52137304690487 ], [ -110.004882686466985, 51.871470715160129 ], [ -110.005074013893847, 51.270550998185527 ], [ -110.003015582205876, 50.833774737628815 ], [ -110.004928188421175, 50.339002153128554 ], [ -110.004222563423212, 49.959855299479166 ], [ -110.0044937118886, 49.5328648697134 ], [ -110.005022630371286, 48.999698740794862 ] ] ] ] } },
{ "type": "Feature", "properties": { "year": "2021", "prov_code": [ "60" ], "prov_name_e": [ "Yukon" ], "prov_area_c": "CAN", "prov_type": "territory / territoire", "prov_name_f": "Yukon" }, "geometry": { "type": "MultiPolygon", "coordinates": [ [ [ [ -139.133878245499005, 69.637371109285382 ], [ -138.958916305052384, 69.621116904078079 ], [ -138.969416526547207, 69.576672903999921 ], [ -139.091670470543988, 69.52146359603077 ], [ -139.211868267636248, 69.549736609722942 ], [ -139.247830219826795, 69.589144204424215 ], [ -139.133878245499005, 69.637371109285382 ] ] ], [ [ [ -136.46860294286418, 68.869531007565143 ], [ -136.465323506633638, 68.303473674773059 ], [ -136.458349032347542, 67.812912039257583 ], [ -136.448772699825355, 67.649471458619217 ], [ -136.289893115875287, 67.634233375086183 ], [ -136.199979759935246, 67.561662094287271 ], [ -136.218714875283041, 67.513403073699365 ], [ -136.178667688639166, 67.457729566032199 ], [ -136.222053607336079, 67.40547162015072 ], [ -136.140034340322131, 67.366441189197701 ], [ -136.08655748152276, 67.300706148910351 ], [ -136.137496071928155, 67.232634157913466 ], [ -136.235096074778511, 67.172542379031583 ], [ -136.19152465734976, 67.143903836092335 ], [ -136.232449549580565, 67.106696674578515 ], [ -136.164413575546519, 67.000000059308832 ], [ -135.512500013556377, 66.99999998735737 ], [ -134.57500000582931, 66.99999998327209 ], [ -134.014209639551865, 66.985841036801531 ], [ -134.117847032308447, 66.956917485502146 ], [ -133.943290134939303, 66.905262959356904 ], [ -133.759663914346532, 66.801026958388235 ], [ -133.846330128753863, 66.722796296871124 ], [ -133.748066570153668, 66.678963612068955 ], [ -133.793368468769074, 66.649443200458208 ], [ -133.588187400610963, 66.549978971099435 ], [ -133.693442359533947, 66.503485495640774 ], [ -133.609827329290823, 66.436065246561199 ], [ -133.734190840943597, 66.440356616769463 ], [ -133.768069494131282, 66.366183517104332 ], [ -133.835423560243925, 66.317217725221283 ], [ -133.78575988043508, 66.295380237854644 ], [ -133.626228241543799, 66.298617071771247 ], [ -133.553533961437068, 66.257008916145296 ], [ -133.54891425072222, 66.169986804576467 ], [ -133.657854175061715, 66.121805538809554 ], [ -133.690705924764416, 66.071173285077492 ], [ -133.598556208906302, 66.056515300723376 ], [ -133.658330879312558, 65.959680989341763 ], [ -133.405185185682768, 65.938858503980242 ], [ -133.268578847312881, 65.995846644789651 ], [ -133.128070230008433, 66.03093969958924 ], [ -132.921147507998597, 66.020421575802459 ], [ -132.912263515062932, 66.001543630197602 ], [ -133.021484828865084, 65.91881242158405 ], [ -132.909215971411868, 65.884044082546467 ], [ -132.83718650491744, 65.900367125284831 ], [ -132.799338051174686, 65.950514577154763 ], [ -132.65659687344035, 66.015831568391292 ], [ -132.540444285038149, 66.015024645568985 ], [ -132.494541860842759, 65.971988776076032 ], [ -132.377888326701481, 65.989040254912084 ], [ -132.350122258316532, 65.952316431947281 ], [ -132.53086336481789, 65.905896623770104 ], [ -132.596368963870447, 65.856704130315137 ], [ -132.563679587438571, 65.830170194634249 ], [ -132.414387790624971, 65.788776133999946 ], [ -132.313460959765166, 65.73985755033587 ], [ -132.168321256713085, 65.602427313037282 ], [ -132.283368513328327, 65.500553320137328 ], [ -132.27537032759713, 65.457700749720104 ], [ -132.37643655581968, 65.402358992133443 ], [ -132.537148178826186, 65.350464376624089 ], [ -132.5664242789274, 65.284043474516338 ], [ -132.657004714194301, 65.278130466800505 ], [ -132.747897169524492, 65.227366897720685 ], [ -132.772721218843742, 65.183043278266638 ], [ -132.656710342186074, 65.140809057211783 ], [ -132.509337147021171, 65.173512122253982 ], [ -132.542742072377848, 65.089901095300448 ], [ -132.336100219754883, 65.060719683391326 ], [ -132.414188741352149, 64.984382691686292 ], [ -132.490318728261798, 64.962403384717163 ], [ -132.462292296220738, 64.901570451999831 ], [ -132.586896599948744, 64.834589221634275 ], [ -132.546027571700478, 64.770245899517931 ], [ -132.4642397606695, 64.788694096842065 ], [ -132.356964199766196, 64.783168013155716 ], [ -132.124261477623975, 64.703741658530561 ], [ -132.037715788822823, 64.696423102517656 ], [ -131.938096047658689, 64.590343069656299 ], [ -131.855372257391082, 64.537824956035763 ], [ -131.684646179050759, 64.521371235664787 ], [ -131.67603786713309, 64.485509119851486 ], [ -131.824854644017023, 64.424699746001494 ], [ -131.858310474502531, 64.381272372435774 ], [ -131.676324937102663, 64.377195418236781 ], [ -131.451031608484385, 64.391864272948396 ], [ -131.38048897787553, 64.435682923216802 ], [ -131.295525121076196, 64.446784770875766 ], [ -131.147351740239856, 64.403791861070076 ], [ -131.068174454696475, 64.361319169179623 ], [ -131.026617291612354, 64.304697222319135 ], [ -131.073707979175879, 64.272870388450755 ], [ -130.982648254479329, 64.250740446572735 ], [ -130.94396511321014, 64.185781653610007 ], [ -130.859059454905861, 64.171961246000905 ], [ -130.955416684517701, 64.113324608000482 ], [ -130.808982692347541, 64.040451703027088 ], [ -130.775702577943406, 63.97625081680917 ], [ -130.630581127231267, 63.947636392173443 ], [ -130.442895052776322, 63.891143226938858 ], [ -130.339362557787979, 63.813278092946732 ], [ -130.144234702368863, 63.861424208966199 ], [ -130.137662463040698, 63.79929407280332 ], [ -130.101228527710703, 63.75417928323963 ], [ -130.339667004452764, 63.690882766418639 ], [ -130.268635408333353, 63.644783938298914 ], [ -130.106187809423233, 63.688480768210844 ], [ -130.081363682345625, 63.608026139564942 ], [ -129.962460774537618, 63.609801188325655 ], [ -129.960327510187398, 63.565757612373595 ], [ -129.897371790014176, 63.552860691605645 ], [ -129.784928019594929, 63.44596953958672 ], [ -129.874322805646784, 63.457481217890638 ], [ -129.908527149557841, 63.417636887039905 ], [ -129.866220016202874, 63.367073573644284 ], [ -130.057976212643666, 63.304158260385833 ], [ -130.130001654765522, 63.266816469060139 ], [ -130.013893945687329, 63.236448660570794 ], [ -129.987583810065246, 63.198898042977682 ], [ -129.910485527057546, 63.192100874951755 ], [ -129.813495939685396, 63.103673219842022 ], [ -129.740713352945221, 63.060512148676324 ], [ -129.613208522932524, 63.073047939635764 ], [ -129.588583658102579, 63.042165233231316 ], [ -129.675225382813778, 62.926455122864361 ], [ -129.750034401188259, 62.881064379961899 ], [ -129.743257547640241, 62.838368825298893 ], [ -129.665256919797855, 62.814203446208424 ], [ -129.566695690686373, 62.681179500322607 ], [ -129.439348090320806, 62.577937828554695 ], [ -129.386953293081746, 62.571304532139621 ], [ -129.324273780130397, 62.524604170471953 ], [ -129.212470150813061, 62.504507385655209 ], [ -129.17408089295526, 62.445005245550753 ], [ -129.284855967523441, 62.399721513979088 ], [ -129.189498383486978, 62.361555349869505 ], [ -129.256281985560463, 62.327955080944726 ], [ -129.269670353197085, 62.257982511772283 ], [ -129.163325751484024, 62.203971336922464 ], [ -129.199786981700015, 62.139443424683421 ], [ -129.128868322435409, 62.099457004871709 ], [ -128.944664795170581, 62.119084203108152 ], [ -128.920547798508125, 62.095490833804462 ], [ -128.8197954622716, 62.087471983983129 ], [ -128.809039055375393, 62.048335575648309 ], [ -128.730360164777437, 62.043142513917118 ], [ -128.669031639264801, 62.1090782083185 ], [ -128.549640394244335, 62.116250194418726 ], [ -128.34793921799357, 62.014836214213929 ], [ -128.350097230809268, 61.973509054902713 ], [ -128.248577134475596, 61.937032406354859 ], [ -128.149643490459141, 61.837855016561349 ], [ -128.020653267982084, 61.823539028162649 ], [ -127.985996826452009, 61.791578076154124 ], [ -128.047459975483662, 61.728720358143882 ], [ -127.881851533805417, 61.667558353157119 ], [ -127.766805446839413, 61.594138780572592 ], [ -127.668550330971556, 61.582552405907833 ], [ -127.622722417764166, 61.532228032710499 ], [ -127.469189996486406, 61.485154941235507 ], [ -127.237836279389271, 61.500177760573024 ], [ -127.191701957052061, 61.461136795768105 ], [ -127.102956202173132, 61.458150429149285 ], [ -127.090756335935893, 61.368085347509194 ], [ -127.033401435087299, 61.322409478939626 ], [ -126.960740113468844, 61.167928612530837 ], [ -127.01209917480999, 61.137667484522566 ], [ -127.072434800055206, 61.066597131847914 ], [ -127.042334307053679, 61.030943733533498 ], [ -126.966123652125788, 61.050067645270921 ], [ -126.906827249641395, 61.007140350359265 ], [ -126.853586480731607, 60.931631368152424 ], [ -126.85636972912846, 60.87032991079549 ], [ -126.82524651244664, 60.831495625550886 ], [ -126.845142926524147, 60.774978499546506 ], [ -126.812747300260995, 60.758561541516364 ], [ -126.69265357796175, 60.769031797315016 ], [ -126.639041204056227, 60.730789378512839 ], [ -126.486370111840856, 60.800148662407402 ], [ -126.387089026201622, 60.765548975025091 ], [ -126.283499844004425, 60.758828433892752 ], [ -126.197926147769209, 60.78223547309279 ], [ -126.210654161780511, 60.834433284314819 ], [ -126.063350617643593, 60.851368032979231 ], [ -126.056561310072894, 60.795245446126962 ], [ -125.966803125288692, 60.789242671323379 ], [ -125.920818279552876, 60.848597623792088 ], [ -125.832224755925864, 60.881287565389805 ], [ -125.669639231253413, 60.803108984231827 ], [ -125.533793719572415, 60.812355198193615 ], [ -125.374912309015883, 60.766383927312489 ], [ -125.264067260158669, 60.768347961731429 ], [ -125.147881625409326, 60.832508586773905 ], [ -124.967497429400467, 60.849241408456088 ], [ -124.825797717794387, 60.837046968855937 ], [ -124.83743028771454, 60.899313222377977 ], [ -124.766154115642905, 60.958063531189204 ], [ -124.633227176813335, 60.92679898845099 ], [ -124.539382164578427, 60.938606893615713 ], [ -124.496253981406156, 60.802502616493541 ], [ -124.449216613871471, 60.764682616124141 ], [ -124.491783059677246, 60.728397589322171 ], [ -124.599452651031498, 60.687867621552854 ], [ -124.571065574803498, 60.641415429124613 ], [ -124.447194651741725, 60.572809314786525 ], [ -124.393773259783913, 60.518900784326924 ], [ -124.389145992152407, 60.45845880799385 ], [ -124.197862516522207, 60.445915703935825 ], [ -124.214467810826577, 60.364572055362935 ], [ -124.123828515056587, 60.206001409540988 ], [ -124.029960778253468, 60.148158305102712 ], [ -124.00052694335622, 60.109197587002797 ], [ -123.789324835560777, 60.000032619721388 ], [ -124.499999984191689, 59.999999990849439 ], [ -125.499999980691385, 59.999999990696594 ], [ -126.499999971333196, 59.999999997356788 ], [ -126.999999973699218, 59.999999997454886 ], [ -127.999999965712675, 59.99999999547142 ], [ -128.999999968527902, 59.999999998631971 ], [ -129.750000008759315, 59.999999991956358 ], [ -130.499999990120898, 59.999999986654537 ], [ -131.500000014537875, 59.999999998301931 ], [ -132.500000009774283, 59.999999988525872 ], [ -133.500000020985084, 60.000000004944482 ], [ -133.999999978483032, 60.000000000720021 ], [ -134.75000000330715, 59.999999987142601 ], [ -135.50000000955464, 59.999999989308293 ], [ -136.500000010395439, 59.999999987989021 ], [ -137.499999973942863, 60.000000000540481 ], [ -138.500000034421419, 60.000000000571568 ], [ -139.05220104118402, 60.000040647475984 ], [ -139.177019185991384, 60.082859841896777 ], [ -139.0485176993067, 60.325894283827509 ], [ -139.052068169388349, 60.35372637134072 ], [ -139.680062474420566, 60.33572082152147 ], [ -139.971679236086089, 60.183882281191316 ], [ -140.447975841434754, 60.307960170010496 ], [ -140.517084149096945, 60.220162703991122 ], [ -140.99797094202637, 60.308041435016243 ], [ -140.99720605639061, 60.774019094774829 ], [ -140.997955690987681, 61.219015550459275 ], [ -140.999408409148486, 61.710803614714322 ], [ -141.001070967192277, 62.081974999425832 ], [ -140.998931347870837, 62.570418169135571 ], [ -140.99978216074723, 63.00000001582135 ], [ -141.00357050406393, 63.321496746366186 ], [ -141.003779835372086, 63.755036542062598 ], [ -141.003223982853228, 64.203424198251014 ], [ -140.998704748026825, 64.671900723013508 ], [ -141.007877577092586, 65.091199174902741 ], [ -141.0082033244108, 65.752124750290108 ], [ -141.005779277757966, 66.147410063308342 ], [ -141.002947729003353, 66.857963231094274 ], [ -141.008933357273662, 67.26573557430369 ], [ -141.014143290728725, 67.862767313253727 ], [ -141.013515738460541, 68.21286838794046 ], [ -141.013570557978284, 68.69112147459623 ], [ -141.014267389002669, 69.036869121209733 ], [ -141.018073157627441, 69.502875491582316 ], [ -141.011493994768273, 69.646706981502476 ], [ -140.696824956137704, 69.609779703933086 ], [ -140.36871080756174, 69.589157106596147 ], [ -139.980807509482247, 69.613254894105665 ], [ -139.766817554269977, 69.598060496674393 ], [ -139.607591797323778, 69.562490014146675 ], [ -139.57992015722661, 69.536401397239501 ], [ -139.352847281946225, 69.535138413163622 ], [ -139.257701622001235, 69.499791308598319 ], [ -139.161776240456959, 69.502033103399427 ], [ -138.920191770087399, 69.395845203873037 ], [ -138.609072282979696, 69.28072550183073 ], [ -138.583642367770608, 69.245756796180544 ], [ -138.459290713905858, 69.220769607611942 ], [ -138.35111007246573, 69.284406808087155 ], [ -138.27422939503785, 69.204919300685162 ], [ -138.1998447671441, 69.166944490720624 ], [ -137.949863371799097, 69.093475918882035 ], [ -137.62121314992055, 69.018472803539908 ], [ -137.486417867152795, 69.002512213703213 ], [ -137.207718529134326, 68.928917401175596 ], [ -137.098430270591706, 68.942360117020627 ], [ -136.770754378441694, 68.856605006519231 ], [ -136.568793836209153, 68.890303407552011 ], [ -136.46860294286418, 68.869531007565143 ] ] ] ] } },
{ "type": "Feature", "properties": { "year": "2021", "prov_code": [ "10" ], "prov_name_e": [ "Newfoundland and Labrador" ], "prov_area_c": "CAN", "prov_type": "province", "prov_name_f": "Terre-Neuve-et-Labrador" }, "geometry": { "type": "MultiPolygon", "coordinates": [ [ [ [ -53.636776807886896, 48.87151021019325 ], [ -53.721007198191927, 48.814248902111615 ], [ -53.754569804180917, 48.834028113567435 ], [ -53.678941022964395, 48.871158094932518 ], [ -53.636776807886896, 48.87151021019325 ] ] ], [ [ [ -60.319113121183562, 55.845170096449642 ], [ -60.292678779463834, 55.797608298992976 ], [ -60.401682403176125, 55.809939792075788 ], [ -60.319113121183562, 55.845170096449642 ] ] ], [ [ [ -55.558474809574925, 49.541039709245489 ], [ -55.648467684777025, 49.502570091740509 ], [ -55.659779622715732, 49.535900869533592 ], [ -55.558474809574925, 49.541039709245489 ] ] ], [ [ [ -61.740107020047219, 56.464326590770987 ], [ -61.714120183090202, 56.427071208193404 ], [ -61.844403375408142, 56.433769601160762 ], [ -61.853616299087584, 56.471478887392955 ], [ -61.740107020047219, 56.464326590770987 ] ] ], [ [ [ -64.5170598889855, 60.311308751090678 ], [ -64.533984585574359, 60.341061643954525 ], [ -64.430585727006317, 60.377716016707119 ], [ -64.5170598889855, 60.311308751090678 ] ] ], [ [ [ -58.68242859143087, 55.005168307115618 ], [ -58.665109584227793, 54.911456290002761 ], [ -58.728070702602899, 54.930442194868846 ], [ -58.713935496680634, 54.998363610593785 ], [ -58.68242859143087, 55.005168307115618 ] ] ], [ [ [ -57.051217714237765, 53.697587203350871 ], [ -57.096008626873662, 53.648810097230083 ], [ -57.170218403101771, 53.657078314148272 ], [ -57.13032280217525, 53.706166895785984 ], [ -57.051217714237765, 53.697587203350871 ] ] ], [ [ [ -55.5803292928045, 49.598489698702103 ], [ -55.620300186828153, 49.578282396513544 ], [ -55.731302685499145, 49.566134601741048 ], [ -55.726939587878057, 49.607829407357478 ], [ -55.612670307450628, 49.587261802296076 ], [ -55.5803292928045, 49.598489698702103 ] ] ], [ [ [ -55.687953191899545, 49.561156387577057 ], [ -55.668383709634611, 49.524559010694219 ], [ -55.734605797485699, 49.486751600275184 ], [ -55.757042499536695, 49.524271585441035 ], [ -55.742548008852367, 49.561901087809588 ], [ -55.687953191899545, 49.561156387577057 ] ] ], [ [ [ -54.079436899222308, 47.695273601764825 ], [ -54.062998301789705, 47.662837814070642 ], [ -54.091225782689726, 47.580042900267586 ], [ -54.062394988159774, 47.545549603026551 ], [ -54.10351800311075, 47.520756903095105 ], [ -54.079436899222308, 47.695273601764825 ] ] ], [ [ [ -60.128869007413684, 55.377121100293195 ], [ -60.137093192120936, 55.30850020625391 ], [ -60.220510704448778, 55.304445796403819 ], [ -60.190885976091181, 55.356504197868325 ], [ -60.128869007413684, 55.377121100293195 ] ] ], [ [ [ -55.550581678473961, 50.986550396166983 ], [ -55.535968402145706, 50.960776008377941 ], [ -55.632708326708347, 50.917686295162945 ], [ -55.638187519615975, 50.963386801515583 ], [ -55.550581678473961, 50.986550396166983 ] ] ], [ [ [ -54.68085489585097, 49.494081108094704 ], [ -54.692513188084448, 49.422325706595124 ], [ -54.759749278778372, 49.406164296491134 ], [ -54.773718605028876, 49.440636591872021 ], [ -54.68085489585097, 49.494081108094704 ] ] ], [ [ [ -57.264122885262047, 54.581255504532884 ], [ -57.258334703420836, 54.51798040929458 ], [ -57.362465904447255, 54.502655998506015 ], [ -57.350725891695603, 54.569930803077412 ], [ -57.264122885262047, 54.581255504532884 ] ] ], [ [ [ -58.363389305106139, 54.110904697758755 ], [ -58.439316312432226, 54.06510139017653 ], [ -58.543727986340883, 54.051950294908998 ], [ -58.552717299577047, 54.081108707194588 ], [ -58.438731587220147, 54.119305308263222 ], [ -58.363389305106139, 54.110904697758755 ] ] ], [ [ [ -56.823162979389643, 53.800031104455513 ], [ -56.937221782279167, 53.747264205371742 ], [ -57.002866591271079, 53.767528990334284 ], [ -56.999511503473478, 53.809967201377056 ], [ -56.823162979389643, 53.800031104455513 ] ] ], [ [ [ -60.942304399385556, 55.939719898133696 ], [ -60.957896579726274, 55.912099894330495 ], [ -61.046833492685096, 55.886763384345137 ], [ -61.069694327109858, 55.9354815932356 ], [ -60.942304399385556, 55.939719898133696 ] ] ], [ [ [ -55.78425790301209, 53.093871694500322 ], [ -55.761016790967027, 53.03184400214279 ], [ -55.859477199059576, 53.01433929513508 ], [ -55.889524889766776, 53.047384703800027 ], [ -55.86216931003608, 53.087127192538496 ], [ -55.78425790301209, 53.093871694500322 ] ] ], [ [ [ -61.64797760647577, 57.363639914818712 ], [ -61.647592306362263, 57.301561594131954 ], [ -61.737653104897539, 57.295167804054024 ], [ -61.776203709635368, 57.320117413607932 ], [ -61.723828288923812, 57.380878884158072 ], [ -61.64797760647577, 57.363639914818712 ] ] ], [ [ [ -55.2791586973714, 52.016437092123724 ], [ -55.324155082056244, 51.925377798279001 ], [ -55.384412611733325, 51.876654004356084 ], [ -55.429999918660066, 51.906060800304026 ], [ -55.2791586973714, 52.016437092123724 ] ] ], [ [ [ -61.078423516192586, 56.674446998920679 ], [ -61.050408107972338, 56.626754907867678 ], [ -61.105446671210984, 56.604683003296614 ], [ -61.238970288553361, 56.623420786132201 ], [ -61.147366989768024, 56.692063399145177 ], [ -61.078423516192586, 56.674446998920679 ] ] ], [ [ [ -60.753497507007062, 55.931762602159104 ], [ -60.688299280154531, 55.911859505998486 ], [ -60.789295397593769, 55.862749107829295 ], [ -60.874349815987195, 55.861480495590662 ], [ -60.876857200711882, 55.935808192568487 ], [ -60.837322900602011, 55.950610797131198 ], [ -60.753497507007062, 55.931762602159104 ] ] ], [ [ [ -55.473714801200465, 50.800052696995976 ], [ -55.52488860229839, 50.713865503157407 ], [ -55.575727523918772, 50.69183739787556 ], [ -55.662245386495997, 50.720346593324209 ], [ -55.610561485058049, 50.764288105232453 ], [ -55.473714801200465, 50.800052696995976 ] ] ], [ [ [ -55.770488511828248, 53.476751194707589 ], [ -55.818623796699981, 53.451226386773897 ], [ -55.832487611962016, 53.404762509609739 ], [ -55.983196989414147, 53.440671705677033 ], [ -55.94801859613785, 53.488005787441686 ], [ -55.770488511828248, 53.476751194707589 ] ] ], [ [ [ -55.938787214801138, 47.702204001992975 ], [ -55.937233507680716, 47.653157090412236 ], [ -55.902413998994319, 47.631333712322125 ], [ -55.912635085099083, 47.597840806243447 ], [ -56.0442364937498, 47.614642810855926 ], [ -56.102641795387456, 47.661288585652329 ], [ -55.938787214801138, 47.702204001992975 ] ] ], [ [ [ -54.124126688155279, 47.678989507080516 ], [ -54.124780321152691, 47.633112493844564 ], [ -54.184968079338844, 47.495644800186874 ], [ -54.260129307560504, 47.391703801012966 ], [ -54.346589883347512, 47.399707393090196 ], [ -54.319924293543835, 47.44238080517384 ], [ -54.269502121709706, 47.465716796183273 ], [ -54.196456689095498, 47.571478307571674 ], [ -54.166384610398872, 47.581200900692416 ], [ -54.124126688155279, 47.678989507080516 ] ] ], [ [ [ -61.711293086797575, 57.831955409137592 ], [ -61.657301292909729, 57.786900092298154 ], [ -61.693409598894, 57.708659111439168 ], [ -61.757888993083114, 57.711485590843772 ], [ -61.837152809691517, 57.769768510293709 ], [ -61.905674101645062, 57.784867388947525 ], [ -61.863902926920467, 57.825624693802432 ], [ -61.795433976745407, 57.847193100225518 ], [ -61.711293086797575, 57.831955409137592 ] ] ], [ [ [ -61.460689922682853, 56.404136091681082 ], [ -61.412355709043553, 56.37005769807233 ], [ -61.495370610953245, 56.315659195539745 ], [ -61.712947701218788, 56.354217298368582 ], [ -61.72772460598226, 56.382748103902223 ], [ -61.653017400616164, 56.40950310315764 ], [ -61.611615982002775, 56.392206898507638 ], [ -61.460689922682853, 56.404136091681082 ] ] ], [ [ [ -61.656127095448248, 57.528380710262049 ], [ -61.69781091355042, 57.443004504475063 ], [ -61.620562179837762, 57.404511202072385 ], [ -61.856311101156955, 57.412128799465762 ], [ -61.896383796788449, 57.438518693134434 ], [ -61.810133500073704, 57.482433893181785 ], [ -61.733977906001954, 57.545019808011766 ], [ -61.656127095448248, 57.528380710262049 ] ] ], [ [ [ -61.851283508399298, 57.583846589964203 ], [ -61.783519591378919, 57.54959360214265 ], [ -61.788441991242436, 57.509124390368704 ], [ -61.870086590070287, 57.459431094849869 ], [ -61.968791692561027, 57.454205787403332 ], [ -62.047879401540747, 57.545994700770642 ], [ -61.954986290423086, 57.550628386965123 ], [ -61.851283508399298, 57.583846589964203 ] ] ], [ [ [ -61.328708514699414, 56.518882799295767 ], [ -61.30584522048806, 56.477571990939531 ], [ -61.243100814809956, 56.478085096494915 ], [ -61.213802523759412, 56.431163192399417 ], [ -61.448920887323929, 56.453947307083688 ], [ -61.4932835801945, 56.448438198725583 ], [ -61.602320902209001, 56.521817806711901 ], [ -61.575935887457327, 56.557081407135804 ], [ -61.328708514699414, 56.518882799295767 ] ] ], [ [ [ -61.083674585284093, 56.181790403288986 ], [ -61.040584206533261, 56.119203111728147 ], [ -60.953201479603138, 56.0972034987591 ], [ -60.99611560378947, 56.039068489484187 ], [ -61.047631817173148, 56.010234294595669 ], [ -61.199251804304126, 56.04115890786759 ], [ -61.239533902833301, 56.079600797724744 ], [ -61.172247481664172, 56.108552708271453 ], [ -61.153000798855771, 56.147064410780182 ], [ -61.083674585284093, 56.181790403288986 ] ] ], [ [ [ -54.551142915455884, 49.648307495477546 ], [ -54.553652389953541, 49.580576208484018 ], [ -54.633498413514516, 49.54147960657081 ], [ -54.747243217783399, 49.527052702226555 ], [ -54.769558402395347, 49.487753259827514 ], [ -54.855496102039638, 49.480462285257687 ], [ -54.851607392403885, 49.516169409674234 ], [ -54.911341680010729, 49.583185299391452 ], [ -54.837847589766753, 49.582730493106013 ], [ -54.771804420784001, 49.538862599297666 ], [ -54.689501094896826, 49.581842295180358 ], [ -54.681839193194733, 49.617012300816675 ], [ -54.551142915455884, 49.648307495477546 ] ] ], [ [ [ -53.527253716068493, 48.197453195365242 ], [ -53.550898096232132, 48.17603938652173 ], [ -53.548842700749773, 48.091663301729305 ], [ -53.617587093644602, 48.077328205465484 ], [ -53.691942020653975, 48.098890695242936 ], [ -53.857830484177803, 48.090198496878159 ], [ -53.895089098555935, 48.110370897206998 ], [ -53.920449804000462, 48.160133012378679 ], [ -53.782764392682864, 48.178690010861473 ], [ -53.694053376158415, 48.145639001369325 ], [ -53.527253716068493, 48.197453195365242 ] ] ], [ [ [ -54.103622097808561, 49.743760485568714 ], [ -54.040555297150767, 49.668340587707839 ], [ -54.109137411729556, 49.614024600924381 ], [ -54.228874803059824, 49.599609913430385 ], [ -54.289363100939013, 49.562267887970869 ], [ -54.319506303694546, 49.576509899945066 ], [ -54.318904413105557, 49.675683706570567 ], [ -54.268336501885194, 49.723361807011351 ], [ -54.200623904630952, 49.719397216038963 ], [ -54.162148208699648, 49.7465808131169 ], [ -54.103622097808561, 49.743760485568714 ] ] ], [ [ [ -61.359720191724747, 56.94137680369181 ], [ -61.403668677443413, 56.890222095415886 ], [ -61.392944695195204, 56.83713540503436 ], [ -61.470383807140855, 56.852031288480333 ], [ -61.486662530037542, 56.793272493332701 ], [ -61.375302083209121, 56.779014707434179 ], [ -61.362532609151252, 56.674296310030869 ], [ -61.412053903302827, 56.603156608001498 ], [ -61.562993403334858, 56.678048307840236 ], [ -61.64473598383244, 56.742736108459397 ], [ -61.614197716778811, 56.816453001662204 ], [ -61.634025216192406, 56.862187207541893 ], [ -61.604029715944819, 56.894846393749283 ], [ -61.528005488679909, 56.905518787159693 ], [ -61.523153799401769, 56.9417830037671 ], [ -61.359720191724747, 56.94137680369181 ] ] ], [ [ [ -55.423645301964513, 51.58498509468857 ], [ -55.471363505659355, 51.469823089666477 ], [ -55.496180203781549, 51.381197404114566 ], [ -55.613914990567025, 51.308596309055105 ], [ -55.749534511384496, 51.326345204889947 ], [ -55.812490793766507, 51.34858441056965 ], [ -55.876858699735401, 51.338680907576055 ], [ -56.004376000789165, 51.348092801624681 ], [ -56.070714121321267, 51.366322801517512 ], [ -56.101320305134259, 51.31936728699052 ], [ -56.026264006119426, 51.294697698041794 ], [ -56.014232716680226, 51.175577494879967 ], [ -55.962461012505628, 51.163391806314046 ], [ -55.893265988262016, 51.219725806035434 ], [ -55.738673292422483, 51.198883888106522 ], [ -55.734459198758195, 51.08671119886565 ], [ -55.820955302806013, 51.015171389601669 ], [ -55.82982671170349, 50.921982409833326 ], [ -55.889689609733587, 50.902475804898735 ], [ -55.965295700965946, 50.852590388612612 ], [ -56.088722404596055, 50.723798109636917 ], [ -56.151181023327176, 50.777009793669059 ], [ -56.119522703989638, 50.878811799533331 ], [ -56.170938602177984, 50.861098007608661 ], [ -56.154864089203599, 50.80084499738566 ], [ -56.182904826242392, 50.736982294716697 ], [ -56.174000113773431, 50.691133507669711 ], [ -56.109818982505566, 50.674648403365197 ], [ -56.130508196789648, 50.636937911713574 ], [ -56.222578807380387, 50.613606201252985 ], [ -56.239992987184706, 50.543358101262079 ], [ -56.312760784208194, 50.48163760714683 ], [ -56.329745297278521, 50.448248906431203 ], [ -56.398321314405877, 50.406397297935563 ], [ -56.521950591127059, 50.213943185319536 ], [ -56.613811381522183, 50.125760296869203 ], [ -56.753882375976978, 50.023042304862187 ], [ -56.773256083875886, 49.974070491938825 ], [ -56.729382702905859, 49.952289114467106 ], [ -56.74599560327453, 49.872671488091903 ], [ -56.77304000415274, 49.829956209796237 ], [ -56.83404852042586, 49.785139595690346 ], [ -56.831439505309618, 49.750212088701787 ], [ -56.785432407677888, 49.699334905959489 ], [ -56.716058905816453, 49.709124288893371 ], [ -56.652188320245884, 49.759460397964787 ], [ -56.618541397716179, 49.815092383715715 ], [ -56.475827877478892, 49.903193201928069 ], [ -56.452477991495641, 49.895641894400597 ], [ -56.332870697979757, 50.03158460990764 ], [ -56.225753299873467, 50.12247270379666 ], [ -56.159907577842823, 50.158060697876508 ], [ -56.110745015881179, 50.124653291202151 ], [ -56.084587495509751, 50.070302706685034 ], [ -56.093353998166876, 50.010549592154852 ], [ -56.022597905213779, 50.035684915512618 ], [ -55.929586703005619, 50.038615389965777 ], [ -55.879158097564087, 50.017153709994695 ], [ -55.871466105094285, 49.980976902393891 ], [ -55.765623902258078, 49.918448312575684 ], [ -55.699228299012482, 49.969856290724309 ], [ -55.611329894987989, 49.964069197366214 ], [ -55.531939606653438, 50.004196491350164 ], [ -55.47846540808716, 49.959339189315116 ], [ -55.513815817369675, 49.916754292598092 ], [ -55.563780094454231, 49.913095883663608 ], [ -55.694734910701555, 49.830929606760044 ], [ -55.855262800767534, 49.792930106378016 ], [ -55.907037175846241, 49.756733702239245 ], [ -56.03327541984504, 49.711065999829252 ], [ -55.951283006836434, 49.670708909334131 ], [ -55.916748789515104, 49.693303495497993 ], [ -55.854762203021863, 49.671716200870875 ], [ -55.926857287222205, 49.616781393696996 ], [ -55.877405988289389, 49.568939588948233 ], [ -55.998131486808553, 49.49577139394453 ], [ -55.807042801498156, 49.516920395734417 ], [ -55.682685114087278, 49.399766605770836 ], [ -55.615812985993536, 49.460319892106398 ], [ -55.574355419446178, 49.433243192918404 ], [ -55.476715790328228, 49.45396039970003 ], [ -55.465113612099003, 49.49060189051788 ], [ -55.395639176196624, 49.503790202525643 ], [ -55.410875409079011, 49.435966212618609 ], [ -55.364161904543451, 49.401453314827378 ], [ -55.263564886870064, 49.40639109198527 ], [ -55.322741692756388, 49.532772907869187 ], [ -55.234492190809085, 49.530956198762091 ], [ -55.163758378074448, 49.545034601615441 ], [ -55.135881791201371, 49.486924187151672 ], [ -55.206013399989061, 49.379688985724329 ], [ -55.249408924169188, 49.343781494247054 ], [ -55.245382793578052, 49.256854901499572 ], [ -55.383841287769087, 49.168613795355981 ], [ -55.335305798216339, 49.147184784735266 ], [ -55.311611412840563, 49.190155308524055 ], [ -55.186053105232652, 49.258941200624022 ], [ -55.070436277003495, 49.294742803651431 ], [ -55.011699199289062, 49.281163390426514 ], [ -54.961192407576561, 49.309238399774237 ], [ -54.889743612402562, 49.29488840027669 ], [ -54.801912915639129, 49.299894602107855 ], [ -54.796977293350203, 49.355198206749989 ], [ -54.696649924372501, 49.374683197661412 ], [ -54.555487092965087, 49.540468003012329 ], [ -54.505477879304834, 49.556824899375847 ], [ -54.508253285160308, 49.468790502959827 ], [ -54.470987597144379, 49.410562703712259 ], [ -54.498109691622275, 49.390892886564096 ], [ -54.483225298369092, 49.332587104066583 ], [ -54.432072403041921, 49.338349690301307 ], [ -54.425314904873701, 49.390074716205326 ], [ -54.379504479849139, 49.423009497619745 ], [ -54.251246809196466, 49.399754699530433 ], [ -54.150503287627387, 49.45480058908003 ], [ -54.078349809797373, 49.475566894141814 ], [ -53.894910920285106, 49.43269679445649 ], [ -53.865235899473518, 49.410043284025626 ], [ -53.786703503078861, 49.397196510392646 ], [ -53.675692513184039, 49.356931689805705 ], [ -53.69376771635762, 49.32384540155973 ], [ -53.623419711335217, 49.313800190729268 ], [ -53.567544409357346, 49.281790210681848 ], [ -53.509042221921511, 49.275000298048468 ], [ -53.485128594293961, 49.229180893726181 ], [ -53.555255015910745, 49.188879295281318 ], [ -53.548488395014033, 49.148750288569829 ], [ -53.612499386865004, 49.11540578973306 ], [ -53.599387014689746, 49.050386503374561 ], [ -53.764185000208393, 49.015118690722112 ], [ -53.77659061164119, 48.989716310416291 ], [ -53.852465793238871, 48.974839496701904 ], [ -53.862748200009086, 48.916628505629866 ], [ -53.951885990561948, 48.913978991081663 ], [ -53.96560399734981, 48.864222709648509 ], [ -54.010640095374363, 48.838277301029713 ], [ -54.154720096767171, 48.82448851073061 ], [ -54.217827210088217, 48.768354894254443 ], [ -53.995883210769449, 48.809976997712418 ], [ -53.937689314839737, 48.841623805014528 ], [ -53.820457682750636, 48.817008594141946 ], [ -53.908127407354236, 48.780935901997132 ], [ -53.9363303995435, 48.734264490100308 ], [ -53.837339310658386, 48.701620592109755 ], [ -53.794968004141666, 48.719683903363702 ], [ -53.714378396112593, 48.660670412175392 ], [ -53.729463910187114, 48.64089618880918 ], [ -53.856380107703927, 48.589039192624455 ], [ -53.760334114546708, 48.565133589850582 ], [ -53.774468087105092, 48.513731492616508 ], [ -53.906074597678838, 48.485013702008636 ], [ -53.947112497732974, 48.455180310973617 ], [ -54.066111695337156, 48.411373900230465 ], [ -54.017719299690512, 48.396104302551628 ], [ -53.852512806820549, 48.476241402890466 ], [ -53.792162621532889, 48.472992997856409 ], [ -53.715726505125126, 48.523030886320328 ], [ -53.663013401878494, 48.540503385552348 ], [ -53.648031019848183, 48.488355496671922 ], [ -53.589714082284942, 48.452964100291737 ], [ -53.531169005395185, 48.486227596212558 ], [ -53.478940491285208, 48.546048500722961 ], [ -53.462821503190604, 48.606496514962323 ], [ -53.362055310308534, 48.611682401203304 ], [ -53.328935497861536, 48.592538292335938 ], [ -53.293242297784154, 48.527500504536007 ], [ -53.179959793529029, 48.595187007489699 ], [ -53.093372489462581, 48.680977999503838 ], [ -53.028897297912074, 48.649660102986559 ], [ -53.001022406025101, 48.60905881536857 ], [ -53.00310320732536, 48.546578698768414 ], [ -53.07477031559273, 48.506982895529454 ], [ -53.060826402731152, 48.459664290845005 ], [ -53.103233799051139, 48.410189002670009 ], [ -53.195168309488615, 48.379633411196075 ], [ -53.212188808751606, 48.349556313497494 ], [ -53.311348304759342, 48.378767601495824 ], [ -53.371213820776909, 48.363829396419838 ], [ -53.399142617264829, 48.299326504823775 ], [ -53.512881880257098, 48.239842904756983 ], [ -53.559973811886735, 48.229373902045822 ], [ -53.644424507661604, 48.174905913843133 ], [ -53.711471193651441, 48.164545393201102 ], [ -53.746722788498992, 48.192528596483506 ], [ -53.844700423328483, 48.186278897781385 ], [ -53.880592205919115, 48.213473686318778 ], [ -53.963491698546655, 48.227168704204352 ], [ -53.958185303298954, 48.156706791670452 ], [ -53.930476799090357, 48.129602593686954 ], [ -53.939315601845294, 48.081307193309456 ], [ -53.696326194818774, 48.078247381155698 ], [ -53.699935196467614, 48.044772206555635 ], [ -53.813694014075423, 48.015421405433678 ], [ -53.813136884359494, 47.996134896521738 ], [ -53.673251909505616, 48.029629110630758 ], [ -53.633803009824391, 48.008089695269604 ], [ -53.684657301623623, 47.926675491331089 ], [ -53.72733261304775, 47.887995797985873 ], [ -53.731214706516866, 47.850918006040999 ], [ -53.80107851510148, 47.770984091398297 ], [ -53.841543800183985, 47.746871787535973 ], [ -53.837619007778926, 47.702184405237581 ], [ -53.712197908171689, 47.572330596567525 ], [ -53.62608498772645, 47.562636794872915 ], [ -53.551727117945262, 47.526515897299291 ], [ -53.541338121730092, 47.586181996607493 ], [ -53.479569415343462, 47.696391195207291 ], [ -53.505987910915877, 47.749353510635821 ], [ -53.479495885012525, 47.762913002598125 ], [ -53.433197703594423, 47.856287886997514 ], [ -53.385807806988225, 47.88210360361478 ], [ -53.309033606124743, 48.001307101020778 ], [ -53.177057776261123, 48.06079950316478 ], [ -53.110682103151809, 48.03564859370006 ], [ -53.007367422421623, 48.08333389439322 ], [ -52.966543916134363, 48.161402301544427 ], [ -52.91931709649468, 48.167984289917335 ], [ -52.860158778160773, 48.092904801734434 ], [ -52.926868695334875, 48.09000448279911 ], [ -52.983105079479529, 48.039581201530687 ], [ -52.992096086740567, 47.983134990804921 ], [ -53.057957606521427, 47.942433787915185 ], [ -53.057669306446584, 47.879731208967584 ], [ -53.09222531449781, 47.83215440278267 ], [ -53.147593205513495, 47.804722286857213 ], [ -53.183605213644874, 47.758307295684745 ], [ -53.174843805737929, 47.718403314917325 ], [ -53.195317786698681, 47.652412599578071 ], [ -53.274142894048779, 47.621603198841697 ], [ -53.265783807113969, 47.579552909060439 ], [ -53.18163629912722, 47.531502489072672 ], [ -53.224298601897829, 47.462722091051702 ], [ -53.105514705601394, 47.446275894170107 ], [ -53.084196014614108, 47.470645297494649 ], [ -52.917798101144577, 47.545060186965962 ], [ -52.85885319178864, 47.628941503620425 ], [ -52.850920992449467, 47.691694596336383 ], [ -52.806060398650615, 47.803512604772926 ], [ -52.762884083201264, 47.762791303883581 ], [ -52.713979498064681, 47.758448985786551 ], [ -52.699353688044582, 47.695201501531741 ], [ -52.660156579598407, 47.647657004047389 ], [ -52.687185009347274, 47.544142709643772 ], [ -52.635837577685216, 47.495540699293116 ], [ -52.702134708266478, 47.46395321154327 ], [ -52.659831602029897, 47.435222008034657 ], [ -52.717920784490339, 47.389938692721501 ], [ -52.73869639888472, 47.326255812496207 ], [ -52.831976709251506, 47.278455394192569 ], [ -52.850838479012552, 47.149219998059145 ], [ -52.893085387758518, 47.074163902631767 ], [ -52.851401015893252, 47.073152900033655 ], [ -52.899313911478373, 46.99862440120198 ], [ -52.899156796064545, 46.935902510857296 ], [ -52.938763491021511, 46.873533201489153 ], [ -52.950367998466881, 46.789452591801961 ], [ -53.03646140358444, 46.746074214460592 ], [ -53.091107107745323, 46.646373189485267 ], [ -53.216810591513436, 46.63468308985825 ], [ -53.260872698653785, 46.685515789421842 ], [ -53.369650992451348, 46.726762801775124 ], [ -53.402494504321147, 46.712495310535701 ], [ -53.523520806583569, 46.617936887953398 ], [ -53.58158270054237, 46.614128793340306 ], [ -53.617951180326436, 46.636861700344795 ], [ -53.643609481349856, 46.725351399721333 ], [ -53.61079049374036, 46.756326992912854 ], [ -53.665272394701653, 46.792391799312448 ], [ -53.653968192356295, 46.83464338387256 ], [ -53.60262998868776, 46.89246578973048 ], [ -53.550693197566595, 46.925217498992872 ], [ -53.578926196205586, 46.965455391356549 ], [ -53.645319202003293, 47.004170813613769 ], [ -53.575634320044529, 47.062493402377747 ], [ -53.590600490071722, 47.08341249314325 ], [ -53.530379902205489, 47.166885001070632 ], [ -53.599294309191691, 47.181528903385484 ], [ -53.639932504164534, 47.109135290146376 ], [ -53.683150093781762, 47.113196605490685 ], [ -53.723455779539897, 47.049467300285741 ], [ -53.782298882140893, 47.031606601379039 ], [ -53.809717204339357, 46.986699991461826 ], [ -53.868033493285971, 46.946818202030613 ], [ -53.898516699788267, 46.897136985663103 ], [ -54.031251395171878, 46.816405797969438 ], [ -54.108048788513912, 46.805281802774729 ], [ -54.184721117918805, 46.842192900521717 ], [ -54.195358020541811, 46.884572397886679 ], [ -54.142362798074473, 47.020176989414473 ], [ -54.099487694259842, 47.064815394070166 ], [ -54.059522291581153, 47.160694387739653 ], [ -54.017979388105431, 47.218536905266284 ], [ -53.995276821013263, 47.297852295756805 ], [ -53.954077988554225, 47.304747805642499 ], [ -53.879999214428857, 47.35078979585839 ], [ -53.929139900196247, 47.383820386563336 ], [ -53.841220498502949, 47.411721897829985 ], [ -53.937218299287828, 47.455187689352535 ], [ -53.907548884846477, 47.50834469717929 ], [ -53.911101299602393, 47.611047998523638 ], [ -53.955296917133808, 47.661527197872466 ], [ -53.972352306222355, 47.756608187428796 ], [ -54.125944989764285, 47.83454869840044 ], [ -54.192434888662433, 47.854728500652804 ], [ -54.206407303636134, 47.794989407570561 ], [ -54.359759097821197, 47.600950087459211 ], [ -54.40856909538914, 47.526468083506835 ], [ -54.455913002485204, 47.495123788096457 ], [ -54.404121323634705, 47.451483493863471 ], [ -54.455359187372075, 47.413251294381944 ], [ -54.492919495055261, 47.415954195297765 ], [ -54.558279203720147, 47.366107498907212 ], [ -54.631318187661336, 47.389281201599658 ], [ -54.734431391099498, 47.355689700297205 ], [ -54.82786200506429, 47.41061168594819 ], [ -54.993140890118667, 47.285076097914256 ], [ -55.063495279688148, 47.212955902431105 ], [ -55.016829887127024, 47.187247495870075 ], [ -55.077647587518705, 47.152002703526932 ], [ -55.071124723989172, 47.097599596270733 ], [ -55.108966512143006, 47.055173304716796 ], [ -55.18694659195787, 47.03254319214787 ], [ -55.235320611258466, 46.936587910338858 ], [ -55.377348392125569, 46.876909491631906 ], [ -55.477084322259842, 46.876687298043663 ], [ -55.523625494364111, 46.914950304817204 ], [ -55.57503070457858, 46.920862491877976 ], [ -55.700865889658104, 46.861376591732274 ], [ -55.825900595288196, 46.861334305968285 ], [ -55.968573807264754, 46.908893089259202 ], [ -55.977790699115722, 46.987906413353031 ], [ -55.857258317293727, 47.075612002184862 ], [ -55.778132606575852, 47.107013511259396 ], [ -55.717626895029305, 47.102368097740815 ], [ -55.590501002940407, 47.117173701150989 ], [ -55.522072582931372, 47.142080896705529 ], [ -55.46306200056398, 47.188471102738418 ], [ -55.386243907728236, 47.218688403456916 ], [ -55.311871594771745, 47.270247591271406 ], [ -55.272046694774602, 47.408919490548008 ], [ -55.170768076669745, 47.472061600754365 ], [ -55.102870781461867, 47.490572300240792 ], [ -54.952521987596505, 47.509935807530212 ], [ -54.843873285065975, 47.555623994543232 ], [ -54.864658609596098, 47.640042906512448 ], [ -54.980186793314878, 47.594588607986154 ], [ -55.155358179993584, 47.59718470357101 ], [ -55.20372940098401, 47.632699912065291 ], [ -55.287939490001698, 47.645283387827497 ], [ -55.38557828951393, 47.679528502145082 ], [ -55.42641743267216, 47.674536382935571 ], [ -55.442423779569829, 47.592128301115032 ], [ -55.401306280473349, 47.559833704652085 ], [ -55.409799788083539, 47.490327003933281 ], [ -55.449565997762569, 47.46607749975702 ], [ -55.634370192651168, 47.458876601724342 ], [ -55.662390807019122, 47.493567990311625 ], [ -55.777399300663433, 47.449364693010736 ], [ -55.853933513738774, 47.470351304618916 ], [ -55.801222187333856, 47.543308395816766 ], [ -55.945874405407608, 47.529636010154768 ], [ -55.983915094372087, 47.498173899144284 ], [ -56.043683607449587, 47.49697650848308 ], [ -56.117225385478243, 47.464711798910123 ], [ -56.167362175842619, 47.515771102819961 ], [ -55.991827914371996, 47.546446903798653 ], [ -55.861082099738667, 47.599633713622616 ], [ -55.932216500556464, 47.656644791090386 ], [ -55.895597803555845, 47.704662403370463 ], [ -55.831122101293552, 47.733012589425471 ], [ -55.816494297220082, 47.76416131091834 ], [ -55.866352417934053, 47.783023998125316 ], [ -56.002294797495701, 47.741043584958774 ], [ -56.086035287048901, 47.697734295810939 ], [ -56.156984189854739, 47.724134107743119 ], [ -56.15746189565192, 47.663946101189211 ], [ -56.222170406746216, 47.633721590882949 ], [ -56.327468205712222, 47.626372991011685 ], [ -56.38489179203556, 47.602943497856025 ], [ -56.592387006605513, 47.618149012163371 ], [ -56.65451588848223, 47.606659502173116 ], [ -56.733416201675965, 47.559013287327637 ], [ -56.804352991708413, 47.535329589299792 ], [ -56.935392587826861, 47.565164401882363 ], [ -57.015481513430629, 47.593863703134332 ], [ -57.140197417395513, 47.576180494001107 ], [ -57.157579799859889, 47.639306897708693 ], [ -57.208913890666842, 47.598338705677264 ], [ -57.342576606729928, 47.588973694397311 ], [ -57.339446692115239, 47.650682983582755 ], [ -57.466763289772423, 47.629456402272723 ], [ -57.577060208355171, 47.639696367340761 ], [ -57.595951896875697, 47.620785291909328 ], [ -57.707643004135576, 47.639043892634717 ], [ -57.799920710640983, 47.630219398805984 ], [ -57.936447110969695, 47.671754195726855 ], [ -58.108018599513706, 47.699366404433952 ], [ -58.23896561305866, 47.662324790795566 ], [ -58.372110807618519, 47.691200402268379 ], [ -58.411950505191932, 47.648738398560418 ], [ -58.539169706735606, 47.652221390137498 ], [ -58.629395102875193, 47.615801699646696 ], [ -58.668069087719672, 47.627331500001816 ], [ -58.801328322031949, 47.597583195831909 ], [ -58.893455695250879, 47.602987185945224 ], [ -59.046270022326944, 47.572766698022726 ], [ -59.208611289922004, 47.589672996219704 ], [ -59.270120191531937, 47.625595601299324 ], [ -59.30133131925701, 47.617936195343987 ], [ -59.315202104286705, 47.696794706366084 ], [ -59.298964391019872, 47.73348060811383 ], [ -59.333455995698309, 47.781864103327642 ], [ -59.329909787384793, 47.827356501752611 ], [ -59.41255179526128, 47.898351386272225 ], [ -59.395719109710129, 47.922142098561643 ], [ -59.314266794578586, 47.94607060224272 ], [ -59.263125685062256, 48.004688907216909 ], [ -59.086076193276966, 48.098116597580137 ], [ -58.97905140067882, 48.128949393452665 ], [ -58.809941289667755, 48.260764701597267 ], [ -58.690982686373381, 48.329598295958093 ], [ -58.68862930681054, 48.361306793071655 ], [ -58.623644592643195, 48.39574700311907 ], [ -58.440324996379985, 48.449760908675913 ], [ -58.432278996912984, 48.488637598075236 ], [ -58.466635838737076, 48.517900391453374 ], [ -58.584137910643186, 48.542668192341488 ], [ -58.720620992273453, 48.555438502309592 ], [ -58.775944585301559, 48.531141600277465 ], [ -58.942124608639837, 48.508059587876105 ], [ -59.018163906398563, 48.524945603461951 ], [ -59.083563602808333, 48.513587802828347 ], [ -59.250597820621948, 48.463609700324355 ], [ -59.236067614112464, 48.522113392834157 ], [ -59.16805840763157, 48.582914690936697 ], [ -59.100310883184648, 48.620120305029396 ], [ -58.964222609048342, 48.64491668967986 ], [ -58.951939101463438, 48.604571987818098 ], [ -58.864160709055177, 48.572492993337605 ], [ -58.713676814628094, 48.561376393679701 ], [ -58.653511403176161, 48.650294290859279 ], [ -58.686517905651947, 48.685929105062954 ], [ -58.607506998874328, 48.810651411915366 ], [ -58.538748316364504, 48.875764499994496 ], [ -58.505267390016471, 48.941874302402788 ], [ -58.500965895619842, 49.006216006098079 ], [ -58.469736997368727, 49.016801094354051 ], [ -58.408693595558063, 49.126428905555088 ], [ -58.351684785018129, 49.142089804312654 ], [ -58.338048901441901, 49.056144013771515 ], [ -58.261872688306624, 49.071715786375798 ], [ -58.162409190234513, 49.060799985002184 ], [ -58.151411796917301, 49.116835297090141 ], [ -58.111513913757648, 49.179663501077904 ], [ -58.063494787641048, 49.209807188140822 ], [ -58.16553068598234, 49.236393197267461 ], [ -58.205171914783826, 49.231628490167722 ], [ -58.254421507606743, 49.285384097901954 ], [ -58.218554683685852, 49.419877304279346 ], [ -58.170120920324699, 49.462642300179525 ], [ -57.952968907493535, 49.601310902463837 ], [ -57.966267011267234, 49.663707199153535 ], [ -57.944131298986029, 49.726744217496929 ], [ -57.872198619147028, 49.790736199084563 ], [ -57.867335193709437, 49.838321895203954 ], [ -57.797066458662222, 49.847401188126973 ], [ -57.787349099861714, 49.813673402454711 ], [ -57.70959271075845, 49.821275200002141 ], [ -57.826734292628295, 49.896274793083386 ], [ -57.786012422630961, 49.916179493628469 ], [ -57.646930502915573, 50.146711911133167 ], [ -57.607330793281712, 50.17241439367524 ], [ -57.589824484981087, 50.229968401985872 ], [ -57.530744097952059, 50.347796291952136 ], [ -57.538358710414819, 50.362526302060893 ], [ -57.473323310843519, 50.477162996962903 ], [ -57.387135193645371, 50.533507389049468 ], [ -57.374811587218709, 50.599860787767092 ], [ -57.304856704694764, 50.609162192072262 ], [ -57.314018318637679, 50.671000396979302 ], [ -57.400907310198377, 50.710596007939543 ], [ -57.310580394109849, 50.720116210588046 ], [ -57.171826510967485, 50.750408099506714 ], [ -57.112691722961038, 50.775767498714153 ], [ -56.999155385285363, 50.865840096174573 ], [ -56.989572716126752, 50.987794405098683 ], [ -56.929797779387663, 51.003520803459352 ], [ -56.852520992903379, 51.123474300285118 ], [ -56.791289092836543, 51.147152098112961 ], [ -56.811953894944118, 51.191431612214991 ], [ -56.801535190274173, 51.24394809537187 ], [ -56.751277096838344, 51.271310497994584 ], [ -56.723691886347119, 51.324739288770722 ], [ -56.662306991252358, 51.356201306503287 ], [ -56.472202004630795, 51.418931104042564 ], [ -56.439699181178462, 51.412061706032112 ], [ -56.202003713458915, 51.513950401180722 ], [ -56.11105869068264, 51.5324175959596 ], [ -55.908706306891958, 51.628668400344871 ], [ -55.866786819221716, 51.601062593191195 ], [ -55.900420201760539, 51.549129204860655 ], [ -55.856279389654063, 51.502058386516453 ], [ -55.736428195615893, 51.499192498239964 ], [ -55.708398881421978, 51.52687409863583 ], [ -55.705789893197881, 51.582456304611966 ], [ -55.661105493379289, 51.594565996187718 ], [ -55.472133402163777, 51.597333312341696 ], [ -55.423645301964513, 51.58498509468857 ] ] ], [ [ [ -57.108542975084468, 51.415634901979097 ], [ -57.105486400084814, 51.65645137223018 ], [ -57.107759373026532, 51.998494771107822 ], [ -57.964734987784368, 51.996449283385211 ], [ -59.034409549860229, 51.996981120695516 ], [ -60.201707304927524, 51.997232278842127 ], [ -61.129886092203932, 51.996249369493221 ], [ -61.80652165858114, 51.995808708099396 ], [ -62.844182289210949, 51.996957122663908 ], [ -63.801462640077382, 51.997843676020288 ], [ -63.841138362287026, 52.056498274560596 ], [ -63.707994190814439, 52.093334398537941 ], [ -63.6907707086418, 52.12302059756724 ], [ -63.771677887730526, 52.282775402710115 ], [ -63.768119015799471, 52.327887405829273 ], [ -63.861039004577144, 52.319052991959992 ], [ -64.014560007754127, 52.363727093224476 ], [ -64.025920131788794, 52.405781067858484 ], [ -64.089700267385624, 52.44592801519979 ], [ -64.087677233968904, 52.506514192824021 ], [ -64.015737518858458, 52.577143135227701 ], [ -63.850401712289944, 52.625849907628549 ], [ -63.71645749677328, 52.630933506506501 ], [ -63.597273394565597, 52.647945305073769 ], [ -63.44416290522647, 52.644695394131013 ], [ -63.380686135727295, 52.665175944337669 ], [ -63.459324988803424, 52.71791360973031 ], [ -63.526349961148654, 52.725374952612981 ], [ -63.575861222384709, 52.760964059398397 ], [ -63.599747582842141, 52.824318908294778 ], [ -63.719539419733792, 52.798969282299439 ], [ -63.818975272192382, 52.758530481381101 ], [ -63.872941265668963, 52.773962245501693 ], [ -63.937417232989795, 52.731024294079234 ], [ -64.037274828764851, 52.738244709499725 ], [ -64.137382393774089, 52.729235080560436 ], [ -64.154550372962618, 52.603432573168746 ], [ -64.211121161159625, 52.573601502145308 ], [ -64.15194855237867, 52.519923144221039 ], [ -64.109229088467927, 52.394056717956992 ], [ -64.167424994468035, 52.3615415800001 ], [ -64.180052809124035, 52.306413374795618 ], [ -64.225583270509517, 52.302504221991128 ], [ -64.200692859331241, 52.177016348081217 ], [ -64.160797447890573, 52.146010728038583 ], [ -64.253852941134269, 52.121483271322916 ], [ -64.279378349843327, 52.037560545670395 ], [ -64.233951751067991, 51.990904412373496 ], [ -64.341692241677677, 51.98590031528569 ], [ -64.35270342515058, 51.849275942473206 ], [ -64.302455187576129, 51.803643615551799 ], [ -64.278289317053151, 51.746378548894555 ], [ -64.337125206350578, 51.665294801979819 ], [ -64.417331640657949, 51.674955269744991 ], [ -64.456636700209231, 51.626819367734612 ], [ -64.554355793035242, 51.575804711650491 ], [ -64.653547815866418, 51.701533640297896 ], [ -64.773098727434416, 51.753135225082595 ], [ -64.924675344962751, 51.77785845882876 ], [ -64.930705786492169, 51.714261564274437 ], [ -65.04921692255968, 51.769647398204562 ], [ -65.082585845713581, 51.746198638120369 ], [ -65.186063747245342, 51.775606358698887 ], [ -65.210184776214149, 51.812928233891995 ], [ -65.397569970550705, 51.890847348604623 ], [ -65.354779395910825, 51.942737973386407 ], [ -65.412290961628116, 51.971311258936225 ], [ -65.530669088436184, 52.070800161135892 ], [ -65.548449531177141, 52.038933609720701 ], [ -65.679910051559347, 52.04150752952787 ], [ -65.648561872201128, 52.080920729732561 ], [ -65.68656646290691, 52.103754778177738 ], [ -65.876988998429297, 52.110405411756055 ], [ -65.954780129253166, 52.099878838519302 ], [ -65.970401491089035, 52.056502581919069 ], [ -66.09636477143799, 52.107808372161706 ], [ -66.077162323263565, 52.162262732513575 ], [ -66.160021661885651, 52.231653248441916 ], [ -66.208359244114433, 52.234093129464355 ], [ -66.249647323844272, 52.273983678783047 ], [ -66.312569151310242, 52.285517953142893 ], [ -66.264117038672268, 52.165181407646749 ], [ -66.330113238112546, 52.135934659862016 ], [ -66.490517254523994, 52.341637462779431 ], [ -66.370188069086311, 52.353940676396711 ], [ -66.341712106419251, 52.397210296418862 ], [ -66.390806715306297, 52.465937529195848 ], [ -66.355583764644592, 52.473220580858438 ], [ -66.374672891575884, 52.572750996246754 ], [ -66.440275917271975, 52.636400426381002 ], [ -66.38865738287349, 52.682284200894308 ], [ -66.309302522356418, 52.604590121626842 ], [ -66.277380072630734, 52.634449744414624 ], [ -66.338772668147541, 52.684616782930711 ], [ -66.308331761118765, 52.72859107462417 ], [ -66.354179600338938, 52.802558547608683 ], [ -66.413882781721441, 52.848673944545126 ], [ -66.379420452849885, 52.877468193820157 ], [ -66.294629323916553, 52.860120140980854 ], [ -66.260859657107886, 52.874311881485994 ], [ -66.321954141623564, 52.938933089623148 ], [ -66.360771043990354, 53.014390366065875 ], [ -66.431834641167512, 53.048202595904833 ], [ -66.507008277624081, 52.950123042565565 ], [ -66.576995972689716, 52.936786870959104 ], [ -66.625553773001087, 52.954243262975282 ], [ -66.663698431126861, 52.885464283080942 ], [ -66.6460623787694, 52.788923467315264 ], [ -66.753746313672366, 52.751488101579298 ], [ -66.772126737508586, 52.69620359776043 ], [ -66.853700006489305, 52.721144817432162 ], [ -66.894460114791173, 52.676661705293299 ], [ -66.949265241608899, 52.759582685455008 ], [ -67.034304082226342, 52.747015631036774 ], [ -67.067006743058201, 52.775116248014484 ], [ -67.047671687709339, 52.837240206554 ], [ -67.074252229077402, 52.875451808874701 ], [ -67.22747230011214, 52.841770832979172 ], [ -67.268532696075056, 52.877710714020282 ], [ -67.316824459958781, 52.87544767915729 ], [ -67.355742900497901, 52.928627776627444 ], [ -67.332665699261668, 52.959818154038352 ], [ -67.380786079120824, 53.046255958716387 ], [ -67.392336828817108, 53.120855037052124 ], [ -67.287214602646969, 53.143921347402575 ], [ -67.154227980342085, 53.147225479978225 ], [ -67.0416076097505, 53.076072140466174 ], [ -66.98442990896541, 53.087909300223501 ], [ -67.006133013300314, 53.168475255196967 ], [ -66.978061671442816, 53.213263312131687 ], [ -66.958415498694976, 53.306450334472487 ], [ -67.027050616945857, 53.334646126746293 ], [ -66.96610332272266, 53.364621761095009 ], [ -66.924447860281504, 53.418660876996618 ], [ -66.944524086961934, 53.476053398182046 ], [ -66.99629644456509, 53.484617517795598 ], [ -67.030308238711115, 53.526737052800016 ], [ -67.157685450071028, 53.537633609041066 ], [ -67.218769059447297, 53.530340335188306 ], [ -67.257405881126161, 53.557388574817821 ], [ -67.3947309229372, 53.614654306131875 ], [ -67.396849712880879, 53.682879300543846 ], [ -67.506319064322625, 53.719061532764343 ], [ -67.500000013951436, 53.757267350185991 ], [ -67.592219028592666, 53.757497823078189 ], [ -67.499608315158511, 53.82685640376814 ], [ -67.571489743250865, 53.845566761291423 ], [ -67.699839328933976, 53.976604482263149 ], [ -67.821685287837155, 54.02570234616541 ], [ -67.761835257671493, 54.086046092119112 ], [ -67.810252416245589, 54.128132908733591 ], [ -67.765036571654463, 54.157000191873024 ], [ -67.675321973746208, 54.158761220991977 ], [ -67.628302652045193, 54.21275146445889 ], [ -67.677330398521306, 54.241680311838834 ], [ -67.676366167130638, 54.318524301813696 ], [ -67.748036723920578, 54.350260854735275 ], [ -67.724698366072715, 54.386855786397568 ], [ -67.77639035065485, 54.435279848071168 ], [ -67.667811669969709, 54.453841962911987 ], [ -67.581657854942762, 54.494108526966585 ], [ -67.500405519315947, 54.481506553088479 ], [ -67.473112977945462, 54.520101921461638 ], [ -67.526882422482785, 54.570951096013879 ], [ -67.429025261834482, 54.569234384714342 ], [ -67.349235252579774, 54.516991951299381 ], [ -67.244944651654023, 54.500033909070424 ], [ -67.277821810334501, 54.548707291304311 ], [ -67.231175718946574, 54.587566925329575 ], [ -67.138551009975046, 54.62453865894296 ], [ -67.129003465399691, 54.657719417719733 ], [ -67.062900813836251, 54.692933109288873 ], [ -67.213418531490717, 54.792748813360454 ], [ -67.399755673508693, 54.957858957724874 ], [ -67.445871821256148, 55.008503827248106 ], [ -67.46370387188513, 55.06285691634416 ], [ -67.40963252886479, 55.088633236541135 ], [ -67.322837867544905, 55.089065313549249 ], [ -67.243730256973052, 55.059635448814156 ], [ -67.257484608938256, 55.021274194343128 ], [ -67.056510504430022, 54.894937708183669 ], [ -67.039854658633246, 54.868081493376863 ], [ -66.947846670657299, 54.822310512761355 ], [ -66.875663327041039, 54.81600960732942 ], [ -66.812717450322282, 54.779397239969185 ], [ -66.718094529546605, 54.760782263595502 ], [ -66.659428397576249, 54.770217773647744 ], [ -66.602651097902765, 54.813506309815814 ], [ -66.681408178988107, 54.923667784104381 ], [ -66.742223698314334, 54.969480208716234 ], [ -66.686013553356361, 55.000053790921456 ], [ -66.735037652662712, 55.044052675736225 ], [ -66.754941653247087, 55.113571289171034 ], [ -66.748900417618884, 55.215698941707139 ], [ -66.707230859628254, 55.22712308681151 ], [ -66.823725822445923, 55.306969763749223 ], [ -66.778462282138463, 55.352388150666528 ], [ -66.696940182587895, 55.305323091222959 ], [ -66.669773483109083, 55.269444730716664 ], [ -66.602792627933496, 55.268981382467274 ], [ -66.495337975707557, 55.205106901559624 ], [ -66.466426246763348, 55.160262407861907 ], [ -66.354994999547117, 55.083209202444522 ], [ -66.260283841345057, 55.000182646071437 ], [ -66.143581332036632, 54.982298787688435 ], [ -66.064490355636835, 54.929068441300807 ], [ -66.023395887578403, 54.941953342175282 ], [ -65.849845423742053, 54.927210875515392 ], [ -65.838314875313728, 54.836527530358964 ], [ -65.777425219600417, 54.802809648119997 ], [ -65.690115312183224, 54.711527016453694 ], [ -65.592553701181288, 54.743036008201507 ], [ -65.455530319273805, 54.728583245138331 ], [ -65.434619797005467, 54.784183462053782 ], [ -65.486655204799064, 54.820068726121292 ], [ -65.456335714703727, 54.849242332854196 ], [ -65.355839651956501, 54.8187614005234 ], [ -65.325695256155242, 54.848678011865026 ], [ -65.209623123427363, 54.847957778531622 ], [ -65.172892874845331, 54.933604320455871 ], [ -65.126449345810897, 54.961478035894437 ], [ -65.009560616161167, 54.930964232645564 ], [ -64.971900558801664, 54.937395575316586 ], [ -64.747874831448684, 54.813994294434856 ], [ -64.778086893039543, 54.733468773626683 ], [ -64.679968374570848, 54.735712552056839 ], [ -64.556882472605807, 54.713662281366588 ], [ -64.486069271923739, 54.793435570900009 ], [ -64.397474582481252, 54.790492952141662 ], [ -64.294527847134205, 54.753273762394805 ], [ -64.141849812784415, 54.666957398946828 ], [ -64.054277177746741, 54.600908292009635 ], [ -63.974422536237668, 54.620120235383922 ], [ -63.91143915535153, 54.604248672376826 ], [ -63.813377233290026, 54.650785802140483 ], [ -63.742757932000231, 54.626399289256504 ], [ -63.802959712644196, 54.725642065882127 ], [ -63.889741234884269, 54.768358773193349 ], [ -63.903664391092249, 54.801078014097797 ], [ -63.817161538485294, 54.816921864181424 ], [ -63.849032113469477, 54.862611283811454 ], [ -63.820518333412025, 54.947958102622458 ], [ -63.751900296301649, 54.942308841247687 ], [ -63.661282815977231, 54.89995248827897 ], [ -63.604529659058997, 54.926251537419866 ], [ -63.557534519589097, 54.989937849078437 ], [ -63.55639199955408, 55.034443911857601 ], [ -63.611366864872899, 55.090803775552523 ], [ -63.541549972798165, 55.160097838801271 ], [ -63.562918355717166, 55.187616378369434 ], [ -63.431871190566838, 55.211342655533393 ], [ -63.462635608228915, 55.255264694080651 ], [ -63.547410472743259, 55.225469002805553 ], [ -63.679475057745584, 55.266886878586512 ], [ -63.542063903023127, 55.309667193949259 ], [ -63.551922384321543, 55.344887355581022 ], [ -63.442249580073565, 55.344059730633603 ], [ -63.324848694712323, 55.366046934579686 ], [ -63.319786893706052, 55.411806345216057 ], [ -63.393038293263238, 55.404780959384937 ], [ -63.47856669858362, 55.429205558345558 ], [ -63.665397051739873, 55.423050567059576 ], [ -63.736706707829498, 55.438239286491402 ], [ -63.775471358731508, 55.48170900854398 ], [ -63.691482710595274, 55.50871130632413 ], [ -63.665472806415593, 55.545987582797004 ], [ -63.715982406032175, 55.657673675438637 ], [ -63.725138660352613, 55.726637914169793 ], [ -63.674200580504454, 55.759325110276748 ], [ -63.777022753804353, 55.801478760280155 ], [ -63.773612581170248, 55.856054024331407 ], [ -63.845098695004872, 55.879073405106453 ], [ -63.792582799435856, 55.931461706187712 ], [ -63.733941897010588, 55.928018481211105 ], [ -63.495771826637636, 56.040012956785048 ], [ -63.636721292975757, 56.023522706647356 ], [ -63.731262805357098, 56.070152374604326 ], [ -63.811050638184305, 56.084634859125437 ], [ -63.883694707046374, 56.137032386233628 ], [ -63.953088187106658, 56.088227135284065 ], [ -64.002133308725675, 56.10273030724322 ], [ -64.035963316365084, 56.154881041290047 ], [ -63.862933859589205, 56.212588881900572 ], [ -63.967109880164777, 56.256396682967413 ], [ -64.090495849575277, 56.279897804269567 ], [ -64.143438113788449, 56.311966389754559 ], [ -64.099352133385523, 56.351912603548477 ], [ -64.152740169874747, 56.441112115895194 ], [ -63.993015978017368, 56.408211267669564 ], [ -63.872916543128852, 56.448970441104507 ], [ -63.930632407097825, 56.466207039565234 ], [ -63.931062987395116, 56.533757549352821 ], [ -64.050461398065409, 56.60634805647873 ], [ -64.145314397046747, 56.699754842161674 ], [ -64.078907339506799, 56.767003172283886 ], [ -64.012759544996669, 56.778676861569643 ], [ -64.01297796071799, 56.849846417459162 ], [ -63.867395988195753, 56.883376110795233 ], [ -63.908099828968012, 56.927521103260752 ], [ -63.890083399987105, 57.086083058273907 ], [ -63.820148408742632, 57.075498910317862 ], [ -63.764885510510162, 57.139925626304986 ], [ -63.770985000237587, 57.196018312018317 ], [ -63.741466856618651, 57.240765568473329 ], [ -63.883373482795868, 57.27762095872793 ], [ -63.855820776773399, 57.334301215354103 ], [ -63.701301159437079, 57.368333581119813 ], [ -63.710305510238122, 57.422630002977947 ], [ -63.761260859452243, 57.439331667754324 ], [ -63.775221383538046, 57.493572793897506 ], [ -63.751168606381299, 57.535743571607121 ], [ -63.771915905788845, 57.592449770745617 ], [ -63.649951487416679, 57.620063889372737 ], [ -63.598727324353341, 57.663840479554906 ], [ -63.596770436416477, 57.741247649493175 ], [ -63.73529089840828, 57.662801880192482 ], [ -63.847476419075143, 57.719022896915945 ], [ -63.883421663027079, 57.712607344366518 ], [ -63.938596251969365, 57.788551008127236 ], [ -63.99724891398008, 57.812078690206221 ], [ -64.072001289891901, 57.770020342366507 ], [ -64.116675411542971, 57.811139397663332 ], [ -64.204661835615639, 57.973629708588035 ], [ -64.250960325085131, 58.038718517532324 ], [ -64.320507802157124, 58.061487992308905 ], [ -64.433091441265631, 58.069908092088141 ], [ -64.421732517792833, 58.186673665475269 ], [ -64.373562816018236, 58.208380595938188 ], [ -64.247503821088699, 58.22742144140328 ], [ -64.217776976948514, 58.24773219887706 ], [ -64.172222670774801, 58.361873266277989 ], [ -64.022538934296719, 58.371019214747584 ], [ -63.986578551326829, 58.444357917491025 ], [ -63.88111327541047, 58.429439660420528 ], [ -63.807850050262182, 58.489746101986263 ], [ -63.85869189961322, 58.504514406963828 ], [ -63.8581940632493, 58.563797645892095 ], [ -63.907366072215559, 58.573492087107766 ], [ -63.97357898669371, 58.5296360838651 ], [ -64.046939807522634, 58.535070828764113 ], [ -64.104943467539343, 58.563230007646482 ], [ -64.107926733899191, 58.639650686286522 ], [ -64.047222191266172, 58.702628470469975 ], [ -63.950253770061344, 58.685247328258519 ], [ -63.754373873480439, 58.716737060444771 ], [ -63.619283531606982, 58.723860621450214 ], [ -63.50679394948564, 58.742574627816971 ], [ -63.492157355828333, 58.768545212621838 ], [ -63.550785079865854, 58.836550115192196 ], [ -63.595341144193434, 58.857175759469932 ], [ -63.777683327197693, 58.884058758685811 ], [ -63.81213795872447, 58.847062793496001 ], [ -64.045337573071919, 58.810350372235533 ], [ -64.069708783910002, 58.769086194356284 ], [ -64.137792863163469, 58.74616687480794 ], [ -64.178784975027355, 58.789039589471791 ], [ -64.229704568454565, 58.78364847472232 ], [ -64.233656709180451, 58.864113343997708 ], [ -64.332540164088144, 58.9045627597216 ], [ -64.455800990183363, 58.908216670678343 ], [ -64.550182519936143, 58.887455428746733 ], [ -64.651650200898189, 58.943752041029931 ], [ -64.730669930386924, 58.950784035796119 ], [ -64.820713512395429, 58.916892718893905 ], [ -64.865015902263494, 59.015404972536317 ], [ -64.779238807886429, 59.074957440196094 ], [ -64.683256931031494, 59.074695387765402 ], [ -64.670275211199439, 59.038614428594443 ], [ -64.570619539849886, 59.027274786820286 ], [ -64.460301091119732, 58.981514252423821 ], [ -64.387705323229511, 59.006183813497344 ], [ -64.261791154519372, 59.012956564701483 ], [ -64.315175988568967, 59.06562976234342 ], [ -64.490309140934727, 59.099075067690265 ], [ -64.472714698429598, 59.180391198076642 ], [ -64.521847460563464, 59.196741120029635 ], [ -64.488603468882204, 59.25711006884373 ], [ -64.543536274825655, 59.310435057963126 ], [ -64.49330274791707, 59.349576142135923 ], [ -64.538338966758687, 59.370781933089162 ], [ -64.51159836477494, 59.422979851969039 ], [ -64.324069310403004, 59.512774126382162 ], [ -64.433766212402617, 59.54197359688704 ], [ -64.589672625035689, 59.466182660293285 ], [ -64.679834930435234, 59.44690514256316 ], [ -64.764145072917955, 59.514868003529664 ], [ -64.839629583584951, 59.553341986726927 ], [ -64.898259490141626, 59.641783276484148 ], [ -64.760485449672657, 59.70655815773226 ], [ -64.825224529208569, 59.825607977848854 ], [ -64.741521600628786, 59.889298936918443 ], [ -64.640977049526157, 59.907448061642683 ], [ -64.662230462032468, 59.952553963305768 ], [ -64.840228437606669, 59.970319076173148 ], [ -64.895875536748676, 60.066209292449493 ], [ -64.742713986757664, 60.056131129490836 ], [ -64.707986847421694, 60.084609143824167 ], [ -64.593715864458929, 60.117031272367683 ], [ -64.602471053147269, 60.167014620916902 ], [ -64.745562506174437, 60.168628045405413 ], [ -64.749879573013303, 60.188155582966175 ], [ -64.863941266764073, 60.228196802298385 ], [ -64.853777824671937, 60.26941146105294 ], [ -64.723425872864254, 60.291478300701669 ], [ -64.523528997095525, 60.300589287266213 ], [ -64.415661084132964, 60.271094898539026 ], [ -64.368771983315995, 60.164992809350437 ], [ -64.358824999034823, 60.046904398544314 ], [ -64.430391078679008, 59.940629797123009 ], [ -64.312926627172473, 59.998468497521543 ], [ -64.327846103634883, 60.029553109157241 ], [ -64.271478209319099, 60.055605299304432 ], [ -64.157161805010517, 60.013299685552106 ], [ -64.233247330754438, 59.946831893743877 ], [ -64.125361301291036, 59.898317802838662 ], [ -64.177329192110037, 59.854663783566622 ], [ -64.03362007123539, 59.849028906719042 ], [ -64.026987908566724, 59.784165105450079 ], [ -63.949599191982585, 59.763388209843363 ], [ -64.005243781474022, 59.718378405429846 ], [ -64.100807984668364, 59.694608706573774 ], [ -64.202107388915564, 59.772044193906112 ], [ -64.23878569006429, 59.739532892999428 ], [ -64.16785639271616, 59.687227583676886 ], [ -64.044268208569193, 59.679039801847381 ], [ -63.948716866599796, 59.68711140571925 ], [ -63.95642379151186, 59.635598595595148 ], [ -63.888554709584533, 59.620169013981617 ], [ -63.851322424100445, 59.566140003253224 ], [ -63.750804886520051, 59.537530008644787 ], [ -63.722061003424578, 59.500000003764832 ], [ -63.794310283584771, 59.42025898792884 ], [ -63.751753993958395, 59.385041983414929 ], [ -63.718135217746706, 59.295404009302352 ], [ -63.642968700171544, 59.36124559905879 ], [ -63.534430892819856, 59.341625202906819 ], [ -63.524244101436224, 59.265237797112547 ], [ -63.392813290319509, 59.282764505186549 ], [ -63.420549990687512, 59.207761211113038 ], [ -63.364930199829217, 59.201957095649718 ], [ -63.40757516856636, 59.123569104942007 ], [ -63.588887494618682, 59.060351198000397 ], [ -63.752787984425325, 59.047502607680272 ], [ -63.744492279364366, 59.011488200599437 ], [ -63.621576318224008, 59.041488207215615 ], [ -63.553749381821127, 59.034757508787784 ], [ -63.43639687751746, 59.063077094821146 ], [ -63.389255522165925, 59.09506079557692 ], [ -63.140359878197934, 59.053817500177331 ], [ -63.16975482982135, 58.986685297017409 ], [ -63.169437594721451, 58.928666293858356 ], [ -63.214878208794914, 58.881696098282859 ], [ -63.183294982916728, 58.820596989292937 ], [ -63.028378510994997, 58.876278604488682 ], [ -62.978428420858506, 58.832208503712756 ], [ -62.909208491674903, 58.822712190910877 ], [ -62.919439784637262, 58.748284799586322 ], [ -62.851465370271661, 58.701283601645947 ], [ -62.904013098748173, 58.60096438534346 ], [ -63.147715619180751, 58.527568199056731 ], [ -63.165822602704878, 58.507084492452933 ], [ -63.363074277472371, 58.481393701607054 ], [ -63.338899979242065, 58.458194896515565 ], [ -63.137828397240327, 58.479322509157484 ], [ -63.069491178215003, 58.445544202997048 ], [ -62.971148684367634, 58.446883191505833 ], [ -62.811776304936082, 58.499362314345547 ], [ -62.564516708342815, 58.466826399006294 ], [ -62.646695025885002, 58.410225198213851 ], [ -62.613574184842868, 58.365328494037563 ], [ -62.60993007740062, 58.310900500072883 ], [ -62.680225018755912, 58.297573908560857 ], [ -62.699261208608796, 58.259614907123073 ], [ -62.582473491832673, 58.226335409128843 ], [ -62.655474495026056, 58.167506694078384 ], [ -62.804552689896411, 58.176888703115111 ], [ -63.013532110759414, 58.139102607822707 ], [ -62.950003204396246, 58.123530386732455 ], [ -62.837105501879542, 58.136229611264106 ], [ -62.752286673590575, 58.115927600682596 ], [ -62.586649672197524, 58.129179100880357 ], [ -62.54865142469626, 58.169482198218468 ], [ -62.462238815294441, 58.144503606436963 ], [ -62.529645196356299, 58.107723905762981 ], [ -62.312921882337953, 58.041834490726373 ], [ -62.365469988241131, 58.000000005624116 ], [ -62.503288115162761, 57.97623289329848 ], [ -62.284736686381741, 57.947633699159908 ], [ -62.210464784087804, 57.918570904677992 ], [ -62.152883221406832, 57.969342693548079 ], [ -62.012786486778417, 57.913886709790525 ], [ -61.940443798548529, 57.914740602996424 ], [ -61.876984792130081, 57.845231683162559 ], [ -61.900877684432423, 57.803836900858308 ], [ -61.997673081733822, 57.764501904046604 ], [ -61.904873103010907, 57.676900199117767 ], [ -61.895628891440275, 57.628696392188075 ], [ -62.009611881218028, 57.617900295743233 ], [ -62.095764100030564, 57.572513409051574 ], [ -62.110441183407048, 57.539826903063812 ], [ -62.183638306723218, 57.523631696961779 ], [ -62.252428112335629, 57.544187612147809 ], [ -62.355345578362687, 57.458537098962005 ], [ -62.411653408400461, 57.477741600653133 ], [ -62.464838979703067, 57.453504496745914 ], [ -62.354948075490078, 57.420350405547502 ], [ -62.233937707521093, 57.443401406030603 ], [ -62.184405288563632, 57.470768695937139 ], [ -62.062602108342212, 57.458724888758084 ], [ -61.806189516031516, 57.376304207747594 ], [ -61.893906091944849, 57.318154090103434 ], [ -61.787665715077644, 57.237689192394818 ], [ -61.869219507835993, 57.227255707041685 ], [ -61.878569015876913, 57.264912590008862 ], [ -62.02644939652955, 57.253103289367111 ], [ -61.917587576810142, 57.219363306388423 ], [ -61.877196411718536, 57.18148319980434 ], [ -61.786553609358762, 57.174213191921432 ], [ -61.657931511114974, 57.143253288439261 ], [ -61.62074470639805, 57.160630305267873 ], [ -61.489663081646896, 57.165172699171393 ], [ -61.41373919614373, 57.147952009775295 ], [ -61.362517883432055, 57.09878229573836 ], [ -61.384650324440301, 57.050490092342507 ], [ -61.358214914530713, 57.024266411696921 ], [ -61.403468876941957, 56.983949903687112 ], [ -61.480757521052787, 56.9861695043544 ], [ -61.56710678347148, 56.955120903608695 ], [ -61.568968715382894, 56.91195769911576 ], [ -61.646329496142187, 56.886060184697591 ], [ -61.657187224603128, 56.810185990969892 ], [ -61.81026112172033, 56.788421796655072 ], [ -61.700959299152991, 56.708474809780384 ], [ -61.78073278684316, 56.671361699038009 ], [ -61.741467990367426, 56.629203485725427 ], [ -61.86835787792311, 56.626584796072464 ], [ -62.150161700308843, 56.701439600136673 ], [ -62.046958996031691, 56.624663691863205 ], [ -62.093773310781231, 56.598755116527641 ], [ -61.929801580070084, 56.576723500066905 ], [ -61.874273009251986, 56.591247001531436 ], [ -61.766051488427152, 56.559489398352291 ], [ -61.695166997777108, 56.565298191593058 ], [ -61.641038721636946, 56.526489900630729 ], [ -61.669913417452207, 56.503707497620432 ], [ -61.800285317092232, 56.484807290881655 ], [ -62.017898311646142, 56.534494205751592 ], [ -62.014916075639846, 56.485379404210356 ], [ -62.162332288113006, 56.454670503125413 ], [ -62.072119323454956, 56.412339193709371 ], [ -62.043532597908289, 56.426195898390766 ], [ -61.815554789084509, 56.404818498833698 ], [ -61.772624108274726, 56.357308708619477 ], [ -61.786720404483191, 56.317899096698561 ], [ -61.663813909248049, 56.321840503303093 ], [ -61.672524297144804, 56.269695898691403 ], [ -61.737850818008624, 56.245227500270367 ], [ -61.785046191271469, 56.27419460132797 ], [ -61.892378800818747, 56.295979098573888 ], [ -61.942195739775038, 56.273535713991926 ], [ -62.043888153880758, 56.300858914197093 ], [ -62.073355318518267, 56.280480400762286 ], [ -62.029332586610458, 56.224635007714454 ], [ -61.938618986653651, 56.213594687169675 ], [ -61.695322676726867, 56.222828896232713 ], [ -61.575204885731111, 56.217217702180136 ], [ -61.549732906509796, 56.190779310124135 ], [ -61.409895694173741, 56.222760082835585 ], [ -61.393114682795591, 56.17567939698376 ], [ -61.432255204015995, 56.150406896358312 ], [ -61.314139408247776, 56.083820488359699 ], [ -61.28587780628628, 56.025220511216901 ], [ -61.41041390870835, 56.024060411109652 ], [ -61.406152901668051, 55.961688313669406 ], [ -61.336956316640212, 55.971332091725458 ], [ -61.122100291255819, 55.969608189423951 ], [ -61.071294117161358, 55.892263193181208 ], [ -61.17006329439689, 55.864717606779628 ], [ -61.10615492083037, 55.840058097823729 ], [ -60.931469310854304, 55.861848793788369 ], [ -60.890281277173543, 55.847448806107252 ], [ -60.780150995014324, 55.853196612921877 ], [ -60.645948909754267, 55.829011388684123 ], [ -60.603857019088636, 55.806929303318931 ], [ -60.637436691142028, 55.771409004801399 ], [ -60.58319830193485, 55.669190895160249 ], [ -60.488367203029505, 55.806694989659611 ], [ -60.424484113182217, 55.772432989177354 ], [ -60.328352197187847, 55.777211397871476 ], [ -60.333754101072834, 55.74416710849308 ], [ -60.396756879305492, 55.688714899875762 ], [ -60.486986284907353, 55.66016189872785 ], [ -60.347273998646642, 55.57524490421283 ], [ -60.33842130539292, 55.524414612253857 ], [ -60.400647003575294, 55.456491995754831 ], [ -60.456283180453781, 55.442209203618063 ], [ -60.450284215814804, 55.388474403052399 ], [ -60.342005484831553, 55.49262220285059 ], [ -60.279264902780632, 55.505815900676168 ], [ -60.207922985435644, 55.46672619096271 ], [ -60.202665002010143, 55.418138811860253 ], [ -60.318568490321702, 55.410768802443329 ], [ -60.39049110487958, 55.354391198247065 ], [ -60.381962604662291, 55.326494605152938 ], [ -60.424904577588599, 55.266380900786885 ], [ -60.39343451325658, 55.213842089471953 ], [ -60.457926813524551, 55.193382801750623 ], [ -60.463471510456905, 55.152139493051301 ], [ -60.3632473992798, 55.170216686243833 ], [ -60.260663295188991, 55.251761096557075 ], [ -60.171076074203114, 55.20386700465842 ], [ -60.081381879348768, 55.259379594058196 ], [ -60.099307599707117, 55.1771244086734 ], [ -60.156436212877999, 55.125433895369802 ], [ -60.255281895382105, 55.093663894355643 ], [ -60.231317902528062, 55.060809600422417 ], [ -60.112268406156154, 55.121386694246873 ], [ -60.03148400201092, 55.227026288981975 ], [ -59.921572201246192, 55.22788530488436 ], [ -59.860744692343694, 55.301900106035397 ], [ -59.811391185246286, 55.313308298787774 ], [ -59.725230576291828, 55.268699703767751 ], [ -59.740691112176172, 55.205520410231841 ], [ -59.799715792078288, 55.187185692023824 ], [ -59.786465411118307, 55.138093589687884 ], [ -59.551528812220596, 55.16765569688171 ], [ -59.471677989949491, 55.162254594455568 ], [ -59.518599987800812, 55.051514800355754 ], [ -59.56937510878506, 55.046120799187619 ], [ -59.620240219298395, 55.001829003191176 ], [ -59.722356789961367, 54.973852791391216 ], [ -59.742031016624658, 54.930597696536175 ], [ -59.619179880130623, 54.948569595093907 ], [ -59.465398107154897, 55.046938211465424 ], [ -59.407252588134462, 55.053746394733459 ], [ -59.302622006036515, 55.145290793958956 ], [ -59.279339322593074, 55.195059195231607 ], [ -59.195944110638216, 55.201945393579045 ], [ -59.131622384777422, 55.181744699073874 ], [ -59.172074206824867, 55.124276299251648 ], [ -59.111191907883736, 55.113604596107777 ], [ -59.0268333161493, 55.15372700034645 ], [ -58.957471597588984, 55.072293489726825 ], [ -59.03465959558023, 55.020180582842194 ], [ -58.910836681164128, 54.955838700969068 ], [ -58.950960504136923, 54.912181508853507 ], [ -58.892835493922156, 54.898530088513127 ], [ -58.924552400149636, 54.831268502185559 ], [ -58.856798425678619, 54.812408993870932 ], [ -58.731830995843026, 54.839412312351648 ], [ -58.661496811276997, 54.805072689808746 ], [ -58.563243789723423, 54.809936810160409 ], [ -58.415204011557435, 54.734694193711285 ], [ -58.41057027424425, 54.773613698786491 ], [ -58.328510287314806, 54.79568539585987 ], [ -58.233615819343946, 54.796760294206734 ], [ -58.224736776329557, 54.879653898433737 ], [ -58.097611270180238, 54.878496203595695 ], [ -57.971997807235212, 54.927670808893559 ], [ -57.944102110746591, 54.88079379070988 ], [ -57.989330009469292, 54.837851290547889 ], [ -57.868752486600414, 54.792627694154163 ], [ -57.971591785761248, 54.784459500906131 ], [ -57.943193008829191, 54.75142439247292 ], [ -57.838540122990487, 54.740090592768262 ], [ -57.827589117502704, 54.712816790480431 ], [ -57.740402995661903, 54.671577201432342 ], [ -57.716976484153406, 54.640524098414581 ], [ -57.646535686029097, 54.629331808357776 ], [ -57.561511597796439, 54.662564285653936 ], [ -57.346963177798777, 54.585115904307877 ], [ -57.387302020038774, 54.548642598938926 ], [ -57.379239504993549, 54.509511697378549 ], [ -57.545861110371142, 54.456094505052718 ], [ -57.636537597312298, 54.376394694815545 ], [ -57.705812890692371, 54.367697389536005 ], [ -57.813637582337201, 54.385957995840997 ], [ -57.836638496824932, 54.369704703790624 ], [ -57.939675078173998, 54.390643002315592 ], [ -58.052272486921943, 54.368522204663819 ], [ -58.190617709159781, 54.358679902073931 ], [ -58.182068397859872, 54.294416311636475 ], [ -58.258471993901566, 54.282287391226504 ], [ -58.232132102963952, 54.249591399718 ], [ -58.399653982796011, 54.234655193067546 ], [ -58.578931012068047, 54.205110790398585 ], [ -58.629198489319037, 54.164415489216104 ], [ -58.803857790118585, 54.130984906948335 ], [ -58.878584809444781, 54.144953395672502 ], [ -59.05527802062926, 54.105345296753924 ], [ -59.23734941035157, 54.08162330287292 ], [ -59.403630510380822, 54.027470499803584 ], [ -59.503727521090632, 54.037940296753547 ], [ -59.580085684220414, 54.017468995581147 ], [ -59.386547812113484, 53.995877289199761 ], [ -59.22701051189992, 54.035829012516523 ], [ -59.091804487358338, 54.060052707644608 ], [ -59.031783389289672, 54.059516407026607 ], [ -58.717850914069842, 54.125654690964822 ], [ -58.556641895529474, 54.190843409975344 ], [ -58.393877995508873, 54.215422086458602 ], [ -58.443065700599441, 54.151914389934042 ], [ -58.51923817657633, 54.108727005715899 ], [ -58.615406300416907, 54.038592790345945 ], [ -58.719402996659099, 54.025883685090101 ], [ -58.959755788832524, 54.046191901907711 ], [ -58.934275197522972, 54.001852997036593 ], [ -58.981522306780754, 53.964891093163537 ], [ -59.192233712340069, 53.93430130096808 ], [ -59.436679017012153, 53.854535800228376 ], [ -59.573077606454149, 53.818900789098656 ], [ -59.837907396337251, 53.844874903086961 ], [ -59.84076789337248, 53.786629910298622 ], [ -59.988660302819426, 53.789635207796103 ], [ -60.108027211391949, 53.75790079698271 ], [ -60.057001502368884, 53.72123920423801 ], [ -60.108049992549731, 53.685502296281399 ], [ -60.130324227383419, 53.622931896061544 ], [ -60.083473918675416, 53.569466401091752 ], [ -60.137295902044315, 53.53832929232717 ], [ -60.109963607890251, 53.495765987045729 ], [ -60.060714886454875, 53.500613289897821 ], [ -60.034715202943453, 53.440820591880389 ], [ -60.139514497474217, 53.464751984751736 ], [ -60.356147005841031, 53.378403705528058 ], [ -60.305722718793341, 53.346913290696939 ], [ -60.203577005540659, 53.372629004263793 ], [ -60.188212906036938, 53.339064804713558 ], [ -60.06429729104903, 53.340630699013587 ], [ -59.96094509914618, 53.416207784586454 ], [ -59.890050400054548, 53.494091998512005 ], [ -59.909190023275606, 53.529728398259572 ], [ -59.837927790165097, 53.544868203614108 ], [ -59.757652797415759, 53.512592302386764 ], [ -59.70800039842252, 53.534797095923722 ], [ -59.589553012485112, 53.529423892106671 ], [ -59.483852707190216, 53.577640496408407 ], [ -59.455038496613334, 53.6090617927902 ], [ -59.33192939162236, 53.662662909428647 ], [ -59.323968217491746, 53.693523602431796 ], [ -59.190795203022525, 53.670942796763207 ], [ -59.083102395355375, 53.68621920064043 ], [ -59.018009478510194, 53.716279195637071 ], [ -59.018067604685534, 53.7599386890682 ], [ -59.055869899855686, 53.800253893655984 ], [ -58.8900177129063, 53.887739804509984 ], [ -58.864262876676065, 53.930995896619081 ], [ -58.686849802562833, 53.964036085527766 ], [ -58.449592593506672, 54.032220708889298 ], [ -58.394475198976238, 54.027702213148736 ], [ -58.333275307161429, 54.058793503898869 ], [ -58.218001712025902, 54.06581859644011 ], [ -58.110801500822987, 54.105446702856092 ], [ -57.948311201585689, 54.071089310364812 ], [ -57.875959026584475, 54.08188719361145 ], [ -57.858069584390101, 54.108479292279966 ], [ -58.171634020585138, 54.137054998852193 ], [ -58.264978484301395, 54.092799696258147 ], [ -58.391604683877091, 54.122503791519463 ], [ -58.40457869563604, 54.153976301003844 ], [ -58.355723695933207, 54.204825409199024 ], [ -58.289858808891267, 54.202212810622541 ], [ -58.163013992147619, 54.236795483847153 ], [ -58.054022616400545, 54.238333102650849 ], [ -57.851005405117938, 54.200665912661712 ], [ -57.619522007026958, 54.203789404118361 ], [ -57.596558015937127, 54.17990090393576 ], [ -57.507114687867428, 54.198310202045207 ], [ -57.442028299721265, 54.190859814045268 ], [ -57.417292486277177, 54.142511004816001 ], [ -57.28813178728241, 54.000558595052894 ], [ -57.212129306495854, 53.954380897209276 ], [ -57.206943801819975, 53.878618995670102 ], [ -57.137515999176806, 53.837264996959384 ], [ -57.085385601739944, 53.831320694881107 ], [ -57.153831480630586, 53.758187696901693 ], [ -57.118269289049039, 53.739679209745873 ], [ -57.327517583331066, 53.664386701550626 ], [ -57.421316800352592, 53.642938492118702 ], [ -57.416179523564118, 53.595631801554248 ], [ -57.338780622828345, 53.600879193870092 ], [ -57.335905297279268, 53.547630293991411 ], [ -57.300371291550128, 53.518403708056553 ], [ -57.313414289136361, 53.455780904038718 ], [ -57.211235991643115, 53.500000007658933 ], [ -57.11906521265481, 53.560250890603278 ], [ -57.142299013783408, 53.625861897507328 ], [ -57.066854095560821, 53.637221109049314 ], [ -57.070833603883365, 53.668461909733253 ], [ -56.964825699462644, 53.732878706626494 ], [ -56.865918596128161, 53.712908790205773 ], [ -56.820629998009139, 53.744445692296871 ], [ -56.767216522836897, 53.72042349702469 ], [ -56.702651904374946, 53.760311108871399 ], [ -56.66579347515065, 53.726664597715107 ], [ -56.604789209219774, 53.761530189632289 ], [ -56.437198403711555, 53.771815898688395 ], [ -56.431870110669877, 53.718785090691547 ], [ -56.50537339433086, 53.717474104366467 ], [ -56.580507489814451, 53.683194094127664 ], [ -56.524166605831475, 53.624196606438886 ], [ -56.399942185231261, 53.616876807660518 ], [ -56.323180685937722, 53.631285298606258 ], [ -56.240229195559138, 53.574239605016004 ], [ -56.025259600140721, 53.578155891088045 ], [ -55.983402309896348, 53.521689208260483 ], [ -56.118248015956361, 53.534781790749634 ], [ -56.163587297902453, 53.500649107664842 ], [ -56.035791092372371, 53.471918390972199 ], [ -56.0286756024543, 53.428854912389035 ], [ -55.880176695101611, 53.374169701262048 ], [ -55.831680801119028, 53.321536390462342 ], [ -55.842028005584865, 53.299105701342057 ], [ -55.741909185781026, 53.25203880844208 ], [ -55.793474496545478, 53.211714285008789 ], [ -55.798475511221724, 53.178936198281015 ], [ -55.74989600465122, 53.138071592066474 ], [ -55.864761018546737, 53.093965304057882 ], [ -55.910524210259538, 53.029755987103641 ], [ -55.988288282442035, 52.992464494090754 ], [ -55.879519078569537, 52.964994904848737 ], [ -55.809948402168622, 52.883987799636216 ], [ -55.817021808892157, 52.834825401144094 ], [ -55.988261982016489, 52.815675900744651 ], [ -55.981079690542408, 52.794006294562415 ], [ -56.126288696755871, 52.794026593927263 ], [ -56.025151201808185, 52.749876202632009 ], [ -56.010929002482762, 52.720358889046146 ], [ -55.939431106525959, 52.682348406151327 ], [ -55.833893691784709, 52.696959497122386 ], [ -55.764128685119964, 52.680013792193492 ], [ -55.763411699185923, 52.609663492366543 ], [ -55.855272282640918, 52.622283397675098 ], [ -55.895037707253231, 52.558221195359373 ], [ -55.962243009902387, 52.572486590123233 ], [ -56.0476060119748, 52.542110503672525 ], [ -55.984214896386575, 52.504197812411824 ], [ -55.837876512815093, 52.51685459677703 ], [ -55.72760819992132, 52.464266802899729 ], [ -55.632062420622454, 52.447266200636008 ], [ -55.636548115655678, 52.360615292210312 ], [ -55.730384298765884, 52.363663291943112 ], [ -55.775487301602908, 52.33887538783879 ], [ -55.903640098094058, 52.332440597995166 ], [ -55.750278990371307, 52.286087496435137 ], [ -55.763509700847024, 52.246975312759481 ], [ -55.66904779211265, 52.234561489534812 ], [ -55.648077311595891, 52.19798498854761 ], [ -55.769725975725855, 52.206582503815802 ], [ -55.6957353947139, 52.128956892081995 ], [ -55.707075006168949, 52.08151848760032 ], [ -55.782338201405004, 52.082472687233043 ], [ -55.804744417439572, 52.022274194063392 ], [ -55.915164920697912, 52.002695700214417 ], [ -55.901304196306377, 51.957078806609346 ], [ -55.990779412778089, 51.904095007570085 ], [ -56.121878797461434, 51.850993111213519 ], [ -56.202472521995702, 51.791119093503148 ], [ -56.402395295529224, 51.729488105363238 ], [ -56.438627693890531, 51.72948978527905 ], [ -56.498926278166117, 51.684201501866617 ], [ -56.610844601659338, 51.639322212893454 ], [ -56.70058968714968, 51.630740989404778 ], [ -56.715837388717823, 51.573203486943441 ], [ -56.763750801842697, 51.552728808256774 ], [ -56.818845783556412, 51.484333802521896 ], [ -56.955900676709327, 51.473092478617851 ], [ -56.94481258895923, 51.439379509740135 ], [ -56.999526190539065, 51.416620092184012 ], [ -57.108542975084468, 51.415634901979097 ] ] ] ] } },
{ "type": "Feature", "properties": { "year": "2021", "prov_code": [ "13" ], "prov_name_e": [ "New Brunswick" ], "prov_area_c": "CAN", "prov_type": "province", "prov_name_f": "Nouveau-Brunswick" }, "geometry": { "type": "MultiPolygon", "coordinates": [ [ [ [ -66.939077799169652, 45.024698094998804 ], [ -66.956510895622216, 44.96501300197135 ], [ -67.015999791846411, 44.981805587003031 ], [ -66.939077799169652, 45.024698094998804 ] ] ], [ [ [ -66.90309091045377, 44.957150303170224 ], [ -66.889828205307737, 44.915840196560289 ], [ -66.919405102557064, 44.844365398225811 ], [ -66.977972408915662, 44.870967409366258 ], [ -66.939481715710599, 44.934186092735992 ], [ -66.90309091045377, 44.957150303170224 ] ] ], [ [ [ -64.517876916070676, 48.019842001890972 ], [ -64.486993701260189, 47.948033410890481 ], [ -64.525681889540948, 47.919107093288211 ], [ -64.599360606535114, 47.922543714217227 ], [ -64.517876916070676, 48.019842001890972 ] ] ], [ [ [ -66.775636310488295, 44.799574703199724 ], [ -66.738818994048259, 44.719583885014039 ], [ -66.760943807042835, 44.655297799392088 ], [ -66.890910714992643, 44.659985105470675 ], [ -66.827381403889788, 44.771817089902903 ], [ -66.775636310488295, 44.799574703199724 ] ] ], [ [ [ -64.502751811850985, 47.882504702636282 ], [ -64.506195704997737, 47.851146401232299 ], [ -64.578703012274417, 47.767843299121459 ], [ -64.650725417588362, 47.729394292249061 ], [ -64.653872413765384, 47.790554791334529 ], [ -64.705166705700307, 47.835215411329024 ], [ -64.634477290171276, 47.885753300266806 ], [ -64.535985491026494, 47.861977094198508 ], [ -64.502751811850985, 47.882504702636282 ] ] ], [ [ [ -64.041862862922912, 45.994634105412594 ], [ -64.046803529199607, 45.97681801070047 ], [ -64.149423687614359, 45.980147471975293 ], [ -64.274886854794943, 45.838504925648365 ], [ -64.315096803792187, 45.878697499719841 ], [ -64.36064368703272, 45.857778700340958 ], [ -64.430461007226995, 45.787680913761157 ], [ -64.550559000808562, 45.725468203422636 ], [ -64.488900510132979, 45.806267897771988 ], [ -64.568034192396865, 45.838927388160961 ], [ -64.666025701181638, 45.744905388341365 ], [ -64.690650215274914, 45.68785560561097 ], [ -64.769569697760389, 45.609330192349546 ], [ -64.86597441262721, 45.632083894755212 ], [ -64.945815809133038, 45.600249305535378 ], [ -64.967144691588359, 45.56625769012291 ], [ -65.034181479301012, 45.537549205755525 ], [ -65.129661212412216, 45.522866297504642 ], [ -65.453308297640362, 45.396845288134635 ], [ -65.533250191537093, 45.355888485879916 ], [ -65.535254202376223, 45.323464489215233 ], [ -65.724572204377935, 45.275243793317486 ], [ -65.804876814648608, 45.261785397098556 ], [ -65.850084196957638, 45.218378907470743 ], [ -65.928100993436104, 45.209244297908889 ], [ -66.008735713033431, 45.217277689793029 ], [ -66.021351496752089, 45.271399887661858 ], [ -66.151102716383562, 45.220425201695598 ], [ -66.145395099354445, 45.182906207848418 ], [ -66.215115301632807, 45.145149207484877 ], [ -66.26304460265591, 45.144613504566671 ], [ -66.466672194819068, 45.066440410715735 ], [ -66.497917307395284, 45.127248006155128 ], [ -66.571145786235732, 45.128454607951163 ], [ -66.751280811606478, 45.049340493727435 ], [ -66.81366826273026, 45.089778126765999 ], [ -66.88792279625396, 45.040396300835042 ], [ -66.92196570870999, 45.089333492535125 ], [ -66.866356400610073, 45.121760597537254 ], [ -66.953131705287618, 45.157520808028885 ], [ -67.065423893168841, 45.125040089378615 ], [ -67.131372603552734, 45.139863307253179 ], [ -67.139864809619382, 45.172770010544404 ], [ -67.224596995136352, 45.166595995667748 ], [ -67.286108092904058, 45.192538901893919 ], [ -67.295525300709272, 45.152282208263927 ], [ -67.371181904312508, 45.142953998253397 ], [ -67.472490711426587, 45.25790730651206 ], [ -67.454214616768624, 45.327193193720028 ], [ -67.419179399791489, 45.377694292960136 ], [ -67.474073978039144, 45.426339003919203 ], [ -67.503354311016537, 45.486680307693248 ], [ -67.449763297654158, 45.510056292562375 ], [ -67.421671012665328, 45.572166489222923 ], [ -67.477862320694669, 45.662189796153605 ], [ -67.517260809526576, 45.602552509428776 ], [ -67.600244592508787, 45.611313605267924 ], [ -67.677111505134093, 45.636957995292164 ], [ -67.71933931121707, 45.694702713916129 ], [ -67.754125295603529, 45.691474509631732 ], [ -67.805142096765692, 45.794807106219089 ], [ -67.76115979272754, 45.829579703080917 ], [ -67.802263580639249, 45.867729399790825 ], [ -67.751159921221458, 45.917814404500056 ], [ -67.781232235529615, 45.943454037168543 ], [ -67.781933939083089, 46.276760215143291 ], [ -67.787910650832217, 46.585874001313769 ], [ -67.790195924249005, 47.066234190989789 ], [ -67.886347999715525, 47.109882603007428 ], [ -67.957097292198654, 47.200343685120835 ], [ -68.134524705517507, 47.295660097852874 ], [ -68.155130714688454, 47.326614898136526 ], [ -68.237832109574384, 47.356854991961143 ], [ -68.331974494822859, 47.360704990868804 ], [ -68.380280410964957, 47.34303779265985 ], [ -68.39243129615015, 47.287160394754743 ], [ -68.489370796560564, 47.302413109766775 ], [ -68.574014197091913, 47.288276204214981 ], [ -68.621877010349621, 47.243290393138487 ], [ -68.730468097319317, 47.243070791488201 ], [ -68.888833205990608, 47.182562991145446 ], [ -69.03674480320538, 47.243202794730855 ], [ -69.050377813950476, 47.300198163469652 ], [ -68.799628235594412, 47.348941930571385 ], [ -68.56810700723031, 47.427146239806476 ], [ -68.383549334905197, 47.553092289961945 ], [ -68.382334183210574, 47.916116944582548 ], [ -68.122792929735922, 47.916442194806784 ], [ -68.122591967549198, 47.999745807571536 ], [ -67.598005725483148, 47.99981590445288 ], [ -67.608083061707248, 47.9368060769919 ], [ -67.512527415843863, 47.913713052642734 ], [ -67.380799180299221, 47.854215092292954 ], [ -67.338271976815008, 47.88815737470928 ], [ -67.217050674460907, 47.877362083775964 ], [ -67.137515639610115, 47.894635729304149 ], [ -67.058961927911639, 47.935615220816352 ], [ -66.975913657403581, 47.892659228858712 ], [ -66.960870863388607, 47.94689358330541 ], [ -66.92127085596367, 47.984605090094306 ], [ -66.85308608276506, 48.001449832338707 ], [ -66.758399778533615, 48.003043888096798 ], [ -66.633992301043293, 48.003778608292876 ], [ -66.538110914535068, 48.028628704729599 ], [ -66.476691922007987, 48.059024793478912 ], [ -66.364076608242442, 48.069495803152726 ], [ -66.37444370659972, 48.030275504584779 ], [ -66.340345297631274, 48.005723107640961 ], [ -66.13657179961082, 47.961386309359895 ], [ -66.085420610866819, 47.925611404461918 ], [ -65.899391095864459, 47.921238787212324 ], [ -65.826692818883998, 47.900532548943509 ], [ -65.732983009331704, 47.830392605280032 ], [ -65.70579868948748, 47.725943535544886 ], [ -65.632809287721912, 47.66272708680885 ], [ -65.497776693809271, 47.671437299510522 ], [ -65.435277714363878, 47.700240700877607 ], [ -65.359281494201255, 47.755226488303478 ], [ -65.324283501429207, 47.757945985237853 ], [ -65.181438196937748, 47.819324399332558 ], [ -65.002755980512902, 47.837651800213663 ], [ -64.964622604306854, 47.792634989999911 ], [ -64.855537983715109, 47.808359400251256 ], [ -64.793692904961773, 47.794156095413314 ], [ -64.674720509209266, 47.714101998696485 ], [ -64.815948905436954, 47.669170492501067 ], [ -64.798715593768193, 47.632411093650802 ], [ -64.844261107041206, 47.578563896797334 ], [ -64.906493182916492, 47.550080493826322 ], [ -64.87137509480705, 47.468440600357795 ], [ -64.905806109239123, 47.391759501393643 ], [ -64.944761591253467, 47.370054608035524 ], [ -64.974867553832468, 47.276863497271343 ], [ -65.063080014955915, 47.255209293029267 ], [ -65.113348120257271, 47.206707495755616 ], [ -65.266588637893022, 47.116355185818207 ], [ -65.348899398012307, 47.076861990865147 ], [ -65.301705103892886, 47.060832407285424 ], [ -65.20549568393173, 47.082144407077571 ], [ -65.219509611166202, 47.041450966804142 ], [ -65.143168886980959, 47.038889493924756 ], [ -65.101491205360972, 47.074259497921034 ], [ -65.031340396633553, 47.085257305132444 ], [ -64.994857008094669, 47.054769697983659 ], [ -64.944786916504569, 47.076007800024321 ], [ -64.806013500932892, 47.076096904179884 ], [ -64.82877440619778, 47.045621987385957 ], [ -64.812344186871272, 46.975366399897744 ], [ -64.882282693729849, 46.928315898454926 ], [ -64.94513980985046, 46.840991493681138 ], [ -64.909933703630429, 46.82638039095005 ], [ -64.904737408797914, 46.778768003781103 ], [ -64.87335177705684, 46.742754402817802 ], [ -64.817865017012338, 46.727676995205172 ], [ -64.82434720031965, 46.692371504478139 ], [ -64.707673314397212, 46.660056890882338 ], [ -64.712788991773635, 46.554438504266393 ], [ -64.666991592598507, 46.466485886953549 ], [ -64.624873904589677, 46.432052914607411 ], [ -64.615524290245688, 46.336009688591176 ], [ -64.512156110406764, 46.322558492926632 ], [ -64.572337091747244, 46.272943605601355 ], [ -64.523968209875122, 46.239166009633962 ], [ -64.413416691760276, 46.237147308231762 ], [ -64.391730992201332, 46.223584588223112 ], [ -64.265787792852763, 46.236031196043534 ], [ -64.087273301696158, 46.162319889604959 ], [ -64.040789699428203, 46.181952099051685 ], [ -63.832899790445836, 46.150461885556773 ], [ -63.771603998528008, 46.105181599887722 ], [ -63.929985307970938, 46.055369799697559 ], [ -64.07292968733519, 46.049517095424264 ], [ -64.100171302233633, 46.023494600163993 ], [ -64.041862862922912, 45.994634105412594 ] ] ] ] } },
{ "type": "Feature", "properties": { "year": "2021", "prov_code": [ "62" ], "prov_name_e": [ "Nunavut" ], "prov_area_c": "CAN", "prov_type": "territory / territoire", "prov_name_f": "Nunavut" }, "geometry": { "type": "MultiPolygon", "coordinates": [ [ [ [ -106.670594366932349, 73.676793305354849 ], [ -106.486628684206366, 73.718756605088444 ], [ -106.285957743125763, 73.733116298789284 ], [ -105.700431327064749, 73.736532206685752 ], [ -105.511633925442823, 73.770387693523446 ], [ -105.307858437940865, 73.769537190518207 ], [ -105.08526006997414, 73.751560098474414 ], [ -105.024309718516662, 73.715482896656582 ], [ -104.836118205841942, 73.675081094784389 ], [ -104.74289658473036, 73.635762696917809 ], [ -104.649046571476646, 73.635195989585426 ], [ -104.509614914224798, 73.596927597866838 ], [ -104.446782982155256, 73.549137891984472 ], [ -104.52417338593456, 73.459243588827817 ], [ -104.490982764626253, 73.41748530446219 ], [ -104.555952726024572, 73.308799086075737 ], [ -104.670641209054239, 73.224754108097585 ], [ -104.908895568145354, 73.105900594136287 ], [ -104.974368424637447, 73.008008504875164 ], [ -105.137429920332949, 72.974759490582301 ], [ -105.185211111777207, 72.915487388665127 ], [ -105.270118475822343, 72.874756403296345 ], [ -105.432898847307868, 72.926475689737984 ], [ -105.416323303221759, 72.943342404018182 ], [ -105.741754706504864, 73.055944090460727 ], [ -105.892811824839413, 73.163836984782364 ], [ -106.040675573214244, 73.184211107129428 ], [ -106.078977282075186, 73.284599110356424 ], [ -106.258348877068187, 73.325680198126818 ], [ -106.414205246770848, 73.396850100593767 ], [ -106.677732374296752, 73.44683130023266 ], [ -107.011538899804904, 73.488321907452857 ], [ -106.835209579250787, 73.565659208102687 ], [ -106.670594366932349, 73.676793305354849 ] ] ], [ [ [ -67.603963911231745, 70.181383403724396 ], [ -67.374362791512056, 70.05611609361307 ], [ -67.347770219591681, 69.992418893538371 ], [ -67.247694635199338, 69.969709193921375 ], [ -67.17107369426239, 69.783474188870557 ], [ -67.127395890253936, 69.738308909592462 ], [ -67.207805658755348, 69.718836302954372 ], [ -67.404597342482603, 69.719640497701363 ], [ -67.788726771573238, 69.78225419317728 ], [ -68.069557260261377, 69.771535801463401 ], [ -68.196741604914209, 69.71927689202127 ], [ -68.233729133044704, 69.681735090407273 ], [ -68.358027871420404, 69.627827300035236 ], [ -68.490192175253668, 69.628554305132496 ], [ -68.691349221319584, 69.65158649977667 ], [ -69.134548468136742, 69.566903499179304 ], [ -69.229001698702675, 69.539670399712463 ], [ -69.230356980845727, 69.509396390616345 ], [ -69.023218990417675, 69.539744497668295 ], [ -68.940667087043792, 69.566497494114799 ], [ -68.736036920633254, 69.596483401535977 ], [ -68.546806692929351, 69.58381080718037 ], [ -68.335088406527547, 69.531171698125476 ], [ -67.998652576418252, 69.467490693687282 ], [ -67.854859800050548, 69.466530311718316 ], [ -67.770856522168444, 69.490371106210674 ], [ -67.199583715431828, 69.462352011438426 ], [ -67.029561877452466, 69.406955502418043 ], [ -66.854942380777942, 69.367551303593757 ], [ -66.763787885288451, 69.329884486650869 ], [ -66.662097686774985, 69.2420760993855 ], [ -66.680307528279755, 69.188848904967614 ], [ -66.772796566103153, 69.142602293777202 ], [ -67.007783493047597, 69.188019592822542 ], [ -67.152620932385162, 69.197625000291438 ], [ -67.224937412647776, 69.174163500026978 ], [ -67.347282990314028, 69.195924492836397 ], [ -67.487613241331076, 69.170661092160884 ], [ -67.647046302778421, 69.17501069634568 ], [ -67.875127008441368, 69.227129387305908 ], [ -68.203051026471499, 69.317582002235369 ], [ -68.417837471669557, 69.299003198345744 ], [ -68.432105695435823, 69.270626089107935 ], [ -68.182643696534043, 69.272483793815837 ], [ -68.088657968634266, 69.22801470417275 ], [ -68.143524579796221, 69.204674902788071 ], [ -68.575948625059013, 69.239019210554616 ], [ -68.549595213590734, 69.194851587571932 ], [ -68.727643182928531, 69.144109389114405 ], [ -68.693168586884838, 69.117002307091724 ], [ -68.434440358624968, 69.18243560546189 ], [ -68.214693412254817, 69.153837611654311 ], [ -67.75806282036659, 69.037964891608326 ], [ -67.769598009142229, 69.01173740382302 ], [ -68.000972889151669, 69.000753006981626 ], [ -68.126576685906571, 68.98067348800565 ], [ -68.06069486595041, 68.94665540902551 ], [ -67.990205822793271, 68.859623001148179 ], [ -68.104148330624113, 68.836754194333238 ], [ -67.869327487464147, 68.8106905000175 ], [ -67.898793397683008, 68.780672585484453 ], [ -68.107788703646818, 68.811818105335306 ], [ -68.435501193545662, 68.848313003336671 ], [ -68.512291782036115, 68.796675104719299 ], [ -68.651096405044214, 68.791105307396023 ], [ -68.750271509188011, 68.815397812732272 ], [ -68.927791223076269, 68.810918613822167 ], [ -69.035427965818343, 68.840022799628258 ], [ -69.274057795963316, 68.877980207748081 ], [ -69.268987534492553, 68.832706596206393 ], [ -68.882926869525377, 68.772655895179625 ], [ -68.754696686490917, 68.765843109309671 ], [ -68.670313686716895, 68.740000899317323 ], [ -68.386345596294618, 68.735108003237826 ], [ -68.068138321433509, 68.685026094068078 ], [ -68.101940694548759, 68.635822687320541 ], [ -68.214003810313471, 68.662403302219403 ], [ -68.383509891927218, 68.634316994519409 ], [ -68.62359200646722, 68.660539506011816 ], [ -68.805269907568203, 68.642216108600465 ], [ -68.73792706915377, 68.602870608064833 ], [ -68.6352374066837, 68.638012389324032 ], [ -68.505937266686729, 68.62507740692881 ], [ -68.415252775345436, 68.597717892069767 ], [ -68.136212168618741, 68.578441295862376 ], [ -68.133633271794039, 68.536612895934894 ], [ -67.740892407451767, 68.543376502475638 ], [ -67.674853188912095, 68.570972388800712 ], [ -67.538604710937932, 68.515299402609969 ], [ -67.413656600856086, 68.484264395756981 ], [ -67.344133395332179, 68.504990403037567 ], [ -67.249270290843455, 68.433149504676706 ], [ -67.177901679307155, 68.412618602336707 ], [ -67.008663369795826, 68.448398800668954 ], [ -66.84974950403921, 68.463641605605716 ], [ -66.733857474950128, 68.452443704320871 ], [ -66.815246097980676, 68.410733986281343 ], [ -66.923726590420827, 68.424218887504509 ], [ -66.954475889969913, 68.378390896122696 ], [ -67.025531424695757, 68.360749599858195 ], [ -67.206804315239978, 68.397285894664932 ], [ -67.40194673730079, 68.396675093323239 ], [ -67.518369104630594, 68.369964005887184 ], [ -67.76947231472883, 68.346629809636298 ], [ -67.738990306210582, 68.327484594697935 ], [ -67.589704512126644, 68.323019991274791 ], [ -67.5522771175618, 68.303126502035681 ], [ -67.410920826608361, 68.3610072945702 ], [ -67.267126467792593, 68.367535498356574 ], [ -67.071962182786677, 68.333507801579671 ], [ -67.235413402047357, 68.292138112132378 ], [ -67.331932589617068, 68.245361595644582 ], [ -67.28956010125475, 68.223855600188386 ], [ -67.124704506549307, 68.284578507916351 ], [ -66.765086986604899, 68.236888709162372 ], [ -66.82711095750939, 68.1921841055442 ], [ -66.840792171965703, 68.117450096100953 ], [ -66.975541270629137, 68.065058405053506 ], [ -66.969750975318519, 68.026321597622712 ], [ -66.754407467886708, 68.127396602918452 ], [ -66.526972110271686, 68.148662901581574 ], [ -66.311397586405391, 68.123350196244559 ], [ -66.22894137533838, 68.031159689821905 ], [ -66.347871120846392, 67.96581890300979 ], [ -66.394853701806369, 67.907919001333099 ], [ -66.179426873128506, 67.975615802765091 ], [ -66.025906815711735, 67.962530211898923 ], [ -65.924724504721596, 67.872318499504843 ], [ -65.925178770671522, 67.827198308914063 ], [ -65.777189727993687, 67.860730292560575 ], [ -65.723719326962609, 67.976046200533673 ], [ -65.645051095402749, 68.000995604094129 ], [ -65.449783587099049, 67.977141402003326 ], [ -65.426351770349811, 67.917207404025064 ], [ -65.188636909263309, 67.953283696173415 ], [ -65.094380592870237, 68.040571798255513 ], [ -64.941260901878906, 68.042254306468948 ], [ -64.725100266704899, 67.982267401095569 ], [ -64.857669535128082, 67.9292208943682 ], [ -64.946248104321654, 67.921325607799687 ], [ -65.057789602896705, 67.839341811263509 ], [ -65.013091442781629, 67.788319692616867 ], [ -65.188989982675309, 67.721929484865896 ], [ -65.167217819546565, 67.690672006269054 ], [ -65.02588058451137, 67.734356882773739 ], [ -64.942809500422968, 67.78386220784013 ], [ -64.842368090539949, 67.783287284895962 ], [ -64.75271787483203, 67.81982510169729 ], [ -64.62938438818496, 67.826693309115072 ], [ -64.519799791637425, 67.811917000525114 ], [ -64.290410025655618, 67.723138506459577 ], [ -64.203620358458508, 67.671807106207723 ], [ -64.245923306249395, 67.629438211851564 ], [ -64.205065516738671, 67.603722793396585 ], [ -64.079968917469216, 67.607149505745184 ], [ -64.125916688532854, 67.4885455869819 ], [ -64.024446959187202, 67.4579326015417 ], [ -63.951064069719578, 67.408911000993598 ], [ -63.946142030513393, 67.343724392290227 ], [ -64.032207324740682, 67.311376689487815 ], [ -64.605878979722661, 67.339408303928195 ], [ -64.478437308300201, 67.30596650177057 ], [ -64.343354477888965, 67.299430909557316 ], [ -64.376844934672249, 67.252831197073192 ], [ -64.595920970171264, 67.254186501382435 ], [ -64.599260781316303, 67.232554704041021 ], [ -64.34864379801364, 67.22774790205176 ], [ -64.206729866734307, 67.26353099611363 ], [ -64.061513590221026, 67.275813802192872 ], [ -63.953238992553615, 67.268854803467704 ], [ -63.988001298947886, 67.222149012928639 ], [ -64.175265632176234, 67.213597891969442 ], [ -64.352730089157717, 67.176345002127505 ], [ -64.572393513627901, 67.15246490214065 ], [ -64.68580499893288, 67.104675684337622 ], [ -64.705632718541153, 67.023236590023814 ], [ -64.637273760059998, 67.030735302932897 ], [ -64.615915859693402, 67.099057206606005 ], [ -64.569904267893179, 67.120902900929849 ], [ -64.268152067190798, 67.157447605326453 ], [ -64.163745173607523, 67.184697999150018 ], [ -63.980141521353758, 67.178021511145829 ], [ -63.891919117332812, 67.210458104704884 ], [ -63.573129397949899, 67.240118302657393 ], [ -63.446415721571704, 67.227660602697895 ], [ -63.411405219577539, 67.192000207682383 ], [ -63.28931288652587, 67.303458697167429 ], [ -63.075576601115259, 67.330130505389562 ], [ -62.972732207100115, 67.2775673967339 ], [ -62.953753698678675, 67.226580487906205 ], [ -63.010458966949955, 67.16692909497138 ], [ -63.246663266583553, 67.131657996990796 ], [ -63.27080742823766, 67.092890101501411 ], [ -63.22315673689296, 67.015208494816619 ], [ -63.226456983395039, 66.965573205484873 ], [ -63.484070804996115, 66.92587889829484 ], [ -63.408203791166947, 66.887452997636558 ], [ -63.390401388481862, 66.806064890448908 ], [ -63.311697172839985, 66.823485899389155 ], [ -63.34630516484868, 66.880171099144093 ], [ -63.225499484511261, 66.892101402421957 ], [ -63.119833097851533, 66.94765708530629 ], [ -62.97576209440863, 66.942836501815293 ], [ -62.872316426823382, 66.963823991288933 ], [ -62.813370586864181, 66.824225904832772 ], [ -62.834083886725601, 66.777539811418279 ], [ -62.729898480243435, 66.775192192299912 ], [ -62.760545210527404, 66.821514802386844 ], [ -62.737043394208776, 66.866920406317632 ], [ -62.764463170500768, 66.932701495388883 ], [ -62.577153442391953, 66.953121293362315 ], [ -62.460969104976634, 66.830433604193288 ], [ -62.409081506720327, 66.923123211134424 ], [ -62.256667822930112, 66.945710694523669 ], [ -62.283124422064631, 67.025590300072352 ], [ -62.164835301161411, 67.050187488607193 ], [ -62.006135694524474, 67.052133609244166 ], [ -62.047865280798476, 66.995823795291955 ], [ -62.039844633174866, 66.946358397913343 ], [ -61.904601406772692, 66.970513708365246 ], [ -61.725979584053746, 66.930440404876478 ], [ -61.778298500827056, 66.875238187045326 ], [ -61.622054268140005, 66.870437302048103 ], [ -61.609147769886015, 66.842512797536955 ], [ -61.45088730957962, 66.771073510157052 ], [ -61.468201635404483, 66.747649499966201 ], [ -61.288827009334149, 66.675614003276522 ], [ -61.283343674903094, 66.594913091714901 ], [ -61.531100101056246, 66.52681620359489 ], [ -61.605481911302462, 66.545092410262484 ], [ -61.711518670623832, 66.628683805142714 ], [ -61.981422565860136, 66.661572802278101 ], [ -61.979829309623518, 66.637475911335159 ], [ -61.7939489889363, 66.61174440255013 ], [ -61.641071925292152, 66.51057870769705 ], [ -61.560444520479848, 66.482393097641733 ], [ -61.696039982928788, 66.4037160911668 ], [ -61.564931504034746, 66.415770514100359 ], [ -61.468134891307706, 66.356083704574999 ], [ -61.60193332079799, 66.343021995858436 ], [ -61.667366535181614, 66.318487296852638 ], [ -61.751524306224525, 66.326698201441559 ], [ -61.895289106177778, 66.277640007650746 ], [ -62.077650199997848, 66.325646793176759 ], [ -62.176385719210643, 66.307892297873792 ], [ -62.21975098505515, 66.35597178700651 ], [ -62.212059005222947, 66.409988786274184 ], [ -62.337462215007065, 66.404052409383709 ], [ -62.475293435238122, 66.420529796878242 ], [ -62.457151784406406, 66.364029192807223 ], [ -62.316327621614739, 66.297946206191796 ], [ -62.494358820859688, 66.21924979072719 ], [ -62.435429096754113, 66.171427105508712 ], [ -62.178730090756439, 66.140356102643608 ], [ -62.156726783954483, 66.095228495453682 ], [ -62.048988488645648, 66.086264197885896 ], [ -62.002066514315992, 66.019205404656958 ], [ -62.059238721854705, 65.99538359725608 ], [ -62.179139322374041, 66.005238892357298 ], [ -62.322177674377727, 65.966925193496451 ], [ -62.498595493743792, 66.018936909498166 ], [ -62.491811174142114, 65.96886850179844 ], [ -62.414768997283346, 65.96571459539058 ], [ -62.361567987280111, 65.895029982581164 ], [ -62.368960459825395, 65.84717930514671 ], [ -62.287973403470822, 65.797675606287086 ], [ -62.513700418833317, 65.780648110470622 ], [ -62.583789582046357, 65.762766609457088 ], [ -62.572565114086622, 65.71081429977319 ], [ -62.747447506679137, 65.747503198423431 ], [ -62.760034775886375, 65.703528609289364 ], [ -62.663702227683707, 65.698205302910594 ], [ -62.607924423572882, 65.652663404941961 ], [ -62.660839325358609, 65.617909400719142 ], [ -62.821415824480503, 65.604157402593927 ], [ -62.889555476359156, 65.637758590781843 ], [ -62.960548986551871, 65.577372999485206 ], [ -63.042896381251445, 65.626040604028034 ], [ -63.226673785852746, 65.657565206307225 ], [ -63.304905536526761, 65.709051592883398 ], [ -63.405882422878484, 65.850855007421217 ], [ -63.521606620058897, 65.876352001553371 ], [ -63.403434204856588, 65.759313387065589 ], [ -63.387052988369156, 65.687550405868066 ], [ -63.591401515902717, 65.668999294573652 ], [ -63.506176805639399, 65.628082999097671 ], [ -63.370854009600862, 65.625347688145283 ], [ -63.36504672355332, 65.529353705649953 ], [ -63.474031411033224, 65.518995005682839 ], [ -63.345174596413891, 65.440617702116995 ], [ -63.475644885497829, 65.396223185764356 ], [ -63.47940690594843, 65.350859792305641 ], [ -63.375905575474704, 65.310257193538291 ], [ -63.354898313204728, 65.239099406913027 ], [ -63.390698889740399, 65.198365586037909 ], [ -63.461967099189437, 65.176606092778897 ], [ -63.423722516165, 65.13706781152915 ], [ -63.45179429162156, 65.098068489010302 ], [ -63.391273300071319, 65.055671394350412 ], [ -63.550243877590717, 64.969609801438708 ], [ -63.53431222001803, 64.890771006847459 ], [ -63.606650119146678, 64.892730407006368 ], [ -63.651437200854268, 64.936538106849468 ], [ -63.84660608492311, 64.984495405010364 ], [ -63.900320668690881, 65.093123204039088 ], [ -64.086383110255795, 65.113089010488054 ], [ -64.092640391476877, 65.048415504068686 ], [ -64.264102612850778, 65.102589394226086 ], [ -64.374491025292969, 65.182873495801218 ], [ -64.387888888046362, 65.237617289409826 ], [ -64.349155723111011, 65.273408798557057 ], [ -64.36203802957985, 65.348206493325705 ], [ -64.466684389773505, 65.301124389750854 ], [ -64.449360309211798, 65.191314711638739 ], [ -64.511933878176634, 65.1152380934018 ], [ -64.622587981824623, 65.158477308063041 ], [ -64.691893911799937, 65.165305401268583 ], [ -64.658469195919707, 65.243616907613514 ], [ -64.901132326056242, 65.270118302499156 ], [ -64.775837821053855, 65.380273089898651 ], [ -64.693047485593297, 65.422188905918702 ], [ -64.858897322348696, 65.424267294661121 ], [ -64.984504871601118, 65.404063195142029 ], [ -65.064184285699852, 65.372418809695191 ], [ -65.156929771266903, 65.430701295109316 ], [ -65.148139391340351, 65.538284905563486 ], [ -65.274749395876, 65.568894386252921 ], [ -65.297728110731995, 65.634315211307296 ], [ -65.13575870898886, 65.638238808344994 ], [ -65.125981784497625, 65.682995309557441 ], [ -65.360370002902599, 65.663365004674972 ], [ -65.498195881449206, 65.747894104858702 ], [ -65.40156900553427, 65.871899291229141 ], [ -65.331229916406414, 65.918804008130579 ], [ -65.158793015586795, 65.961898900101019 ], [ -65.063089119671886, 65.968328805350396 ], [ -64.85567517653206, 66.026215493776917 ], [ -64.768949528291543, 66.086603707009374 ], [ -64.761516329092359, 66.185261295325432 ], [ -64.626749820801024, 66.257922794864442 ], [ -64.37801609754473, 66.336617404836005 ], [ -64.466562365698735, 66.342972402836111 ], [ -64.578502908900006, 66.315906804804342 ], [ -64.787234612462015, 66.234708406481204 ], [ -64.847623135329698, 66.189239897358902 ], [ -64.840166140630188, 66.101929792899924 ], [ -64.951778971068919, 66.069344295815739 ], [ -65.074249491546709, 66.053411512442281 ], [ -65.43294161004583, 65.973302197021113 ], [ -65.757222820775894, 65.967698310966341 ], [ -65.853585814926731, 65.944680599252663 ], [ -65.951606717580788, 65.968351616633925 ], [ -65.964361827365636, 66.042611001843142 ], [ -65.903112498716212, 66.094476385132154 ], [ -65.641653365402547, 66.165064402248973 ], [ -65.70148599213401, 66.183269106755944 ], [ -65.981638624375975, 66.109665998891273 ], [ -66.145803532709877, 66.145894502264326 ], [ -66.209447084308508, 66.201666687885023 ], [ -66.309647601007399, 66.248155395416717 ], [ -66.453737687510369, 66.207411690198342 ], [ -66.550180382874075, 66.263939887916962 ], [ -66.468880989990566, 66.313206989953756 ], [ -66.718676821078887, 66.384306508869258 ], [ -66.71396947828481, 66.433067887789974 ], [ -66.817745025771018, 66.464455196939028 ], [ -66.764606785647288, 66.503039298650535 ], [ -66.794532080878696, 66.558269588103954 ], [ -66.900200075704277, 66.555213603242635 ], [ -67.058734309825269, 66.522037287442402 ], [ -67.312515012268804, 66.566239094232387 ], [ -67.335979698477601, 66.603976186109477 ], [ -67.442439892824453, 66.577376997786871 ], [ -67.507376985122676, 66.588557907321416 ], [ -67.615460806709933, 66.555972011397287 ], [ -67.302764596551768, 66.533434605419785 ], [ -67.230562680890998, 66.476642191351758 ], [ -67.11757550463723, 66.44139109673344 ], [ -67.194554423683954, 66.362068704748765 ], [ -67.129066487910961, 66.319946685977499 ], [ -67.227646112978093, 66.278806914202775 ], [ -67.416577972005854, 66.296436801522603 ], [ -67.496566091032477, 66.389310010841299 ], [ -67.655654585909659, 66.425235188714026 ], [ -67.636656596314694, 66.443031797663565 ], [ -67.742832278123274, 66.506900790145551 ], [ -67.866453436529468, 66.45482929165091 ], [ -67.698434622098802, 66.295504289018922 ], [ -67.737998418959563, 66.260595302080745 ], [ -67.708250588847903, 66.227450808561557 ], [ -67.597656682477009, 66.209856686741333 ], [ -67.544020167850903, 66.175062797095563 ], [ -67.464069831237865, 66.175886801118537 ], [ -67.419915176316451, 66.132181689699806 ], [ -67.278714825665489, 66.108750197891155 ], [ -67.233783993391441, 66.04664279792992 ], [ -67.225278409580753, 65.950114500339765 ], [ -67.37572458381841, 65.927774808809673 ], [ -67.429004064305857, 65.896516001223461 ], [ -67.564715269134723, 65.897884602807537 ], [ -67.688484594254106, 65.923980196504942 ], [ -67.738504522124217, 65.890003607930382 ], [ -67.870502672811313, 65.895789005306128 ], [ -67.969852819509839, 65.931882997269213 ], [ -68.017727720652559, 66.030273402044415 ], [ -67.998859832160363, 66.103776796523988 ], [ -68.227845986126937, 66.149807995949502 ], [ -68.254063100821156, 66.203895908381583 ], [ -68.406858073082986, 66.22214390749464 ], [ -68.617410418780139, 66.19699669291559 ], [ -68.574062713674181, 66.173897098231848 ], [ -68.467889381212458, 66.197963486280614 ], [ -68.347232702257017, 66.119791899359939 ], [ -68.247631274421536, 66.109101195730872 ], [ -68.182306634651084, 66.130278996275194 ], [ -68.090466140221608, 66.087616993952821 ], [ -68.010996626251611, 66.082372302482739 ], [ -68.040616723948304, 66.005596098309155 ], [ -68.166492221315892, 66.034635311737688 ], [ -68.19794306155741, 65.978684005046674 ], [ -68.307354690370119, 65.946705110155023 ], [ -68.221303377799842, 65.910793693598961 ], [ -68.116002576447968, 65.925138300320896 ], [ -68.171559222207179, 65.854865895830287 ], [ -68.051956506742684, 65.833168191129857 ], [ -68.085311170204619, 65.797523699496153 ], [ -68.009511797147582, 65.775369110401385 ], [ -67.894271922097943, 65.797988104321675 ], [ -67.987252213401405, 65.701011998362731 ], [ -67.857066690329233, 65.683264687714868 ], [ -67.857821616978768, 65.629958398370619 ], [ -67.946062163233535, 65.584409906573043 ], [ -67.905685716053313, 65.556754406499081 ], [ -67.751409806684094, 65.634483792444456 ], [ -67.548842594340925, 65.667848108020479 ], [ -67.479013812655609, 65.646216986767186 ], [ -67.417950715936541, 65.679388890718855 ], [ -67.264670667755553, 65.645159702342994 ], [ -67.259822791933288, 65.588087105024144 ], [ -67.335979286986742, 65.569734909689643 ], [ -67.398098410244614, 65.512900689479324 ], [ -67.461584419947968, 65.495419610039008 ], [ -67.338676133079872, 65.456094691756263 ], [ -67.285484995339303, 65.469913790247048 ], [ -67.054002682770957, 65.452164406508004 ], [ -67.069187479621036, 65.391181900250501 ], [ -67.131831121296941, 65.354483093048628 ], [ -67.069924433772655, 65.258873591016155 ], [ -66.937299404393912, 65.164188495902948 ], [ -66.741452226934115, 65.15511989975198 ], [ -66.876519104758515, 65.033927399333407 ], [ -66.738921097894249, 65.011462203173849 ], [ -66.749930095509271, 64.916912691328648 ], [ -66.62027361259635, 64.946730211650063 ], [ -66.634988694804022, 65.039229885389091 ], [ -66.514412016354441, 65.014065710264163 ], [ -66.4450049081792, 64.974701114397888 ], [ -66.468303316295675, 64.939523991054116 ], [ -66.119157415911303, 64.868372705268499 ], [ -66.165767234820308, 64.827506495346327 ], [ -66.188723905901853, 64.75577568732885 ], [ -66.127140215680996, 64.747590606287815 ], [ -66.052949164664014, 64.834886206380574 ], [ -65.947076705267833, 64.772343003306261 ], [ -65.905752816925244, 64.830065898814482 ], [ -65.944564393686505, 64.873211300234018 ], [ -65.83203902896868, 64.883488299175994 ], [ -65.667319386710844, 64.833082096114424 ], [ -65.643364627739587, 64.797519203178666 ], [ -65.529907888821285, 64.722357903460477 ], [ -65.567293228167088, 64.690550592928744 ], [ -65.556189481850197, 64.642020108317226 ], [ -65.684502305974377, 64.593305992352228 ], [ -65.704607282352171, 64.518259098851473 ], [ -65.651361980946305, 64.488564995487479 ], [ -65.418936379517262, 64.496426391919414 ], [ -65.312718065787735, 64.537357801224573 ], [ -65.207594591761406, 64.483330911105355 ], [ -65.059817322468604, 64.480745009775461 ], [ -65.064695514612453, 64.414701798602295 ], [ -65.168601203814248, 64.387892110108837 ], [ -65.14484969791522, 64.336855408856565 ], [ -65.195747319321583, 64.294306205152878 ], [ -65.419118733782923, 64.271391698186662 ], [ -65.321047084891333, 64.248481696264378 ], [ -65.216042583940407, 64.19278480736989 ], [ -65.155353531026023, 64.139186293761327 ], [ -65.009796114105669, 64.047178111444609 ], [ -65.039556569537012, 64.00269270483173 ], [ -64.91582750255472, 64.013176290278167 ], [ -64.888123181381332, 63.992521188748292 ], [ -64.696067102885763, 64.02362331395608 ], [ -64.608992410143443, 63.972615215548871 ], [ -64.79326367216747, 63.924174101810145 ], [ -64.963948396730856, 63.811510284983441 ], [ -64.871245518781038, 63.771554588488513 ], [ -64.746690617060978, 63.740261693528986 ], [ -64.643529372740176, 63.730696302067791 ], [ -64.512127520643759, 63.687443605233511 ], [ -64.48816648933186, 63.638397798339049 ], [ -64.590712605467587, 63.59798930642549 ], [ -64.52437941003916, 63.575455712352593 ], [ -64.502423098767309, 63.47795928728798 ], [ -64.459371622620395, 63.432678191701022 ], [ -64.499042212824804, 63.400122498210564 ], [ -64.472957100598762, 63.317825987548517 ], [ -64.537312877544693, 63.294437201756033 ], [ -64.589747598346094, 63.234935005529174 ], [ -64.702480708753285, 63.279138492441454 ], [ -64.816708827693049, 63.457580799567545 ], [ -64.85452520439641, 63.552464107091808 ], [ -64.931965112607074, 63.575000199883881 ], [ -64.968622794343275, 63.650256609369372 ], [ -65.071712794949022, 63.693124495633285 ], [ -65.179771503509812, 63.800264695765051 ], [ -65.295297707497596, 63.796828886637378 ], [ -65.120732707640556, 63.71634839663119 ], [ -65.070785369997111, 63.654971801635419 ], [ -64.982116017954496, 63.632707107336444 ], [ -64.958174628784619, 63.590601394509576 ], [ -65.064756069804858, 63.566983907062294 ], [ -65.063172609425635, 63.515972012506865 ], [ -65.006947769499348, 63.453700003792854 ], [ -65.065461964140738, 63.396710205633077 ], [ -64.955765424132991, 63.387175104794046 ], [ -64.881431913236568, 63.273347513191261 ], [ -64.959182875096303, 63.180217905911043 ], [ -64.884061500354051, 63.140642592263525 ], [ -64.75956419075095, 63.131348000563229 ], [ -64.741874715411441, 63.103775413548959 ], [ -64.789889802821477, 62.976711293327988 ], [ -64.659805681991898, 62.954744998111892 ], [ -64.632520212621671, 62.896006809812135 ], [ -64.711144317463905, 62.874254290837342 ], [ -64.824912712763549, 62.86789149832984 ], [ -65.084848693810358, 62.952093985126886 ], [ -65.177637396719376, 62.911890799335303 ], [ -65.163370511791157, 62.868733506394818 ], [ -65.022814299146731, 62.780562490514789 ], [ -65.016477986065468, 62.746082495905334 ], [ -64.945207703848823, 62.72281851251887 ], [ -64.949909920542552, 62.627964788941078 ], [ -65.083740515479079, 62.570395192213532 ], [ -65.197332099705207, 62.56800559183209 ], [ -65.309955724907994, 62.692142705779332 ], [ -65.317923122393267, 62.819136608426206 ], [ -65.548800713333122, 62.811012196866464 ], [ -65.603445411223561, 62.833907809058992 ], [ -65.63613232560958, 62.904423399324884 ], [ -65.713724814676112, 62.928143294483753 ], [ -65.780963621456351, 62.906860297223389 ], [ -65.858021827693321, 62.94062619935945 ], [ -65.871360799231866, 62.97592849510405 ], [ -66.056809033701541, 63.000495493950936 ], [ -66.099289999311182, 62.939947308985936 ], [ -66.255782677130753, 63.003406891092169 ], [ -66.397333622437358, 63.015693704649102 ], [ -66.489951195397211, 63.080774198036501 ], [ -66.548510195571595, 63.089448600495594 ], [ -66.646974577485949, 63.034740394867079 ], [ -66.761100482294353, 63.102446295259341 ], [ -66.793584120582707, 63.15259490673062 ], [ -66.870049290006747, 63.16174259270052 ], [ -66.986646724671232, 63.262940399572592 ], [ -67.159577389303166, 63.299607005534412 ], [ -67.365860608841345, 63.404457001954412 ], [ -67.499862203508428, 63.486516906728426 ], [ -67.511805925572418, 63.521821599104918 ], [ -67.601892412296309, 63.607286298116243 ], [ -67.665496083528637, 63.642780488106439 ], [ -67.771561291571089, 63.636934993196668 ], [ -67.791205393761544, 63.575153602743221 ], [ -67.622163968048852, 63.420321204563706 ], [ -67.656246511641697, 63.378050013881477 ], [ -67.801972494514501, 63.428382595424921 ], [ -67.919010110219759, 63.527368207091143 ], [ -68.061440493088384, 63.554820892077501 ], [ -68.067401888762021, 63.5937137844303 ], [ -68.201256278435025, 63.628014506263931 ], [ -68.312152922070609, 63.634568392181123 ], [ -68.381789997894799, 63.661138202303228 ], [ -68.43314172402377, 63.727992902251955 ], [ -68.633693080966495, 63.761796603643695 ], [ -68.706979510625175, 63.75861668777889 ], [ -68.76592048772153, 63.7235258839575 ], [ -68.940918493248716, 63.765310298495365 ], [ -68.972535728800622, 63.745462699910419 ], [ -68.826416613358859, 63.651123689810731 ], [ -68.739635201560063, 63.548592907982986 ], [ -68.524148479013434, 63.443885805576485 ], [ -68.438856577842031, 63.421119292565621 ], [ -68.404064127499055, 63.376359501816587 ], [ -68.265720273746027, 63.305435400550323 ], [ -68.152402078683195, 63.193585297397334 ], [ -67.886613521750206, 63.14676809732746 ], [ -67.762029897463151, 63.080884195278706 ], [ -67.613363827468845, 63.095009200124977 ], [ -67.572146287552229, 63.068802609025042 ], [ -67.704678727996878, 63.049727700765118 ], [ -67.776782686223072, 63.010694687736432 ], [ -67.744672026624315, 62.980718497737193 ], [ -67.646524185669961, 63.033358695554412 ], [ -67.519762194130308, 63.039090405439374 ], [ -67.475459899989715, 62.996968596460789 ], [ -67.373279973446685, 62.962532506203544 ], [ -67.249528318664872, 62.898092406589114 ], [ -67.25596708702858, 62.87348328247473 ], [ -67.132433790510191, 62.836589488087874 ], [ -66.990129015290819, 62.729944814607428 ], [ -67.019378398901623, 62.698370685640704 ], [ -66.94914889571443, 62.668635492732015 ], [ -66.750077105615915, 62.672178486543132 ], [ -66.583992915501923, 62.602413695678244 ], [ -66.587621588007536, 62.56510800955845 ], [ -66.470447873591212, 62.501010408423603 ], [ -66.488789368160496, 62.411763400479614 ], [ -66.409178218560513, 62.436012008219791 ], [ -66.323887414129786, 62.381088802813821 ], [ -66.349392579233253, 62.342901394293243 ], [ -66.248561069649995, 62.326699199238952 ], [ -66.034753690014455, 62.221851185662636 ], [ -65.985449477878674, 62.25510989187724 ], [ -65.886936919875964, 62.201165611829367 ], [ -66.036698696016046, 62.159235005948844 ], [ -66.010213303307296, 62.052878105262387 ], [ -66.050260106629551, 62.018855391722518 ], [ -65.938975408444193, 61.911916697749774 ], [ -66.005165383867606, 61.884850601298361 ], [ -66.233854515978237, 61.863667806466701 ], [ -66.300502114782816, 61.867333714908639 ], [ -66.584312922475149, 61.934922789701723 ], [ -66.682420896429278, 61.989356395251022 ], [ -66.8891642125066, 62.039259605881995 ], [ -66.969211000827528, 62.031680609624821 ], [ -67.0840510756111, 62.05033630829498 ], [ -67.177534807134265, 62.082232197103046 ], [ -67.292784905270551, 62.068951596635586 ], [ -67.352933911001969, 62.157261306445278 ], [ -67.452280208946533, 62.135678193914863 ], [ -67.553445588396329, 62.168241708220421 ], [ -67.630806175275495, 62.152074295498345 ], [ -67.760028315862812, 62.165488111173765 ], [ -67.788198387798502, 62.190710690090562 ], [ -67.887073192310396, 62.190736701170934 ], [ -68.055335579368332, 62.222433904092014 ], [ -68.133566576552681, 62.215947807161577 ], [ -68.606468578983822, 62.260471207332444 ], [ -68.660385814603529, 62.305346302224493 ], [ -68.913278215750026, 62.373844209332269 ], [ -69.050153317208498, 62.389131292763643 ], [ -69.066338792211852, 62.4111191841249 ], [ -69.20119867890142, 62.436695089893753 ], [ -69.301436099315083, 62.530598489179006 ], [ -69.400363492685102, 62.56915129354973 ], [ -69.45371049449615, 62.569714299754366 ], [ -69.482794996950176, 62.620598999898895 ], [ -69.546622421877089, 62.65926480351888 ], [ -69.500507318222631, 62.68418469007689 ], [ -69.538872300781975, 62.72416779406128 ], [ -69.46434341516067, 62.747036198610751 ], [ -69.614511387693639, 62.782464990142799 ], [ -69.878768716619277, 62.75390539793063 ], [ -70.083689005870909, 62.761313291066671 ], [ -70.171385671676717, 62.745686606518511 ], [ -70.322323119852896, 62.79419651034155 ], [ -70.491858093730102, 62.879014793192944 ], [ -70.579775879335344, 62.875529099487942 ], [ -70.832064017020528, 62.903298608359954 ], [ -70.799376521285254, 62.943594809998416 ], [ -71.010649976885077, 62.977785108929325 ], [ -71.102961924809222, 62.974947395811689 ], [ -71.121239914988479, 63.031868610867512 ], [ -70.996153409188068, 63.024605798335102 ], [ -70.97345168553808, 63.06439330689237 ], [ -71.147555281867966, 63.061681885696302 ], [ -71.184143967994544, 63.033664302525281 ], [ -71.378167884757744, 63.043655603754779 ], [ -71.519033490069916, 63.121046409145734 ], [ -71.601945030892466, 63.128338592780985 ], [ -71.694365785797018, 63.232474893902307 ], [ -71.668723995815569, 63.259713192566942 ], [ -71.767156798686813, 63.283216312575369 ], [ -71.78882461176633, 63.321542510157173 ], [ -71.707754612276901, 63.363816399231645 ], [ -72.061888911481006, 63.397385310372918 ], [ -71.997742219118237, 63.440147788360377 ], [ -71.787725993168948, 63.432192000974396 ], [ -71.601629190225054, 63.408819301036523 ], [ -71.456205498901511, 63.478861489115104 ], [ -71.397206814095711, 63.472977890939212 ], [ -71.344030901681336, 63.556744205906881 ], [ -71.350384072458823, 63.620130294916017 ], [ -71.444561291435321, 63.577330100167195 ], [ -71.551724970722447, 63.670301898768052 ], [ -71.622246814489671, 63.643233400333457 ], [ -71.675055412282845, 63.688884996267326 ], [ -71.777424884595419, 63.716402395907345 ], [ -71.875094102532969, 63.687856994937349 ], [ -71.963598482310999, 63.693239085569061 ], [ -72.164396698176347, 63.739045188948488 ], [ -72.184773788172052, 63.669156501797765 ], [ -72.297085114084709, 63.694329300796603 ], [ -72.33832271511713, 63.760354301068354 ], [ -72.216625517676675, 63.807649788171275 ], [ -72.241882915982472, 63.864933503356589 ], [ -72.397272516180877, 63.810971190060975 ], [ -72.583933606441562, 63.85685840759237 ], [ -72.640363921042308, 63.929314099180381 ], [ -72.584622926909773, 63.948411902789928 ], [ -72.594018701125421, 64.033451101022834 ], [ -72.690963095877194, 64.026302786052199 ], [ -72.625309323511047, 63.97494419301956 ], [ -72.872167267002496, 64.021983706955083 ], [ -72.952280628243386, 64.071452900844378 ], [ -72.881126889787652, 64.127626099984909 ], [ -72.896817515919665, 64.159535104456594 ], [ -73.041061891320211, 64.203652585763024 ], [ -73.037047325223227, 64.222129393040603 ], [ -73.203940126942598, 64.283486590428225 ], [ -73.254813922929131, 64.258253796118765 ], [ -73.372277516925479, 64.267773997729407 ], [ -73.369151998625782, 64.340158391829789 ], [ -73.485146920801256, 64.398884889537854 ], [ -73.381969796305043, 64.5053196116002 ], [ -73.300638220280291, 64.50119400251161 ], [ -73.269029618361643, 64.546718998291979 ], [ -73.472920102642334, 64.500497588093438 ], [ -73.498678705830613, 64.430748710483371 ], [ -73.550602504459718, 64.399170786769403 ], [ -73.58149038393924, 64.314486195910504 ], [ -73.659195884415311, 64.333801299836054 ], [ -73.639390417296909, 64.388311499995936 ], [ -73.671824199107419, 64.444334098958905 ], [ -73.600732720024581, 64.499667698190038 ], [ -73.686118330700793, 64.513429995194315 ], [ -73.684448977155711, 64.55125199055415 ], [ -73.569544511333817, 64.581291607277677 ], [ -73.621121889948327, 64.613232497542654 ], [ -73.762097307179687, 64.536527091172218 ], [ -73.885811685334772, 64.546666796537806 ], [ -73.844780703614802, 64.48009819769527 ], [ -73.983131015295371, 64.425060290490535 ], [ -73.971267401102921, 64.361476490202094 ], [ -74.098113524916428, 64.326825593253574 ], [ -74.115964199209145, 64.388885485820808 ], [ -74.023620005319785, 64.431222389775414 ], [ -74.15174628902399, 64.569761410384075 ], [ -74.019496403841856, 64.602448998366526 ], [ -74.077077791620937, 64.627598611785643 ], [ -74.031978095528032, 64.665409599711751 ], [ -74.093966508616276, 64.714382589594734 ], [ -74.180111699036203, 64.654681192961618 ], [ -74.294467487834197, 64.625178600018785 ], [ -74.382361708028043, 64.566878298407659 ], [ -74.424092914274652, 64.610664998183154 ], [ -74.51083742229828, 64.618963797869483 ], [ -74.665603619374536, 64.709653095335128 ], [ -74.637539495527193, 64.776790504784813 ], [ -74.546639531071889, 64.830949696212542 ], [ -74.615722378377072, 64.873881799297251 ], [ -74.734924313503484, 64.835535002856389 ], [ -74.689803079045319, 64.810296594078181 ], [ -74.703256607107392, 64.765665802832288 ], [ -74.805170824066366, 64.796492706275629 ], [ -74.853516218414569, 64.770417111213902 ], [ -74.992615306099552, 64.808650808275971 ], [ -75.02762930794961, 64.784182608424416 ], [ -74.865104917345178, 64.760520609551875 ], [ -74.80350229156717, 64.700158107905352 ], [ -74.678357817756833, 64.672896991585134 ], [ -74.562943893480096, 64.626962100571433 ], [ -74.467095495817333, 64.564612293497831 ], [ -74.621773282604707, 64.541122304882805 ], [ -74.619092011022502, 64.500507190461079 ], [ -74.492843975592592, 64.451516992309593 ], [ -74.684795087884567, 64.390692793814068 ], [ -74.762831277324807, 64.385275892212917 ], [ -74.957063579713321, 64.415846706281187 ], [ -75.097651486513385, 64.468702388987012 ], [ -75.205530825619164, 64.446112403293768 ], [ -75.295655175231644, 64.485908003466761 ], [ -75.506178779859241, 64.549735285714178 ], [ -75.597936306558537, 64.541475086683732 ], [ -75.808819883711706, 64.604562583540442 ], [ -75.811293214452235, 64.560668690411433 ], [ -75.759717977228178, 64.475595793144493 ], [ -75.818466269394278, 64.41761090552464 ], [ -75.69890259900194, 64.381762307978406 ], [ -75.730272699529237, 64.363190704983495 ], [ -75.870756895528402, 64.379740789474297 ], [ -75.979229672982115, 64.407814003953632 ], [ -76.072149132052132, 64.361626693421485 ], [ -76.163095784668286, 64.371577805090723 ], [ -76.345516776567891, 64.335082694140979 ], [ -76.271777581808749, 64.316585985166455 ], [ -76.30951328604101, 64.26985630636095 ], [ -76.49422789392419, 64.272747202712978 ], [ -76.552134991570966, 64.304448902248708 ], [ -76.724751102963708, 64.252499705571125 ], [ -76.644199812984056, 64.219814912490989 ], [ -76.646520611150862, 64.191892911218133 ], [ -76.833651216132907, 64.208800397492737 ], [ -76.814639419743216, 64.231596414468143 ], [ -76.975302413602662, 64.247974391539969 ], [ -77.141636376009188, 64.285730792412267 ], [ -77.211364216858982, 64.284820389615533 ], [ -77.364393802114336, 64.238932997635501 ], [ -77.367240026210368, 64.290060102434083 ], [ -77.485438205720897, 64.314074690585301 ], [ -77.493079382258713, 64.355680910374403 ], [ -77.638101167980565, 64.360854203106641 ], [ -77.751703511873941, 64.348844208562056 ], [ -77.836220326366657, 64.414575209462342 ], [ -77.948313407282853, 64.406467409818134 ], [ -78.033616170928525, 64.431393208282557 ], [ -77.964821690503754, 64.474745194795915 ], [ -78.069170072089136, 64.500090198187408 ], [ -78.062122393823742, 64.532569109412037 ], [ -78.186355508012198, 64.571253489235701 ], [ -78.134051184656755, 64.599593797660489 ], [ -78.220710511645649, 64.700408897722454 ], [ -78.076566305063935, 64.817286603737671 ], [ -78.123962307137205, 64.892756204270526 ], [ -78.139107896410437, 64.96340880040448 ], [ -77.960341917647824, 65.049122787891932 ], [ -77.758243619599185, 65.083213097456849 ], [ -77.596879926511619, 65.144511606955149 ], [ -77.497485508642399, 65.129380088668924 ], [ -77.304587909140096, 65.195110996211184 ], [ -77.517625505119611, 65.322550599639328 ], [ -77.46917972379687, 65.379341488728613 ], [ -77.359800377816995, 65.364104599248734 ], [ -77.286925818145804, 65.373859007147075 ], [ -77.427384987769074, 65.432896584990928 ], [ -77.336975714581385, 65.472458114328361 ], [ -77.146959314987711, 65.448778687224205 ], [ -77.106408697813478, 65.410606600536056 ], [ -76.941258597072647, 65.401767789513684 ], [ -76.922106287949603, 65.428827187164259 ], [ -76.80324042228979, 65.422830493731468 ], [ -76.777560616488913, 65.397726703924988 ], [ -76.666490832088741, 65.402438996728335 ], [ -76.375464811495576, 65.334069705518672 ], [ -76.047960006833392, 65.274071911521318 ], [ -75.911311801913101, 65.330701188073888 ], [ -75.715752706135603, 65.308199699103881 ], [ -75.621880016526859, 65.342115692664336 ], [ -75.591074320422081, 65.283398906765271 ], [ -75.250028090938457, 65.248645484698983 ], [ -75.120375721933158, 65.261896889860566 ], [ -75.088040904798106, 65.31666700809734 ], [ -75.121133787536522, 65.374390707595282 ], [ -74.994225936066798, 65.366460395132293 ], [ -74.885082378258531, 65.39359029810845 ], [ -74.758144897878722, 65.378499193252964 ], [ -74.626835698174858, 65.330088605287443 ], [ -74.532157515306281, 65.32981811376078 ], [ -74.355552516039424, 65.409278609881667 ], [ -74.311801086115992, 65.462524596618223 ], [ -74.172517783340268, 65.489257889821118 ], [ -74.213686306479019, 65.525108610968701 ], [ -74.066038321576812, 65.536711492577282 ], [ -73.968469476568004, 65.505539490213707 ], [ -73.879256914673434, 65.539727204507528 ], [ -73.515057993340562, 65.44111419166029 ], [ -73.512912478346351, 65.491767691413372 ], [ -73.624540696147392, 65.637367401819617 ], [ -73.730279096478426, 65.677355701619504 ], [ -73.684832211110546, 65.713317400361987 ], [ -73.733244924590551, 65.765988700298365 ], [ -73.871340604424404, 65.811451091959071 ], [ -74.017371128134585, 65.838568892858277 ], [ -74.22323559684061, 65.972304406196102 ], [ -74.41092646409659, 66.071639107892679 ], [ -74.463374976499253, 66.147661799780266 ], [ -74.407668411576466, 66.196771908097915 ], [ -73.994357575228847, 66.318960106171033 ], [ -73.808623591346503, 66.398281184424917 ], [ -73.71134839049526, 66.454362209191459 ], [ -73.484752798537841, 66.528730711835692 ], [ -73.428543881184737, 66.556430605338065 ], [ -73.38246579156349, 66.621616690136904 ], [ -73.202838967327565, 66.691811899183236 ], [ -72.982910325956865, 66.741000508343618 ], [ -73.006749680299407, 66.7845589061195 ], [ -72.9400127192242, 66.875073912031311 ], [ -72.841719912081047, 66.945153595695302 ], [ -72.818686476317836, 67.015275890521437 ], [ -72.648566107953982, 67.079618795037376 ], [ -72.45245867374868, 67.081453498109681 ], [ -72.34633749603816, 67.106528301808851 ], [ -72.275630324476552, 67.155158390986259 ], [ -72.246784981412191, 67.245584903142245 ], [ -72.180320514248706, 67.271212509341552 ], [ -72.36944686820604, 67.320483404574588 ], [ -72.330625716473236, 67.349774799877295 ], [ -72.420987885420786, 67.47441160584269 ], [ -72.470592798362048, 67.490067494006453 ], [ -72.447799216738503, 67.543556402346212 ], [ -72.481984869294578, 67.624043402191091 ], [ -72.570041586173886, 67.626341794906907 ], [ -72.658836821748324, 67.681640012277597 ], [ -72.56556842593838, 67.739469303704979 ], [ -72.574133987677456, 67.765312594322154 ], [ -72.781920421864001, 67.882119687828322 ], [ -72.9367788057464, 67.929939992566815 ], [ -72.89112920384261, 67.960346909435913 ], [ -72.941608635014333, 67.999360501861162 ], [ -72.91028523009328, 68.069956305834793 ], [ -72.968610503067907, 68.111038997726709 ], [ -72.967403080865338, 68.171119707927303 ], [ -73.028535522078172, 68.243966009628451 ], [ -73.122684106198051, 68.225833787872986 ], [ -73.272115973922681, 68.292753201636273 ], [ -73.37368208105184, 68.259120285297385 ], [ -73.558358587364268, 68.305989287132107 ], [ -73.721695787041725, 68.309388899709745 ], [ -73.850459877803814, 68.346777598238802 ], [ -73.837333715565748, 68.372864589399356 ], [ -73.950244883290651, 68.421030406496527 ], [ -73.870594087317428, 68.494416597371369 ], [ -73.721402777866274, 68.524965790274237 ], [ -73.755193207851818, 68.57515519620668 ], [ -73.728965479607837, 68.626629087676818 ], [ -73.825886399149738, 68.695453601523155 ], [ -74.040879007837617, 68.732277896396397 ], [ -74.181027919634161, 68.736350896511269 ], [ -74.069097777068492, 68.658378297900143 ], [ -73.891151603531625, 68.565695599462558 ], [ -74.222399220352756, 68.522685798235528 ], [ -74.373435908426899, 68.551113607710491 ], [ -74.486560681425644, 68.596385210641714 ], [ -74.476177476024191, 68.649768296322549 ], [ -74.721434907784797, 68.742146495820606 ], [ -74.715688834266032, 68.770451899044389 ], [ -74.889716236944608, 68.80552329664259 ], [ -74.80238812696075, 68.853221108267292 ], [ -74.649677001841525, 68.873317491331278 ], [ -74.669585362564419, 68.938516608670824 ], [ -74.874456888729881, 68.929097686187461 ], [ -74.936410168883299, 69.001253292809366 ], [ -74.640518911697072, 69.024492414182845 ], [ -74.779483203267546, 69.069104295302836 ], [ -74.721466979102459, 69.157904804414997 ], [ -74.584573766497684, 69.210976196815665 ], [ -74.613876872282802, 69.239111199809571 ], [ -74.782275287368606, 69.237982084842599 ], [ -74.745116299074994, 69.130800596870429 ], [ -74.860751076692921, 69.072041494426472 ], [ -74.950879813855991, 69.050749391234532 ], [ -75.020681320834569, 69.003720014681008 ], [ -75.071398034332418, 68.925791593026204 ], [ -75.152428012295246, 68.88718230689561 ], [ -75.354123573135595, 68.953037799932957 ], [ -75.437179288232201, 69.015420400482029 ], [ -75.586992227022108, 69.015641207115578 ], [ -75.585838993690771, 68.979701306819706 ], [ -75.50935548025609, 68.947226801989345 ], [ -75.57267387814197, 68.890966404713026 ], [ -75.753342582610671, 68.847643299049352 ], [ -75.949952761525836, 68.821356506411277 ], [ -76.068337094565848, 68.758492503441957 ], [ -76.415246474257671, 68.679617500790314 ], [ -76.58588657095693, 68.677411704691664 ], [ -76.673464411458653, 68.725346899388683 ], [ -76.658441287075703, 68.761177407587965 ], [ -76.561665517061556, 68.808379391462964 ], [ -76.505254923237558, 68.884366088819476 ], [ -76.609603918455178, 68.88558040207937 ], [ -76.646493817759904, 68.9412941087771 ], [ -76.593283196759089, 69.035757392804669 ], [ -76.343994094789181, 69.066512499531882 ], [ -76.107086005653301, 69.037338312056818 ], [ -76.065951461558825, 69.010938706022273 ], [ -75.942044070095619, 69.014838390980401 ], [ -75.735172575114348, 69.08565529004504 ], [ -75.609617139412592, 69.080111994062165 ], [ -75.567401469386724, 69.191523288969819 ], [ -75.587726065433472, 69.238625295164397 ], [ -75.762451200383296, 69.314108786834893 ], [ -75.883055897827134, 69.330141008189003 ], [ -75.925712577742161, 69.363574798539744 ], [ -76.172130199566837, 69.426855311151812 ], [ -76.381055276306654, 69.414928000510614 ], [ -76.398270121223405, 69.450884394105884 ], [ -76.535489196077123, 69.509463402496962 ], [ -76.713329918624396, 69.563573398212867 ], [ -76.932401513345681, 69.605700209824477 ], [ -77.144743874262161, 69.623900607335528 ], [ -77.161093130581889, 69.658582501837884 ], [ -76.994839876104535, 69.697734393529075 ], [ -76.837660529843205, 69.691186390156972 ], [ -76.930013976519902, 69.810744084511427 ], [ -77.188660463673216, 69.829045007496163 ], [ -77.274720516402596, 69.854718007917398 ], [ -77.52604542986532, 69.830237398007156 ], [ -77.516448818893124, 69.769141908276168 ], [ -77.637919503736995, 69.754810604356493 ], [ -77.695207931201637, 69.999770094846198 ], [ -77.653828888973678, 70.097489407786284 ], [ -77.674249378195299, 70.202776994407856 ], [ -77.796446494247704, 70.246225098087947 ], [ -77.976090272173735, 70.251641696888981 ], [ -78.16043500313036, 70.202836396964116 ], [ -78.345459690910417, 70.205193587187111 ], [ -78.465216698560013, 70.286252887746855 ], [ -78.542965220782904, 70.311885996736592 ], [ -78.467599467502609, 70.35699499390806 ], [ -78.513790573692503, 70.376302305765847 ], [ -78.679140464905686, 70.377419006943427 ], [ -78.757585778502559, 70.443665185831236 ], [ -79.044900306866339, 70.466704095924257 ], [ -79.134421742438661, 70.516747394031768 ], [ -79.158506186394476, 70.421444304903375 ], [ -79.386077824544657, 70.458647388931141 ], [ -79.569571105839444, 70.439912913117695 ], [ -79.586116022853261, 70.406039896700875 ], [ -79.44102409572298, 70.365766389486367 ], [ -79.273309607371772, 70.350410888100186 ], [ -79.233232083411011, 70.315540496587317 ], [ -79.107977309634492, 70.307700111932689 ], [ -79.01838359347812, 70.345401602615865 ], [ -78.918681301954834, 70.308473206228371 ], [ -78.871220388757621, 70.256415210076355 ], [ -78.746974027531721, 70.171750806824662 ], [ -78.746575515157033, 70.079773389941323 ], [ -78.654517606601445, 69.974653609001535 ], [ -78.800574324689933, 69.896982110159215 ], [ -79.047180098720233, 69.888105993196248 ], [ -79.405006173493291, 69.899067107087248 ], [ -79.585107302415523, 69.864278990111387 ], [ -79.67720560129797, 69.86056949052427 ], [ -79.779827170331302, 69.896975392523331 ], [ -79.811067281610079, 69.948571498599833 ], [ -79.912806135290865, 69.99507350322753 ], [ -80.219071514287393, 70.021689905277526 ], [ -80.32562178617394, 69.988460296906652 ], [ -80.435234797365027, 70.008563507808176 ], [ -80.55591676906559, 70.054308698711296 ], [ -80.657310908614093, 70.046673300920489 ], [ -80.842778273795304, 70.080144090135505 ], [ -80.960291995939386, 70.063625793723631 ], [ -81.098331579854147, 70.091657386864455 ], [ -81.418155934204876, 70.100088392494413 ], [ -81.754073201272689, 70.136456386828172 ], [ -81.707214880602393, 70.081091099212287 ], [ -81.505331878850157, 70.055942385782942 ], [ -81.392706685462912, 70.012101202084537 ], [ -81.302966615061578, 70.038645000585461 ], [ -81.169346371672333, 69.991925399714276 ], [ -81.122423205998572, 69.935965400131181 ], [ -80.960617412142327, 69.881414995013273 ], [ -80.782224808215162, 69.797928392810917 ], [ -80.751991800425287, 69.763902391813787 ], [ -80.900481194245671, 69.725116910124754 ], [ -81.099643812625615, 69.782551091302835 ], [ -81.155267268097361, 69.82794110700803 ], [ -81.246228216602049, 69.837910900588895 ], [ -81.403192778520577, 69.891138000629113 ], [ -81.453599403138611, 69.931614302959488 ], [ -81.540268927144965, 69.929054208551804 ], [ -81.601309357594445, 69.970451409994183 ], [ -81.77474946988535, 69.983262801745454 ], [ -81.957104239772519, 70.068006392712945 ], [ -82.092276085352566, 70.067978885132007 ], [ -81.928076234211204, 69.983359409730397 ], [ -81.726102974787551, 69.950898985477565 ], [ -81.850490699177413, 69.861073307536316 ], [ -82.090503308131289, 69.861635388756682 ], [ -82.20626281135597, 69.798602701650694 ], [ -82.299690733988754, 69.821632994087253 ], [ -82.29836380551825, 69.867904397386724 ], [ -82.503914193069861, 69.867629693072217 ], [ -82.642301678617315, 69.887176386725983 ], [ -83.070692808454254, 70.0187877036103 ], [ -83.31122526623237, 70.006883294893498 ], [ -83.347839082730403, 69.986210211588286 ], [ -83.647331102729126, 69.958924795321209 ], [ -83.935006236121424, 69.971369291102292 ], [ -84.000000029540587, 69.98560800198608 ], [ -84.307454594698285, 69.987978710335639 ], [ -84.432290187138051, 70.008309390163475 ], [ -84.651871971078705, 70.006214997105417 ], [ -84.812343678894536, 70.032871897555495 ], [ -84.850199036698427, 70.079167588060471 ], [ -84.940888987481955, 70.06731551080486 ], [ -85.084971603810104, 70.088005900146342 ], [ -85.240104101111797, 70.090935705059138 ], [ -85.347241075038909, 70.110092390738615 ], [ -85.643929564958185, 70.083749003663513 ], [ -85.367960333234379, 70.040761799633259 ], [ -85.279505983669139, 69.988044502437319 ], [ -85.537134060248732, 70.01709690028872 ], [ -85.716951402039868, 70.000254598655417 ], [ -85.84377349894929, 70.013140999955709 ], [ -85.972153105589598, 70.060534801275637 ], [ -86.108254200082428, 70.076452203036837 ], [ -86.301702780574189, 70.128738986394254 ], [ -86.475360917964906, 70.216397890523623 ], [ -86.563272663958173, 70.241144304025568 ], [ -86.533346822841679, 70.298125597007129 ], [ -86.582037424917928, 70.363042595832425 ], [ -86.522973882892316, 70.411357890552722 ], [ -86.61876181141804, 70.417698991971378 ], [ -86.675319394779976, 70.375035808411496 ], [ -86.65769962458846, 70.333019594695045 ], [ -86.828644264450844, 70.32715479693266 ], [ -86.984332497980191, 70.429084911023907 ], [ -87.089606480524253, 70.448997006492462 ], [ -87.137219200668895, 70.398527710961716 ], [ -86.972735827051622, 70.365195690399275 ], [ -86.982749763877791, 70.28584050793576 ], [ -87.510190526523715, 70.331479700500466 ], [ -87.751309128807463, 70.247761894110127 ], [ -87.91416026601452, 70.266728495126628 ], [ -88.239343978976436, 70.334055387564987 ], [ -87.984393192784779, 70.341091911554301 ], [ -88.138976263740091, 70.393667901993467 ], [ -88.676076034921707, 70.46413330896786 ], [ -88.853521488394193, 70.526979711309394 ], [ -89.003483276991162, 70.631289789052204 ], [ -88.985235983835892, 70.663922511626183 ], [ -89.338039867825358, 70.807205086406327 ], [ -89.420554825649475, 70.913454712984802 ], [ -89.190192095790934, 70.945794899898857 ], [ -89.223590720828099, 70.989081706977231 ], [ -89.340518887336145, 71.007817199345965 ], [ -89.450874684502836, 71.05508509307775 ], [ -89.428877231780973, 71.091062510240377 ], [ -89.227890118736326, 71.07218240531779 ], [ -89.187846164972427, 71.032083406402947 ], [ -88.740569679323343, 71.047104288763663 ], [ -88.47215268190287, 71.033747311384033 ], [ -88.35142659917976, 71.005616201578448 ], [ -88.288979162268888, 70.950962994525071 ], [ -88.052922939538973, 70.935543490510312 ], [ -87.831002430365558, 70.948949000722351 ], [ -87.3584107897981, 70.951720008453748 ], [ -87.279366935169335, 71.025138994899365 ], [ -87.326751814727587, 71.049127998516127 ], [ -87.761019860040108, 71.141389811391207 ], [ -87.85836773366691, 71.194321098027942 ], [ -87.843782398733552, 71.269282588396777 ], [ -88.151514110298038, 71.227624591369334 ], [ -88.599133088195714, 71.243036806206121 ], [ -89.132417469108304, 71.293219507909313 ], [ -89.247693885017981, 71.285533700011129 ], [ -89.636633689402885, 71.308835700938971 ], [ -89.868636073329014, 71.348877293520999 ], [ -89.870894896828815, 71.391936102147113 ], [ -89.991397763573701, 71.458837094858495 ], [ -89.939552898228612, 71.512057687324713 ], [ -90.006052183232526, 71.596997901363778 ], [ -89.998916708270499, 71.636569187667575 ], [ -89.857531085415999, 71.687579987765432 ], [ -89.810514201573369, 71.766548704179982 ], [ -89.943960820968144, 71.831409198956663 ], [ -90.019697582978196, 71.902515788145919 ], [ -90.024655133256815, 71.956173890490589 ], [ -89.957855787208047, 72.029137707720196 ], [ -90.004987280589972, 72.066867389975116 ], [ -89.812178122452295, 72.115921504327559 ], [ -89.607365090345652, 72.142591087180946 ], [ -89.637893598763441, 72.188366491853614 ], [ -89.795146906092626, 72.172792489665071 ], [ -89.886869666247875, 72.194388802993245 ], [ -89.948342399967444, 72.255434810300287 ], [ -89.960994392670074, 72.342338287440327 ], [ -89.833271182172354, 72.399165401121422 ], [ -89.892986004187335, 72.448318095893541 ], [ -89.769345366899074, 72.485865911472914 ], [ -89.782969585027232, 72.558396103171077 ], [ -89.7333588133788, 72.618956295812609 ], [ -89.595672619972333, 72.62170989206075 ], [ -89.475574582706471, 72.679683502903828 ], [ -89.567678666083808, 72.696833586709786 ], [ -89.540774271863185, 72.777529709995349 ], [ -89.329649988584748, 72.771089610237837 ], [ -89.410202394911579, 72.831911498535959 ], [ -89.307018699590969, 72.878282906859553 ], [ -89.339670470703879, 72.959391700392032 ], [ -89.246628066262247, 73.101918388399724 ], [ -89.134346881323737, 73.190379699301232 ], [ -89.027796017848999, 73.234401293291157 ], [ -88.956727375420755, 73.294594711711099 ], [ -88.649198808443003, 73.433884697253745 ], [ -88.553258598695251, 73.460266886816314 ], [ -88.264098310162751, 73.577854810313369 ], [ -88.018656378164778, 73.648321799200914 ], [ -87.589989541994569, 73.737114691663308 ], [ -87.218915875791069, 73.791609602884506 ], [ -87.078195067402362, 73.796751289038951 ], [ -86.636967742976111, 73.850090696029596 ], [ -86.135808470916032, 73.855978200977049 ], [ -85.74809268860578, 73.839687886832664 ], [ -85.550089984512525, 73.820716807189967 ], [ -85.348613640621679, 73.823670306511701 ], [ -85.102872796310592, 73.812026292330088 ], [ -84.989955340130408, 73.792589493738589 ], [ -84.858206556053076, 73.733967101832818 ], [ -84.936849638745429, 73.66812250427256 ], [ -85.033453785702974, 73.648116589829883 ], [ -85.580275568799124, 73.489659493266288 ], [ -85.874212519460485, 73.385466189141979 ], [ -86.127412927898689, 73.257220608640054 ], [ -86.291865704111288, 73.107815005448771 ], [ -86.284232144734773, 73.076784998078367 ], [ -86.440184316113459, 72.972891292657579 ], [ -86.626946042558316, 72.891172588169979 ], [ -86.700095419158131, 72.836287305240191 ], [ -86.731381741561734, 72.709843698830753 ], [ -86.70429867414731, 72.662855803920351 ], [ -86.536589808772021, 72.579558808145492 ], [ -86.373627120361178, 72.519607595671005 ], [ -86.259386362125923, 72.445483194291114 ], [ -86.249967126761874, 72.387051889902096 ], [ -86.408200882628563, 72.299598105611963 ], [ -86.457114497615095, 72.206392290470177 ], [ -86.419496166719483, 72.179640507612675 ], [ -86.419233665730474, 72.05788739888655 ], [ -86.354111743229097, 71.968233992553181 ], [ -86.217547585337044, 71.883270409479607 ], [ -86.113910890528075, 71.790524090572191 ], [ -86.007580815649135, 71.769848211934587 ], [ -85.82565987240632, 71.67387030553202 ], [ -85.710075320187954, 71.638318405895546 ], [ -85.673780575776703, 71.603067302691215 ], [ -85.387459294308385, 71.49005960238803 ], [ -85.256556076322823, 71.479908092377102 ], [ -85.2028378991387, 71.451799088121348 ], [ -85.047777523426888, 71.446466196720024 ], [ -84.914839527954058, 71.42230299541157 ], [ -84.920381766820896, 71.350724205401804 ], [ -84.854398916735093, 71.3422598128289 ], [ -84.834893509668944, 71.272064390303242 ], [ -85.096084033553353, 71.29497799697377 ], [ -85.28039247602554, 71.248476992195165 ], [ -85.396645810619731, 71.259042007292152 ], [ -85.495929408143979, 71.176483212085188 ], [ -85.748421380530502, 71.193174689670556 ], [ -85.941262764773086, 71.186208807147509 ], [ -86.061669071013554, 71.124339091902598 ], [ -86.19880153037353, 71.104630303489984 ], [ -86.23358092701946, 71.060291110798701 ], [ -86.397042833285582, 71.038874696340827 ], [ -86.781830897283115, 71.011093794406037 ], [ -86.722777062318116, 70.980428610478683 ], [ -86.530252771182717, 70.978963611074988 ], [ -86.181226894359099, 71.022985893653498 ], [ -86.078751636067665, 71.061479088653684 ], [ -85.892389532888373, 71.100302394093475 ], [ -85.736548333404471, 71.147565795082215 ], [ -85.510820817006532, 71.153316504372569 ], [ -85.31386878620556, 71.174253786484854 ], [ -85.115376305463045, 71.15693179528138 ], [ -85.098783258371412, 71.188442507759603 ], [ -84.924071870309959, 71.192450305512907 ], [ -84.850337167204913, 71.169092200372759 ], [ -84.85909780571582, 71.081991293061236 ], [ -84.98509409374104, 71.114480192575115 ], [ -84.979888321860614, 71.043938989034629 ], [ -84.910335179301896, 71.009664985696446 ], [ -84.96709242618158, 70.944047613618821 ], [ -84.794690666370059, 70.928482199674448 ], [ -84.732533515946301, 70.995632503765449 ], [ -84.811329932087773, 71.060769400654792 ], [ -84.787372294059281, 71.198593290216934 ], [ -84.684012964515404, 71.217724807027167 ], [ -84.77354059312205, 71.26378690047278 ], [ -84.793622336662139, 71.345267292836127 ], [ -84.702408902344729, 71.438619097382073 ], [ -84.56488373743278, 71.439728193250915 ], [ -84.519144289169233, 71.464381699419874 ], [ -84.538692868418408, 71.548301497611902 ], [ -84.632012522602466, 71.585678812127995 ], [ -84.624367910944898, 71.67599320334304 ], [ -84.822143816831925, 71.683163192771147 ], [ -84.8662147646465, 71.635645997706391 ], [ -84.976840673316318, 71.654962295896027 ], [ -85.236713461703417, 71.670757599552388 ], [ -85.556216122234929, 71.799938310416593 ], [ -85.429107443370654, 71.81006678816 ], [ -85.554417319248628, 71.902500806098672 ], [ -85.81141188281768, 71.964323304827289 ], [ -85.976589172032391, 71.98633070305938 ], [ -85.94336999117472, 72.025022092619395 ], [ -85.7821338760331, 72.013102894512002 ], [ -85.756413005159729, 72.049399288967891 ], [ -85.553353517459257, 72.064624598100451 ], [ -85.385411037575466, 72.154249306346898 ], [ -85.471652536773519, 72.206767388985512 ], [ -85.311283639339905, 72.265850805159545 ], [ -84.961396503223696, 72.249347800503216 ], [ -84.8408590066622, 72.194454495359963 ], [ -84.657375057988062, 72.182581906997768 ], [ -84.777606778572363, 72.256984008882554 ], [ -84.941214366049124, 72.286677010929353 ], [ -84.785824474091896, 72.360432695273047 ], [ -84.874012059831713, 72.372409093431642 ], [ -84.839621764945619, 72.450356500167416 ], [ -85.034332038634886, 72.399287796746535 ], [ -85.314542477735259, 72.405874396853307 ], [ -85.51451347369931, 72.460408087758481 ], [ -85.685832183610017, 72.638930495993108 ], [ -85.677239523926303, 72.821140109520016 ], [ -85.642896506422531, 72.88315430528877 ], [ -85.6999463040694, 72.903915200710401 ], [ -85.563171117865267, 72.972219394128288 ], [ -85.358569705029453, 72.979002301415676 ], [ -85.103445575285164, 72.945712911109567 ], [ -84.929891233056722, 72.89757210069159 ], [ -84.704395440394734, 72.876749296860709 ], [ -84.569798572672823, 72.901231201340352 ], [ -84.811625135566388, 72.932683697916801 ], [ -84.925828808284038, 72.978513887405825 ], [ -85.148243596857697, 73.012191693854874 ], [ -85.526643578802833, 73.025780088259324 ], [ -85.425846629737649, 73.135921590668616 ], [ -85.236437798179821, 73.063410103917178 ], [ -85.164000083024533, 73.148533211958508 ], [ -85.043055880280107, 73.140851505886374 ], [ -84.82602675789181, 73.089035905494839 ], [ -84.532551857760794, 73.065582209752819 ], [ -84.238528796343516, 73.052233693905833 ], [ -84.206736479310621, 73.072389302025641 ], [ -84.458207506809799, 73.116857201993199 ], [ -84.711109241741354, 73.133124600332209 ], [ -84.931596008253806, 73.187864292151019 ], [ -85.172835106834043, 73.225905398190221 ], [ -85.13031231440641, 73.309701004915269 ], [ -84.984542309277501, 73.352311712764688 ], [ -84.771391967621781, 73.389982789910974 ], [ -84.675786390465845, 73.316079901049335 ], [ -84.573270251950063, 73.327873305887238 ], [ -84.623997539672146, 73.407296299982846 ], [ -84.161170469893037, 73.481607609950018 ], [ -83.614329192033594, 73.408139401929915 ], [ -83.729753198501527, 73.466651809044933 ], [ -84.007819415791417, 73.510766603413558 ], [ -83.698479833123614, 73.571964909821332 ], [ -83.6423681370335, 73.592756510884328 ], [ -83.26460708282066, 73.642262608319186 ], [ -83.188154901960999, 73.665273701540471 ], [ -83.057849812850762, 73.653898798206853 ], [ -82.879808330849613, 73.707858208541708 ], [ -82.712174577265358, 73.726238494275123 ], [ -82.309180915218093, 73.72199570753952 ], [ -81.99491213465204, 73.735126893480242 ], [ -81.71413896059768, 73.724248597004504 ], [ -81.599606866757441, 73.730768401489613 ], [ -81.447269805545346, 73.687223503029628 ], [ -81.421466809470331, 73.639546193736251 ], [ -81.281546561518155, 73.592126297609212 ], [ -81.201584306859331, 73.522813091462936 ], [ -81.195264696835778, 73.445363100585354 ], [ -81.145672393187766, 73.38724109620874 ], [ -81.204001338109592, 73.283364498927369 ], [ -81.179923895853349, 73.25836650236829 ], [ -80.975972072687995, 73.218639604446423 ], [ -80.602829342933546, 73.161952701120512 ], [ -80.507842565893611, 73.088672909705139 ], [ -80.64401400726932, 73.000000001508653 ], [ -80.636976742183037, 72.929133188505588 ], [ -80.537891063664006, 72.892445093704467 ], [ -80.497152240489285, 72.831699097888176 ], [ -80.306169072092132, 72.805342787111499 ], [ -80.224092716592921, 72.731552889134548 ], [ -80.355825824546969, 72.703350710244933 ], [ -80.537336810202675, 72.632210110910464 ], [ -80.566496384811316, 72.574515602792204 ], [ -80.726159486679151, 72.534077708032228 ], [ -80.974438327802005, 72.440333298623713 ], [ -80.745377781940988, 72.450993989583623 ], [ -80.55644917454643, 72.516986905182577 ], [ -80.466543625513225, 72.458135392613173 ], [ -80.501869730746236, 72.380862601618688 ], [ -80.668528223986868, 72.344667299896983 ], [ -80.803648147408666, 72.271612492053663 ], [ -80.860567321733555, 72.177005788141102 ], [ -80.55327721131961, 72.097372011385261 ], [ -80.609203108448952, 72.066889390823135 ], [ -80.747697942886163, 72.106588897032921 ], [ -80.959992877640971, 72.091560195953235 ], [ -81.073994086143088, 72.045256191241791 ], [ -80.817719603264379, 72.046150100414067 ], [ -80.822427593967163, 71.980554299579396 ], [ -80.38789196456861, 72.040764298213688 ], [ -80.320261677201998, 72.080820590547034 ], [ -80.486056000477561, 72.182486499550308 ], [ -80.293560112475717, 72.182031808908761 ], [ -80.243946524951696, 72.219529311820068 ], [ -80.284373224317633, 72.268781294173181 ], [ -80.118500808822006, 72.269685703759095 ], [ -80.024725824779097, 72.195205891944653 ], [ -79.832231214484764, 72.148036191745604 ], [ -80.166928420605217, 72.329328109519295 ], [ -80.061185181757807, 72.384938306451218 ], [ -79.873323837826533, 72.420676994130929 ], [ -79.864576917398836, 72.482317005885236 ], [ -79.790600544586923, 72.505946688721281 ], [ -79.681755302266311, 72.46878800902013 ], [ -79.755530023853979, 72.419639996893991 ], [ -79.576945499560921, 72.346043893972663 ], [ -79.700456993921861, 72.248091788150774 ], [ -79.47181762979119, 72.311153113684142 ], [ -79.292739372717477, 72.40169239015259 ], [ -79.084745744680774, 72.335167193836597 ], [ -78.947153487315163, 72.198672804935043 ], [ -78.998122863753096, 72.153293692063144 ], [ -79.007375226664607, 72.091034299342667 ], [ -79.12810199828445, 72.005003608345646 ], [ -79.067384290111406, 71.974387195948452 ], [ -78.6833598651112, 71.919143794776986 ], [ -78.593790564166511, 71.936055693693604 ], [ -78.84236707842058, 71.982551292705665 ], [ -78.928776531390156, 72.022577095023323 ], [ -78.863961432860251, 72.083346895359995 ], [ -78.88295185800078, 72.14513380950217 ], [ -78.753995097565891, 72.154929697424294 ], [ -78.520925810307787, 72.113702312203671 ], [ -78.468888319525576, 72.091557709960682 ], [ -78.373832781145168, 71.968190588903212 ], [ -78.126746331174687, 71.946455395958097 ], [ -78.01415533180375, 71.909066796657541 ], [ -77.957594867251956, 71.848180793777956 ], [ -77.844524281360776, 71.841630190080267 ], [ -78.082838595709347, 71.959709496805985 ], [ -78.3132581852242, 72.001514202008877 ], [ -78.395033895173455, 72.106670697518396 ], [ -78.839330169219053, 72.207330186300126 ], [ -78.877401366069151, 72.236929204642905 ], [ -78.746775532223594, 72.282098690907446 ], [ -78.821278826644402, 72.320484002639631 ], [ -78.598714278023408, 72.36577119342742 ], [ -78.525786784760271, 72.352579694171737 ], [ -78.525767781140047, 72.234418504477574 ], [ -78.454090901924872, 72.243953110368523 ], [ -78.419445930594563, 72.334626790158694 ], [ -78.154299060168881, 72.290784595459129 ], [ -78.022930976855434, 72.283787710213218 ], [ -77.933045562628706, 72.303966892787102 ], [ -78.174814284512578, 72.334725906578583 ], [ -78.41717389776629, 72.386924898494115 ], [ -78.550656145072338, 72.437813394445897 ], [ -78.545548933038475, 72.510642912906903 ], [ -78.412281389680686, 72.59061939059093 ], [ -77.959620709104001, 72.702807005759851 ], [ -77.789124830607733, 72.70764068943447 ], [ -77.558048003822179, 72.763172311175396 ], [ -76.963154494918641, 72.751273201102777 ], [ -76.75595170576625, 72.728280794546748 ], [ -76.636441225035242, 72.679414509967486 ], [ -76.650765043079232, 72.64147699208155 ], [ -76.126091206137517, 72.592815407115694 ], [ -75.800062531996687, 72.58991149269832 ], [ -75.544491320192222, 72.55753970574527 ], [ -75.403408474155427, 72.527354209091655 ], [ -75.185675072902939, 72.500403497987307 ], [ -75.185260411998939, 72.467584587899125 ], [ -75.046927849420101, 72.325528107068592 ], [ -74.925681284563908, 72.244464505993022 ], [ -75.031783394363856, 72.187312704337074 ], [ -75.27108026341196, 72.116387508693094 ], [ -75.48327406359617, 72.149607893218302 ], [ -75.686895878607515, 72.141769905298375 ], [ -75.912795361338894, 72.105370010078062 ], [ -76.056142710209897, 72.069937799326254 ], [ -76.017851502769048, 72.049419099019218 ], [ -75.755198512202014, 72.109872099033083 ], [ -75.487927084204216, 72.12614200805065 ], [ -75.211369013347678, 72.075328310600298 ], [ -75.289979283459601, 72.0373516845209 ], [ -75.505408707855523, 72.019609090072322 ], [ -75.501192102755482, 71.99407139955278 ], [ -75.205365421609102, 72.017407995758646 ], [ -75.082374223333801, 72.112677390055026 ], [ -75.002566928558736, 72.126982897523618 ], [ -74.6157707012852, 72.092203700441004 ], [ -74.247145166365982, 72.0775152970741 ], [ -74.117475271590052, 71.963081694188702 ], [ -74.202011137869277, 71.918891196349733 ], [ -74.167849316438648, 71.871596292650381 ], [ -74.227767929330312, 71.829590792197024 ], [ -74.654571925066662, 71.771472613092598 ], [ -74.713278579164353, 71.735015185297314 ], [ -74.812336995647215, 71.737379607636939 ], [ -74.946620357324377, 71.648290808709746 ], [ -75.188178092448666, 71.59414749703673 ], [ -75.123503699667509, 71.580768792130627 ], [ -74.865015227733892, 71.626757607893325 ], [ -74.786299059078829, 71.679031899529548 ], [ -74.66565007474496, 71.693603196572298 ], [ -74.614125071433634, 71.658705199103323 ], [ -74.707770680964217, 71.58650109460649 ], [ -74.860280735615675, 71.543817600928236 ], [ -74.797604042901327, 71.498787999762854 ], [ -74.83349300239901, 71.451271793872607 ], [ -74.702377315105664, 71.422206489057572 ], [ -74.739691464980339, 71.530716095501433 ], [ -74.544611964108768, 71.593930395526911 ], [ -74.532650981725595, 71.648768996787624 ], [ -74.330307288570125, 71.684607987718437 ], [ -74.29563760246694, 71.72498579547171 ], [ -74.093010824415316, 71.735174711909124 ], [ -73.953168591325621, 71.764045087109338 ], [ -73.634952423546395, 71.77125620745268 ], [ -73.611448788169184, 71.722320405641767 ], [ -73.800712821236658, 71.660141801340657 ], [ -73.877737380073441, 71.619185388967992 ], [ -74.038195815267528, 71.443691199804022 ], [ -74.04540883101177, 71.332315794501767 ], [ -73.974320711949744, 71.32420491143759 ], [ -73.962898065039965, 71.417565199326546 ], [ -73.879091592948669, 71.450663109823381 ], [ -73.906309214573071, 71.479797008715536 ], [ -73.850264297010668, 71.537505607761929 ], [ -73.74638097170147, 71.59145709545696 ], [ -73.663766925775832, 71.595314504564286 ], [ -73.561556020825407, 71.544641010481087 ], [ -73.648223996500192, 71.446459386374755 ], [ -73.515929419960898, 71.42653070577326 ], [ -73.421619263384954, 71.439745706520199 ], [ -73.385453981476175, 71.385885485127176 ], [ -73.504228115519709, 71.371380199576123 ], [ -73.495446402223124, 71.340563808793192 ], [ -73.67345649661533, 71.254827696433097 ], [ -73.649372834069666, 71.166263303321216 ], [ -73.516363907700622, 71.294937691887043 ], [ -73.32088063556462, 71.348489101677274 ], [ -73.251018388565143, 71.321705788791903 ], [ -73.046630070302939, 71.288556697911261 ], [ -73.043338024223274, 71.262639815164306 ], [ -73.235152110815378, 71.238492211894155 ], [ -73.193446421188881, 71.215985613498844 ], [ -72.993916892053733, 71.238663889712427 ], [ -72.936147090011175, 71.331360602986265 ], [ -72.978198934677607, 71.412014804898647 ], [ -72.806398211555134, 71.416699488547593 ], [ -72.754062557497079, 71.438285103506985 ], [ -72.851146085546162, 71.506924289919851 ], [ -72.669932182302119, 71.532543698614759 ], [ -72.557384017381452, 71.660108409234283 ], [ -72.439622013217971, 71.630352699661728 ], [ -72.147986398798892, 71.585481796544528 ], [ -71.928107185632086, 71.569942590532079 ], [ -71.824023225103417, 71.540515894418093 ], [ -71.547739916416859, 71.493207188540779 ], [ -71.434296120966152, 71.419832495906206 ], [ -71.301102793114367, 71.378784285462658 ], [ -71.145539894396705, 71.250534903742917 ], [ -71.327434108406905, 71.184472713664363 ], [ -71.522474702068124, 71.063178998899019 ], [ -71.879485235570925, 71.114769400349644 ], [ -72.084552529444579, 71.0845973066168 ], [ -72.171050032171607, 70.969379593311359 ], [ -72.27038677576175, 70.965719301801769 ], [ -72.348341836213663, 70.883145596955103 ], [ -72.184461742031957, 70.833612497172382 ], [ -72.339763910858167, 70.745345009757003 ], [ -72.38651867641623, 70.685961683708712 ], [ -72.318089631074599, 70.676703492316136 ], [ -72.210883122642898, 70.76846809558738 ], [ -71.944334922338342, 70.7920800956867 ], [ -71.564484869188405, 70.874472790698434 ], [ -71.390886200887323, 70.878485111895301 ], [ -71.286384820184551, 70.905754592557585 ], [ -71.213190722379196, 71.008461903409795 ], [ -70.997495681538709, 71.053136591240474 ], [ -70.78073959556221, 71.120798302717816 ], [ -70.605016187191069, 71.055619400264845 ], [ -70.563875362531263, 70.96798439652369 ], [ -70.517865142829976, 70.933473194136411 ], [ -70.655226113102401, 70.853897004819558 ], [ -70.711761618023189, 70.843335802064587 ], [ -70.753728580698422, 70.766735509042562 ], [ -70.8911831999161, 70.713424991977504 ], [ -71.119297692810207, 70.662746706853468 ], [ -71.19840878741806, 70.589997587690874 ], [ -71.461307486027607, 70.619387495216287 ], [ -71.609715012390097, 70.615206911187656 ], [ -71.583426698546063, 70.55876349632716 ], [ -71.736176371597111, 70.497952606100426 ], [ -71.654748840792735, 70.479519790425101 ], [ -71.520162524163567, 70.529722907269246 ], [ -71.463966373091282, 70.587450292955907 ], [ -71.173639118825164, 70.544660094566382 ], [ -71.235425310311172, 70.419165914369202 ], [ -71.322111513358692, 70.3040679056394 ], [ -71.269036696379089, 70.287584005461738 ], [ -71.304548298866891, 70.239815701937715 ], [ -71.452109435079223, 70.134617900977233 ], [ -71.340411232188558, 70.13364730018624 ], [ -71.255440696427371, 70.229948306690773 ], [ -71.19420895525316, 70.358637305386182 ], [ -71.100441975451474, 70.465698600866261 ], [ -71.009039200832945, 70.630298110948118 ], [ -70.8420049585595, 70.644686003023153 ], [ -70.596738924039926, 70.729215794551436 ], [ -70.352094117536922, 70.787489202711896 ], [ -70.233774939651113, 70.795212594797391 ], [ -69.890055135575651, 70.881432896165776 ], [ -69.768639870707958, 70.862263504751212 ], [ -69.790162478840799, 70.83153018936251 ], [ -69.993207507809373, 70.722940300553461 ], [ -70.185419373580132, 70.657874903406523 ], [ -70.423362709370736, 70.642266289806813 ], [ -70.486963000623703, 70.604951795559671 ], [ -70.401722815031263, 70.537414090179027 ], [ -70.338629977193321, 70.543556505218504 ], [ -70.393041411269479, 70.61630640296957 ], [ -70.106064259653309, 70.621873704670591 ], [ -69.943407473550224, 70.660792403026448 ], [ -69.779662790837804, 70.718164785537368 ], [ -69.682775983263284, 70.686319903016681 ], [ -69.644287701991004, 70.749160910915705 ], [ -69.498189067152381, 70.781120607397682 ], [ -69.40766571944981, 70.770546097805664 ], [ -69.211227786845399, 70.781537100484073 ], [ -69.124272369741945, 70.723011798686585 ], [ -69.009316673842633, 70.706041087869806 ], [ -69.096594190020639, 70.666811607217369 ], [ -69.124589378195239, 70.631174910477526 ], [ -69.191598621313361, 70.596003388623984 ], [ -69.249258920745874, 70.578228690825128 ], [ -69.301035190402018, 70.572677089550112 ], [ -69.386095071397222, 70.55478759760932 ], [ -69.49817437952079, 70.517635299391216 ], [ -69.561394640052953, 70.523144995826428 ], [ -69.722204499552248, 70.514634900310256 ], [ -69.77402898785013, 70.475209406736383 ], [ -69.98046456589968, 70.482510296336002 ], [ -70.176275637867704, 70.466700994293063 ], [ -69.859923596986562, 70.439315109577223 ], [ -69.746682709797625, 70.448773391375667 ], [ -69.672894485558629, 70.493575884792421 ], [ -69.541611116184143, 70.519206093035947 ], [ -69.47195962177048, 70.515141311378343 ], [ -69.431414511245279, 70.537847600714883 ], [ -69.316543690993143, 70.567772207836555 ], [ -69.252168201564729, 70.575176409956356 ], [ -69.203889906154444, 70.58916300750316 ], [ -69.121125694248278, 70.630779584972856 ], [ -69.082923487537258, 70.667967500747494 ], [ -69.0028949401419, 70.700778997070941 ], [ -68.352247325968662, 70.578373203286887 ], [ -68.29452924406425, 70.510663092215353 ], [ -68.515012800433695, 70.380607086885078 ], [ -68.682909500448545, 70.423074002894992 ], [ -68.653930691746254, 70.349066401364922 ], [ -68.711863413865075, 70.32706210117199 ], [ -68.917275506828219, 70.298117502689962 ], [ -69.396945108858176, 70.259784791150693 ], [ -69.644212387956131, 70.20594010045366 ], [ -69.842986468181891, 70.148284302404065 ], [ -69.921416015545347, 70.08344379217435 ], [ -69.813405183820322, 69.995244801830211 ], [ -69.780017996894685, 70.088642902484366 ], [ -69.653384992765211, 70.144352793083954 ], [ -69.455031500836157, 70.173772393663157 ], [ -69.187794577861695, 70.196320205823156 ], [ -69.103886523786159, 70.174239912920342 ], [ -68.830691891869208, 70.213802209247532 ], [ -68.681166670890562, 70.209125604048921 ], [ -68.642701033990619, 70.157964693545921 ], [ -68.777221721876714, 70.103675199227723 ], [ -68.76148228597971, 70.071733196231861 ], [ -68.880179519575151, 70.019589898990375 ], [ -69.123163508051803, 69.981854297930752 ], [ -69.259884682387039, 69.929772106076825 ], [ -69.393605420315893, 69.837527308977911 ], [ -69.455481535295405, 69.818388296833618 ], [ -69.573654885177021, 69.839259684165071 ], [ -69.755902787425626, 69.841718690714742 ], [ -69.882892299941759, 69.785238292953707 ], [ -69.821237425668897, 69.765190000550675 ], [ -69.731055425472107, 69.81135840345344 ], [ -69.585322817695484, 69.809534003437264 ], [ -69.478955386160877, 69.780605408943487 ], [ -69.320526778245593, 69.815508404300402 ], [ -69.224812026463809, 69.877038011528015 ], [ -69.089826741010086, 69.932255798133852 ], [ -68.898795129772182, 69.956802104228814 ], [ -68.667269831282894, 69.957503704960899 ], [ -68.447628511396005, 70.071628413075032 ], [ -68.341904422888788, 70.069462413416858 ], [ -68.221129726080946, 70.111183889882923 ], [ -68.321377780698697, 70.141064987788695 ], [ -68.328144211585709, 70.231159296036182 ], [ -68.163717380409167, 70.287570203889032 ], [ -68.045294226253731, 70.30787611255505 ], [ -67.792473673922743, 70.257518794234556 ], [ -67.75905962312909, 70.228065200252104 ], [ -67.603963911231745, 70.181383403724396 ] ] ], [ [ [ -78.698446282712339, 52.451586205073099 ], [ -78.762353192153086, 52.403716597401271 ], [ -78.79209268753921, 52.441079606696377 ], [ -78.698446282712339, 52.451586205073099 ] ] ], [ [ [ -79.342131307433164, 52.098149601107153 ], [ -79.249061505373135, 52.059242110833637 ], [ -79.324435814532293, 52.020963810698412 ], [ -79.323052598302255, 51.959392992161611 ], [ -79.377560696554355, 51.92494918891083 ], [ -79.463436522679729, 51.933389292897814 ], [ -79.583830780279428, 51.921858699984959 ], [ -79.653397789351331, 51.953407096217767 ], [ -79.643643698497769, 52.004819497467615 ], [ -79.549480222974694, 52.012874091187108 ], [ -79.481612704351519, 52.052638008452661 ], [ -79.342131307433164, 52.098149601107153 ] ] ], [ [ [ -79.997775507362377, 53.388917197587666 ], [ -79.903286302232388, 53.356906807316008 ], [ -79.958655091834174, 53.319884090088735 ], [ -79.943286677198174, 53.256368805565025 ], [ -80.015870679746087, 53.225386994357763 ], [ -80.055271513919593, 53.231982412267918 ], [ -80.093119503414059, 53.319366493339466 ], [ -80.083221303357647, 53.36395260389191 ], [ -79.997775507362377, 53.388917197587666 ] ] ], [ [ [ -81.105010701005313, 53.183890803074142 ], [ -81.083762707328191, 53.160337511580501 ], [ -80.959165577556249, 53.107164305370333 ], [ -80.939878684565258, 53.074822310363537 ], [ -80.825209807950301, 53.000964289534444 ], [ -80.757005486297828, 52.923131806371813 ], [ -80.728479186316918, 52.840684000362444 ], [ -80.668959805978943, 52.775089196026052 ], [ -80.669219500298269, 52.735283808694355 ], [ -80.715155194157205, 52.66719600256517 ], [ -80.770429794495485, 52.697472889167493 ], [ -80.96949097911714, 52.74109650109034 ], [ -81.054494508942483, 52.748299501200258 ], [ -81.297556717057077, 52.838362495755653 ], [ -81.550461206725799, 52.868879120993107 ], [ -81.770385802529532, 52.928145312455975 ], [ -81.947284416054487, 52.960527423820743 ], [ -82.043379631456091, 53.001466817807433 ], [ -82.051125219662779, 53.021863426730107 ], [ -81.912080912231701, 53.143830894213892 ], [ -81.829073503075108, 53.174343710175776 ], [ -81.792501500381775, 53.168081387884015 ], [ -81.624727484208634, 53.20024450303606 ], [ -81.500000000033083, 53.210906002936646 ], [ -81.43343529241767, 53.194377692348937 ], [ -81.31178420586636, 53.211934589439828 ], [ -81.174320912700352, 53.183802805442767 ], [ -81.105010701005313, 53.183890803074142 ] ] ], [ [ [ -79.860759891049014, 53.174397007547022 ], [ -79.810889292810884, 53.168952694080531 ], [ -79.798486286755946, 53.08632510514866 ], [ -79.908239018366174, 53.067508189430939 ], [ -79.927235591588243, 53.121548800230549 ], [ -79.860759891049014, 53.174397007547022 ] ] ], [ [ [ -77.209445384148154, 55.656547896001364 ], [ -77.303344714093583, 55.576604203565651 ], [ -77.334900808371145, 55.585194600891342 ], [ -77.209445384148154, 55.656547896001364 ] ] ], [ [ [ -79.045870904571942, 54.938154392667208 ], [ -79.06208531181656, 54.911836890278138 ], [ -79.205386500487791, 54.886531506256496 ], [ -79.243507698643981, 54.892492701705216 ], [ -79.328232298538197, 54.854254007722169 ], [ -79.628265112451075, 54.813384409929384 ], [ -79.659930212300949, 54.841733006050958 ], [ -79.480243514887988, 54.868986812979884 ], [ -79.437485692026996, 54.88376379917117 ], [ -79.045870904571942, 54.938154392667208 ] ] ], [ [ [ -76.704597921020479, 57.199442206357645 ], [ -76.645670408149257, 57.067019704120789 ], [ -76.692161913406224, 57.065282198229035 ], [ -76.739917104088207, 57.175733986251103 ], [ -76.704597921020479, 57.199442206357645 ] ] ], [ [ [ -79.748241293348883, 57.611967307724335 ], [ -79.709852915628488, 57.55109099308865 ], [ -79.739991173592131, 57.509071003029824 ], [ -79.83547789626256, 57.535464697938487 ], [ -79.748241293348883, 57.611967307724335 ] ] ], [ [ [ -76.836872498320673, 57.431218811782266 ], [ -76.765274721546447, 57.393161002729421 ], [ -76.730884705523565, 57.30432948958758 ], [ -76.760947101212111, 57.281874793251987 ], [ -76.836872498320673, 57.431218811782266 ] ] ], [ [ [ -79.868829590645007, 56.873862088145884 ], [ -79.833663314528025, 56.827698803329582 ], [ -79.865079205714281, 56.789795207571011 ], [ -79.959039597468632, 56.770307008528867 ], [ -79.969002685687911, 56.833167186104987 ], [ -79.868829590645007, 56.873862088145884 ] ] ], [ [ [ -79.818285408327583, 56.95800091196228 ], [ -79.771694309283063, 56.914352011265208 ], [ -79.739988387999261, 56.815542206755268 ], [ -79.815498779533641, 56.826837307328766 ], [ -79.846607987040557, 56.927789907912747 ], [ -79.818285408327583, 56.95800091196228 ] ] ], [ [ [ -79.254103313789201, 56.626735000958654 ], [ -79.263025608571724, 56.554370908058701 ], [ -79.122446085418062, 56.531270094732847 ], [ -79.116422578387116, 56.472994398212634 ], [ -79.037086915577717, 56.422606406369667 ], [ -78.923353381413264, 56.42710888781766 ], [ -78.928044083715136, 56.312318492785657 ], [ -78.982521489008661, 56.358114706792151 ], [ -79.054436685329904, 56.345563485749516 ], [ -79.096841383816283, 56.20817338813675 ], [ -79.160334980215524, 56.233227589697982 ], [ -79.236604820480679, 56.152651800407057 ], [ -79.292385405684854, 56.050280395049839 ], [ -79.342160806296718, 55.986354796591662 ], [ -79.461619394999772, 55.875759107361517 ], [ -79.543872185894244, 55.857205903950394 ], [ -79.596370094826753, 55.885990894910215 ], [ -79.689199405430728, 55.867710411182834 ], [ -79.567530890084413, 56.001748894111827 ], [ -79.463172105077362, 56.101690189037775 ], [ -79.517863579357581, 56.131972593227083 ], [ -79.569408019293448, 56.105077603557092 ], [ -79.704817475878755, 55.972775507562879 ], [ -79.801932107585102, 55.898211995278409 ], [ -79.861426289239603, 55.828156789090336 ], [ -79.913103989751278, 55.837370994960779 ], [ -79.935033121211873, 55.877731795299098 ], [ -80.012254214537109, 55.923534213566114 ], [ -79.862408090134011, 56.009761609172209 ], [ -79.760794090406009, 56.124222793060795 ], [ -79.693274700465139, 56.174521593991514 ], [ -79.543213208988078, 56.260848601572093 ], [ -79.503475787828123, 56.321746094131953 ], [ -79.458235487722959, 56.44734600192325 ], [ -79.423801810281233, 56.441875413068601 ], [ -79.478584091707759, 56.308019199065491 ], [ -79.537493216563732, 56.194927207822325 ], [ -79.427155081212177, 56.19598030701632 ], [ -79.392989288719349, 56.225984801856619 ], [ -79.328895175384304, 56.372217105819381 ], [ -79.283729783432022, 56.574433994182094 ], [ -79.254103313789201, 56.626735000958654 ] ] ], [ [ [ -79.480878308571675, 56.444384292052682 ], [ -79.558531209703872, 56.2887172035134 ], [ -79.628616283059515, 56.268984309999915 ], [ -79.531938002174982, 56.428237709069585 ], [ -79.480878308571675, 56.444384292052682 ] ] ], [ [ [ -78.680290391645968, 56.437586404847927 ], [ -78.65193869729012, 56.411972293306356 ], [ -78.648826591603395, 56.269299608087117 ], [ -78.659414698333578, 56.212223509349201 ], [ -78.700910012606727, 56.172691494481747 ], [ -78.7764290809355, 56.168352308789956 ], [ -78.805523511850737, 56.137438891555824 ], [ -78.88504431412008, 56.107292900900688 ], [ -78.931506395579504, 56.113691709879532 ], [ -78.892881113794857, 56.194091489682954 ], [ -78.810569776878438, 56.26508020598552 ], [ -78.828350803945682, 56.354810406655872 ], [ -78.768246884800234, 56.413732306442071 ], [ -78.680290391645968, 56.437586404847927 ] ] ], [ [ [ -79.541347083860529, 56.53915358562837 ], [ -79.525926809169519, 56.512999895888633 ], [ -79.615851715327921, 56.358619211880153 ], [ -79.720931617781019, 56.286453603145844 ], [ -80.048155914400979, 56.171192903380145 ], [ -80.108636114249606, 56.201386313615501 ], [ -80.055262011105768, 56.241305199178726 ], [ -80.030201925406345, 56.314665889795137 ], [ -79.893241987474042, 56.313978300557615 ], [ -79.863950614867576, 56.374597501620215 ], [ -79.724813299246875, 56.349904692806824 ], [ -79.623523909564113, 56.393974794681746 ], [ -79.541347083860529, 56.53915358562837 ] ] ], [ [ [ -79.591309117197596, 56.795441199703333 ], [ -79.517088475879973, 56.778144301378319 ], [ -79.485720211900571, 56.684401592743534 ], [ -79.50616352082784, 56.645266198030264 ], [ -79.594159118753964, 56.65359559067381 ], [ -79.556530519258033, 56.706979105678428 ], [ -79.591309117197596, 56.795441199703333 ] ] ], [ [ [ -80.042488621159364, 59.870629100559036 ], [ -79.949420116300971, 59.862437294184353 ], [ -79.93637568899274, 59.835353297746238 ], [ -80.026246119183313, 59.778884298564314 ], [ -80.101427312434083, 59.761927193442681 ], [ -80.141956423632607, 59.822057492524245 ], [ -80.042488621159364, 59.870629100559036 ] ] ], [ [ [ -67.608358324291444, 58.38989999218412 ], [ -67.512717415165383, 58.323972405653748 ], [ -67.581570314048037, 58.294850010463712 ], [ -67.654569398077157, 58.294189509306776 ], [ -67.671880017313356, 58.328094094490709 ], [ -67.597030892369148, 58.348273388214771 ], [ -67.608358324291444, 58.38989999218412 ] ] ], [ [ [ -64.430585727006317, 60.377716016707119 ], [ -64.533984585574359, 60.341061643954525 ], [ -64.5170598889855, 60.311308751090678 ], [ -64.619506694882745, 60.348735505449113 ], [ -64.763772394439329, 60.378466892156005 ], [ -64.863229873890504, 60.446713307133173 ], [ -64.793362190457373, 60.492351601223682 ], [ -64.659160618415243, 60.490900307155869 ], [ -64.580036105732859, 60.464735711344808 ], [ -64.551720508368476, 60.432253713042954 ], [ -64.430585727006317, 60.377716016707119 ] ] ], [ [ [ -78.254486415851957, 60.824630087031913 ], [ -78.280009779243386, 60.78714160452121 ], [ -78.392019503743967, 60.744544495758909 ], [ -78.661670302337967, 60.706778093071129 ], [ -78.601597319312631, 60.775968691471476 ], [ -78.450105187133119, 60.796450788523899 ], [ -78.375567803270229, 60.818497705683107 ], [ -78.254486415851957, 60.824630087031913 ] ] ], [ [ [ -69.946604818957454, 61.039243205054738 ], [ -69.942008416266845, 60.967599993018261 ], [ -70.023663795672405, 60.997780207590992 ], [ -69.946604818957454, 61.039243205054738 ] ] ], [ [ [ -67.99022080280011, 60.574838598347633 ], [ -67.826537118138518, 60.455096407067785 ], [ -67.886499511544798, 60.37964041218315 ], [ -67.955458411655513, 60.335887288573211 ], [ -67.959144907263195, 60.301458989758579 ], [ -68.064808903368302, 60.295380212884147 ], [ -68.188232711676719, 60.235691409687455 ], [ -68.326591988952757, 60.198713796020236 ], [ -68.413780681880226, 60.211624690266817 ], [ -68.435989893058974, 60.262346291417295 ], [ -68.383288202172736, 60.375613008704313 ], [ -68.327333629294685, 60.434984390618595 ], [ -68.234791112507921, 60.584492402811115 ], [ -68.117850218902149, 60.59615710310166 ], [ -67.99022080280011, 60.574838598347633 ] ] ], [ [ [ -65.706617679181633, 61.835657397823496 ], [ -65.662133605452638, 61.745532398667599 ], [ -65.745652904656154, 61.770704689881796 ], [ -65.770303873265078, 61.822690695525928 ], [ -65.706617679181633, 61.835657397823496 ] ] ], [ [ [ -65.852638795299328, 61.832373711456583 ], [ -65.763789319121429, 61.758727808627647 ], [ -65.879890332801708, 61.76714639700009 ], [ -65.939157482032755, 61.790638507898514 ], [ -65.852638795299328, 61.832373711456583 ] ] ], [ [ [ -64.702665013396157, 61.658196391818009 ], [ -64.765753001771827, 61.614381413512227 ], [ -64.622487484279731, 61.591857387163827 ], [ -64.703293188155627, 61.537686603567614 ], [ -64.652492216962344, 61.509278011703444 ], [ -64.766936199957044, 61.414088304102719 ], [ -64.764778279566144, 61.366421192392345 ], [ -64.82884858198112, 61.332050200349059 ], [ -64.967685096526395, 61.350618794281367 ], [ -64.933044486828933, 61.392188206481094 ], [ -65.030544722115408, 61.400956993415654 ], [ -65.163171710860709, 61.470263707077549 ], [ -65.449818010430263, 61.576660214133128 ], [ -65.465369678548157, 61.631730793898448 ], [ -65.395500804657189, 61.659524611307802 ], [ -65.233623518760055, 61.681947203557186 ], [ -65.013315502935498, 61.695179001872098 ], [ -64.924917025565776, 61.667076895145598 ], [ -64.702665013396157, 61.658196391818009 ] ] ], [ [ [ -89.942864372106428, 74.062146702906063 ], [ -89.962920175399077, 73.998104594240829 ], [ -90.215616444207711, 74.011715391255365 ], [ -90.166185179578534, 74.058962399889083 ], [ -89.942864372106428, 74.062146702906063 ] ] ], [ [ [ -104.212085190943654, 75.445121289410039 ], [ -103.96013815563056, 75.407780004547917 ], [ -103.741655373945775, 75.298927106223388 ], [ -103.757317858708319, 75.233653206902659 ], [ -103.590896667941323, 75.169218288597563 ], [ -103.855336005357401, 75.061630608835983 ], [ -104.229363743746077, 75.029557492941549 ], [ -104.597348159157761, 75.056063192186102 ], [ -104.915045407485536, 75.128135696773811 ], [ -104.820408730971167, 75.176680394020366 ], [ -104.691687767331203, 75.276874193040285 ], [ -104.742127139837876, 75.289339497490829 ], [ -104.504291323523944, 75.413259001219856 ], [ -104.212085190943654, 75.445121289410039 ] ] ], [ [ [ -97.42804400174667, 74.631638707510163 ], [ -97.27207869233014, 74.607715708440878 ], [ -97.36824744107372, 74.515471294729849 ], [ -97.660628035014952, 74.464289010948363 ], [ -97.785236837690348, 74.499490888161091 ], [ -97.600183625991789, 74.549688490585694 ], [ -97.42804400174667, 74.631638707510163 ] ] ], [ [ [ -95.607979319121412, 74.652137205855411 ], [ -95.498651709641578, 74.647403986744536 ], [ -95.338390086890044, 74.59703909929344 ], [ -95.235089066304425, 74.508784297518304 ], [ -95.482789929461731, 74.503413610701344 ], [ -95.787642623454047, 74.562008605489126 ], [ -95.835256788446301, 74.592711112097021 ], [ -95.607979319121412, 74.652137205855411 ] ] ], [ [ [ -94.894765340449467, 75.639462991599046 ], [ -94.501979050800287, 75.619483395116859 ], [ -94.31012538881653, 75.589951793990693 ], [ -93.889732068328968, 75.417751206152843 ], [ -93.644549092196044, 75.358410288174525 ], [ -93.618005974993707, 75.307987888362604 ], [ -93.497713639282978, 75.275709705260653 ], [ -93.576929223837141, 75.204171900409392 ], [ -93.469754900238314, 75.138663996957831 ], [ -93.52167181760305, 75.044632687688903 ], [ -93.417228178756019, 74.972798396528887 ], [ -93.389736666940209, 74.882201090473217 ], [ -93.413397620753145, 74.790471312005025 ], [ -93.485939283180585, 74.675738489499466 ], [ -93.72352224440759, 74.642751593429196 ], [ -93.948388047799526, 74.649090609561895 ], [ -94.198607822576122, 74.636006099507796 ], [ -94.242806105408704, 74.654677001989981 ], [ -94.538295897131562, 74.627717995238427 ], [ -94.719804276372386, 74.644776295088604 ], [ -94.847001559885427, 74.694092609226502 ], [ -94.92913617408685, 74.671828709310134 ], [ -95.078762328679133, 74.682800805243232 ], [ -95.0593651928328, 74.753761511328264 ], [ -95.27042136016054, 74.807388508327776 ], [ -95.463294535859859, 74.80254079738431 ], [ -95.671603558216873, 74.827876302595072 ], [ -95.82072742772931, 74.826585007400411 ], [ -95.96531154512887, 74.866039098336202 ], [ -96.131865987128791, 74.933569888833844 ], [ -96.314350756052605, 74.908390495929552 ], [ -96.391217618454817, 74.933689693789646 ], [ -96.37368401119916, 75.005949610623276 ], [ -96.510262820221328, 75.015675103480476 ], [ -96.590158329949801, 75.080895797230923 ], [ -96.375752654564849, 75.215542807217915 ], [ -96.240916137508904, 75.247164810913546 ], [ -96.069303035510387, 75.240798493702968 ], [ -96.10036532853151, 75.292869097285845 ], [ -95.965765937003198, 75.374836794505043 ], [ -95.94535949457179, 75.441979702089611 ], [ -95.817264663784101, 75.450148094223564 ], [ -95.795934814324838, 75.505301106702959 ], [ -95.601493373029157, 75.553665209570397 ], [ -95.345519181785306, 75.562860105756528 ], [ -95.099247750920853, 75.612603395665104 ], [ -94.894765340449467, 75.639462991599046 ] ] ], [ [ [ -96.294558234759876, 75.652089008400779 ], [ -95.909701285839162, 75.577213910886258 ], [ -96.121633599444067, 75.462259101345524 ], [ -96.418081505735657, 75.527991394565163 ], [ -96.545597429917706, 75.4338016917484 ], [ -96.6814921808175, 75.420348406018164 ], [ -96.841985291256904, 75.356754111086985 ], [ -97.013509662555137, 75.460414292525584 ], [ -97.015303630452379, 75.502561707159217 ], [ -96.890505796017649, 75.529560694400217 ], [ -96.365862376781479, 75.588170388182675 ], [ -96.404898220074344, 75.64076921043322 ], [ -96.294558234759876, 75.652089008400779 ] ] ], [ [ [ -100.305609031375042, 75.629880306645717 ], [ -100.294407950917929, 75.595132600045474 ], [ -100.879666171167869, 75.548081094260468 ], [ -100.978002945401656, 75.570409393742977 ], [ -100.602919005448868, 75.610090201274502 ], [ -100.305609031375042, 75.629880306645717 ] ] ], [ [ [ -96.469528391286815, 75.78708199744554 ], [ -96.519271407982913, 75.748868004748942 ], [ -96.691209938216147, 75.747546489689356 ], [ -96.620386408326965, 75.797924193305278 ], [ -96.469528391286815, 75.78708199744554 ] ] ], [ [ [ -78.882250724796194, 76.105933487645174 ], [ -78.853692450368982, 76.045912202938098 ], [ -79.151965173899583, 75.97342440835962 ], [ -79.119933198742572, 75.917475704506302 ], [ -78.933997448904165, 75.882342404452672 ], [ -78.87162045484969, 75.8458470071307 ], [ -79.211701581911541, 75.869691608263082 ], [ -79.580101047421934, 75.822595098953911 ], [ -79.556267264917494, 75.944071007718875 ], [ -79.153237314696867, 76.063630510710539 ], [ -79.09974936100997, 76.117597207931922 ], [ -78.882250724796194, 76.105933487645174 ] ] ], [ [ [ -94.473047529010131, 75.979263596949565 ], [ -94.396728962962939, 75.870480695488581 ], [ -94.27557227491819, 75.788867887335741 ], [ -94.298978877042174, 75.758959200990802 ], [ -94.657902034311618, 75.749827200134021 ], [ -94.814195189502428, 75.799109695699755 ], [ -94.799140653416657, 75.889927704976401 ], [ -94.871091975592648, 75.919861893998743 ], [ -94.718134610086025, 75.951554101923207 ], [ -94.473047529010131, 75.979263596949565 ] ] ], [ [ [ -103.839112476452229, 75.883900194996102 ], [ -103.420614235321466, 75.891041900402072 ], [ -103.367456194494963, 75.861427402290957 ], [ -103.588081604293166, 75.839188204079448 ], [ -103.834767922438601, 75.856593791021993 ], [ -103.839112476452229, 75.883900194996102 ] ] ], [ [ [ -102.137182651686359, 76.00078459696897 ], [ -101.969417213281318, 75.954803894361419 ], [ -102.031248634066188, 75.930248193811209 ], [ -102.436068806624263, 75.875620595490901 ], [ -102.553506982864704, 75.781289805160384 ], [ -102.814339494171676, 75.779503198980606 ], [ -102.872225090416322, 75.750634688144757 ], [ -103.226675324651993, 75.748428487714904 ], [ -103.385369677468134, 75.770319906102117 ], [ -103.285025102903703, 75.814871104168546 ], [ -103.136640755868669, 75.845912110383779 ], [ -103.070575464786174, 75.901639094726491 ], [ -102.542783775497597, 75.966153013238028 ], [ -102.137182651686359, 76.00078459696897 ] ] ], [ [ [ -102.454861771610396, 76.097885090527598 ], [ -102.284286238344208, 76.064405510082764 ], [ -102.341284329894705, 76.014140897396004 ], [ -102.616024614507438, 75.991070412219955 ], [ -103.219182388298805, 75.923589301685126 ], [ -103.525705422715092, 75.899791610400385 ], [ -103.890294358682411, 75.90882019322062 ], [ -103.896057387504754, 75.951685604741598 ], [ -103.546560886564279, 75.980761597793915 ], [ -103.122753892928614, 76.043565294681642 ], [ -102.824492125771528, 76.076336490482305 ], [ -102.454861771610396, 76.097885090527598 ] ] ], [ [ [ -99.703244230770196, 80.149987893496501 ], [ -99.441307421444492, 80.106969094002977 ], [ -99.005043525106103, 80.121864195628419 ], [ -98.857671245125943, 80.085321093859847 ], [ -98.921673568938644, 80.049899502752055 ], [ -98.709166174781345, 79.967814206339895 ], [ -98.760494191004426, 79.88251459060595 ], [ -98.627505315664834, 79.790813710007001 ], [ -98.830180085510406, 79.670253903696903 ], [ -98.958942419786908, 79.727931691638418 ], [ -99.348345082153358, 79.764010204825951 ], [ -99.278828397395728, 79.83996289479542 ], [ -99.605984665531196, 79.899016496262917 ], [ -100.022883805190574, 79.876833908206919 ], [ -100.154474249587068, 79.894356007486124 ], [ -100.092842582421369, 80.034841007898464 ], [ -100.003434590965426, 80.086437503330643 ], [ -99.703244230770196, 80.149987893496501 ] ] ], [ [ [ -95.42481686281603, 80.701466502370138 ], [ -95.085009892656501, 80.696735995982294 ], [ -94.94892312765414, 80.626328411501746 ], [ -95.19500489665198, 80.609954701500129 ], [ -95.954975366589082, 80.692595996312235 ], [ -95.42481686281603, 80.701466502370138 ] ] ], [ [ [ -74.542459324074414, 78.775101600548908 ], [ -74.130815933294528, 78.715980411502898 ], [ -74.279372539700191, 78.675579899281345 ], [ -74.601147152855702, 78.702174709484112 ], [ -74.70760445789125, 78.736118803311172 ], [ -74.542459324074414, 78.775101600548908 ] ] ], [ [ [ -85.776222583975553, 79.073768707026574 ], [ -85.322608194556551, 79.060316109793106 ], [ -85.161903463694415, 79.029605798135819 ], [ -85.28222829817399, 78.98442689313778 ], [ -85.728499587574092, 78.93763449354357 ], [ -86.295097581500542, 78.891697689359248 ], [ -86.482552506914587, 78.89715308836783 ], [ -86.311907493620978, 78.964793092979463 ], [ -86.280132239167273, 79.016647500539293 ], [ -86.139008406714964, 79.016744404119024 ], [ -85.776222583975553, 79.073768707026574 ] ] ], [ [ [ -74.061834986124694, 83.136549093030141 ], [ -73.817041772074745, 83.095846907380007 ], [ -74.030690040513733, 83.064404708236736 ], [ -74.64743077694817, 83.088252703167711 ], [ -74.48650444348543, 83.117606512569878 ], [ -74.061834986124694, 83.136549093030141 ] ] ], [ [ [ -94.820006672285928, 76.116811187479442 ], [ -94.895971402870288, 76.051862595682181 ], [ -95.08853450389816, 76.071604090812741 ], [ -95.065765783224492, 76.106548688932349 ], [ -94.820006672285928, 76.116811187479442 ] ] ], [ [ [ -103.084984766610233, 76.318481805921778 ], [ -102.725187840862858, 76.320625803265429 ], [ -102.509917867638435, 76.225989698496051 ], [ -102.585843135963458, 76.145989095093881 ], [ -102.824219119836258, 76.092826798297565 ], [ -103.369239375458534, 76.043448593758328 ], [ -103.700292444625561, 76.049595305246172 ], [ -104.119530267926748, 76.070283202367932 ], [ -104.364648045677399, 76.094680096720865 ], [ -104.474792395942046, 76.159290089883029 ], [ -104.252985416762726, 76.227266087241119 ], [ -104.047271569074141, 76.233043695754588 ], [ -103.711143554065615, 76.268161899171389 ], [ -103.487285073250476, 76.275554307946976 ], [ -103.084984766610233, 76.318481805921778 ] ] ], [ [ [ -77.608233784592088, 77.85736819483202 ], [ -77.671275603062028, 77.787594489674177 ], [ -77.832642670715686, 77.771905687812747 ], [ -77.983360810442093, 77.821272091649888 ], [ -77.857139822743591, 77.847994101461708 ], [ -77.608233784592088, 77.85736819483202 ] ] ], [ [ [ -109.831128041413052, 77.936784850516943 ], [ -109.831166424829505, 78.110780582515375 ], [ -109.565114203798444, 78.080309688537014 ], [ -109.664246985291086, 77.9670064990692 ], [ -109.831128041413052, 77.936784850516943 ] ] ], [ [ [ -102.972144921191088, 78.27384200787229 ], [ -102.795497153459436, 78.25347689010961 ], [ -102.78169000085029, 78.206715196474192 ], [ -102.944610458701618, 78.176444996537484 ], [ -103.069845807869157, 78.124834493800847 ], [ -103.241822432091055, 78.127033185336302 ], [ -103.301791947572042, 78.171435607684458 ], [ -102.972144921191088, 78.27384200787229 ] ] ], [ [ [ -94.562766301333298, 78.284806997422621 ], [ -94.436451616918575, 78.260886592889648 ], [ -94.282756348866727, 78.186323295836758 ], [ -94.523757370574302, 78.185826003303333 ], [ -94.685914272185173, 78.252758207405165 ], [ -94.562766301333298, 78.284806997422621 ] ] ], [ [ [ -90.883065454580333, 77.660815699365884 ], [ -90.536777852350184, 77.627717996435393 ], [ -90.22006466623813, 77.612457190571902 ], [ -89.739432279375805, 77.468013593407463 ], [ -89.722475482155218, 77.356163792652538 ], [ -89.634416878999446, 77.331920989873254 ], [ -89.899786165016536, 77.230246591294062 ], [ -90.144408141649947, 77.197422502220803 ], [ -90.372308916836388, 77.201670290869146 ], [ -90.708184385392286, 77.275400510331849 ], [ -91.018107116123105, 77.317763508302534 ], [ -91.214709244238264, 77.407007803710684 ], [ -91.184874799932615, 77.443353993625323 ], [ -91.227200389033811, 77.588350693767623 ], [ -90.951930593328768, 77.634501403860341 ], [ -90.883065454580333, 77.660815699365884 ] ] ], [ [ [ -85.156571732725766, 77.586324809961113 ], [ -84.982148764097374, 77.575900199111047 ], [ -84.924659827188279, 77.524888991777971 ], [ -84.806136502787766, 77.502716592858846 ], [ -85.116317915448036, 77.453448590402289 ], [ -85.137307046712039, 77.498479702805156 ], [ -85.277819226399643, 77.533351006946958 ], [ -85.496433245316609, 77.549386698247659 ], [ -85.348516367117483, 77.586215102134403 ], [ -85.156571732725766, 77.586324809961113 ] ] ], [ [ [ -102.070977669242254, 77.906066396983476 ], [ -101.749953144877267, 77.910007495360787 ], [ -101.2532762801724, 77.855477203038987 ], [ -100.945085865501298, 77.773937904061384 ], [ -100.895655049924045, 77.746734601626159 ], [ -101.103681600781286, 77.718034201972003 ], [ -101.490333957435993, 77.730094193129133 ], [ -101.740109476682463, 77.690187892628501 ], [ -102.077950454558447, 77.687965398594415 ], [ -102.38516871634495, 77.754604187659567 ], [ -102.522758424618587, 77.799209595847714 ], [ -102.482789283777137, 77.869347611920048 ], [ -102.410551960187831, 77.88670601307085 ], [ -102.070977669242254, 77.906066396983476 ] ] ], [ [ [ -95.448645627764094, 77.806396387920984 ], [ -95.419857749881828, 77.743813990424684 ], [ -95.088279518077229, 77.757952102079841 ], [ -94.980365665389741, 77.78861631008813 ], [ -94.713848374481074, 77.793571095042182 ], [ -94.324289242293332, 77.755901810539243 ], [ -94.035319882844675, 77.765598093466181 ], [ -93.994878792744373, 77.742662510840859 ], [ -93.658045271742409, 77.78126080751332 ], [ -93.233275952775784, 77.733409789835164 ], [ -93.088091455130368, 77.665293794593524 ], [ -93.320825991133773, 77.647347993583736 ], [ -93.409810033962586, 77.572586691501968 ], [ -93.493993890435704, 77.552801596600972 ], [ -93.471895768669768, 77.473436393238259 ], [ -93.560181644861785, 77.445486591576326 ], [ -93.842913007045794, 77.456873997164095 ], [ -94.134268566077424, 77.449384009020946 ], [ -94.422808941602412, 77.480691606149264 ], [ -94.635331843347103, 77.474190706939751 ], [ -94.852676689376622, 77.49030599367309 ], [ -95.248199911271001, 77.461038296957199 ], [ -95.437754421236974, 77.479485789441867 ], [ -95.844306123851368, 77.467377209913039 ], [ -96.06820534963127, 77.499886409213318 ], [ -96.284525555949429, 77.598170397301857 ], [ -96.264215166523201, 77.690761912521552 ], [ -96.046753240440793, 77.741761800947742 ], [ -95.561259108212568, 77.78634561087901 ], [ -95.448645627764094, 77.806396387920984 ] ] ], [ [ [ -104.14538574467548, 77.169275307168803 ], [ -103.960815008831943, 77.143495509651885 ], [ -104.198594647138904, 77.080839087443323 ], [ -104.400052945480581, 77.090423899783715 ], [ -104.39241119341122, 77.133033398035437 ], [ -104.14538574467548, 77.169275307168803 ] ] ], [ [ [ -91.00670904352701, 77.256677499778661 ], [ -90.809208350824662, 77.236757101471326 ], [ -90.710008844512259, 77.184764409414299 ], [ -90.811154554593998, 77.146344203278943 ], [ -91.014515667057452, 77.139194208804398 ], [ -91.23546983746914, 77.182393011588303 ], [ -91.280503250271124, 77.230928694573606 ], [ -91.00670904352701, 77.256677499778661 ] ] ], [ [ [ -95.527846460698399, 77.251413401433922 ], [ -95.38430916946956, 77.246407900822305 ], [ -95.190434240950111, 77.203223009699741 ], [ -95.337091914642912, 77.165864210977446 ], [ -95.537993676824399, 77.209554989282509 ], [ -95.527846460698399, 77.251413401433922 ] ] ], [ [ [ -105.9548056929534, 77.767907190382346 ], [ -105.707777429314504, 77.757154687794284 ], [ -105.399867659990036, 77.694070800983127 ], [ -105.20941395453886, 77.633816700848172 ], [ -104.958212337427, 77.498241195730088 ], [ -105.040766167460987, 77.467894307916325 ], [ -105.016805430971743, 77.407052693595659 ], [ -104.804537358629574, 77.420562294941618 ], [ -104.712778419599985, 77.38090518815352 ], [ -104.45949374057632, 77.322016389672427 ], [ -104.347146048809478, 77.237447599461063 ], [ -104.390937364884479, 77.162036892104439 ], [ -104.607904642465883, 77.149238292336619 ], [ -104.73500237582823, 77.114664091692603 ], [ -104.930696851520935, 77.160457496656605 ], [ -105.132264899381781, 77.178608301785161 ], [ -105.26653645031999, 77.211915309111788 ], [ -105.56465749881815, 77.328678794305205 ], [ -105.553393476205315, 77.380925800331056 ], [ -105.766895169851139, 77.473602091839822 ], [ -105.69726689527748, 77.521985392532514 ], [ -105.871185734153855, 77.551811188046173 ], [ -105.835253266735108, 77.623302611557619 ], [ -105.906656822834904, 77.665477110077745 ], [ -106.112161480737385, 77.730215705324014 ], [ -105.9548056929534, 77.767907190382346 ] ] ], [ [ [ -109.830570166424948, 74.875715589499478 ], [ -109.831345524488285, 75.534159793137363 ], [ -109.103466004094457, 75.506140286756704 ], [ -108.879067365881269, 75.480438290955732 ], [ -108.957734940735264, 75.56346799199801 ], [ -108.787202899356387, 75.616313792396326 ], [ -109.03227243284455, 75.741413694463574 ], [ -109.501137608653906, 75.802482988492216 ], [ -109.655836357251047, 75.807070606529734 ], [ -109.631733375673647, 75.865835299267331 ], [ -109.832390343544716, 75.86442619036842 ], [ -109.832962289992793, 75.933934890903544 ], [ -109.609705362872234, 75.958545889209546 ], [ -109.521704465545668, 75.995112607000181 ], [ -109.304080914792834, 76.043282298039486 ], [ -109.364479749257939, 76.086085194684117 ], [ -109.265632351539438, 76.105322204625494 ], [ -109.665095963144978, 76.226773289085457 ], [ -109.83449665243532, 76.246037004879966 ], [ -109.835335231815279, 76.506777709870349 ], [ -109.671701827440799, 76.528496006325753 ], [ -109.749991143292505, 76.560122107578181 ], [ -109.704622497452732, 76.603056594174461 ], [ -109.52637633708926, 76.631213587326073 ], [ -109.455947826841694, 76.731341800825319 ], [ -109.337839248013907, 76.778915008206539 ], [ -109.116932553581336, 76.826508094854816 ], [ -108.911084302578871, 76.810707087479372 ], [ -108.783801918252223, 76.835090799172832 ], [ -108.62497827959595, 76.804825004222366 ], [ -108.38723926014255, 76.726439402175572 ], [ -108.54982113575106, 76.648907607389916 ], [ -108.696284557498629, 76.647454192079408 ], [ -108.697734936807649, 76.606307095041913 ], [ -108.484142305276379, 76.562278608819909 ], [ -108.605148471276749, 76.51378979444894 ], [ -108.448245969636758, 76.467879811384904 ], [ -108.569324058630528, 76.417276705395054 ], [ -108.255290899222913, 76.391788095650966 ], [ -108.173937192007671, 76.313727691192469 ], [ -108.039786079095549, 76.274650400932771 ], [ -108.057344316278872, 76.230776207034211 ], [ -108.35083621214423, 76.177385589954483 ], [ -108.346679571583195, 76.138373713920743 ], [ -108.439019308831206, 76.097887595877353 ], [ -108.373984894696264, 76.051300187424772 ], [ -108.167906477662072, 76.048955995883674 ], [ -107.959783894152594, 76.070864501316848 ], [ -107.800398076651177, 76.062120492074513 ], [ -107.60761032730575, 75.997547887366579 ], [ -107.873613954470045, 75.904697398511175 ], [ -107.903041054960212, 75.862310101950229 ], [ -108.022210037527131, 75.810038700703544 ], [ -107.878928960221884, 75.800302795763699 ], [ -107.735491264751815, 75.889422401657242 ], [ -107.394600417142996, 75.918709610664038 ], [ -107.023249634161218, 75.899276403543226 ], [ -107.105313354185654, 75.848958997951456 ], [ -106.923373469123661, 75.755004388987103 ], [ -106.773263310631592, 75.802135307252016 ], [ -106.867090601823875, 75.834731501026994 ], [ -106.843018408288586, 75.890988888736928 ], [ -106.890323348287382, 75.93995269627527 ], [ -106.651582369473459, 76.041392200607064 ], [ -106.540690451052953, 76.070802596386301 ], [ -106.33250155817305, 76.062833400065742 ], [ -105.938437752266083, 76.020069104151247 ], [ -105.65063294082897, 75.963393698470014 ], [ -105.544624312204718, 75.928899301088592 ], [ -105.418363832989101, 75.850186297971575 ], [ -105.428992658532025, 75.802445904437036 ], [ -105.362028856673433, 75.714978801799305 ], [ -105.381871278635018, 75.63086511042421 ], [ -105.454504170834127, 75.56185540015818 ], [ -105.613402071791199, 75.537516491630981 ], [ -105.71188246690609, 75.491547197047026 ], [ -105.590891128735066, 75.439269097712696 ], [ -105.686556016605522, 75.412587797665978 ], [ -105.621982650903405, 75.368454003880899 ], [ -105.719136050008629, 75.307065998386648 ], [ -105.849772619856864, 75.283085491376468 ], [ -105.863915074025968, 75.14712751068393 ], [ -106.013895885875471, 75.138535507548596 ], [ -106.082350680689132, 75.10279571295797 ], [ -105.98543622798077, 75.05761239628778 ], [ -106.231941539228501, 75.021232000662792 ], [ -106.518547275385572, 75.000855794118678 ], [ -106.68465331577255, 75.006092605172213 ], [ -106.775259419660856, 74.962069291780693 ], [ -107.184141173610442, 74.913425099287679 ], [ -107.481492009154621, 74.945904202696056 ], [ -107.660685006361149, 74.976844895440948 ], [ -107.716549386561496, 75.037126592895206 ], [ -107.898456231133409, 75.004159494867821 ], [ -107.931137551515562, 74.956629902176317 ], [ -108.119890478663933, 74.932315701338283 ], [ -108.402554532425953, 74.922327801619872 ], [ -108.509973517868559, 74.9419188087398 ], [ -108.483136962845549, 74.982602608930478 ], [ -108.575492934892765, 75.049920583404273 ], [ -108.78733041288011, 75.075777708474007 ], [ -108.896563810649482, 75.054854989162124 ], [ -108.940327696339224, 75.004342793161854 ], [ -109.14908138577799, 74.967813502749721 ], [ -109.303188177356304, 74.959290694310383 ], [ -109.487924025204492, 74.871963790481757 ], [ -109.587839497737548, 74.861216804634452 ], [ -109.830570166424948, 74.875715589499478 ] ] ], [ [ [ -95.686739933742302, 77.068458400224614 ], [ -95.418614360080085, 77.060016587342147 ], [ -95.170142719944593, 76.994024894820697 ], [ -94.923457005898186, 76.976668590713231 ], [ -94.626992913852519, 76.983814503398236 ], [ -94.493932726708749, 76.934667687988565 ], [ -94.286685650366309, 76.89219259048113 ], [ -94.027672107601347, 76.894067291287442 ], [ -93.890746762732959, 76.938644503388417 ], [ -93.658910752604825, 76.912680397482973 ], [ -93.620820344787049, 76.866171592721031 ], [ -93.413587302813212, 76.799375304940966 ], [ -93.184282475169539, 76.749744994491408 ], [ -93.187471856409061, 76.679054502920067 ], [ -93.325008180806009, 76.574332407399368 ], [ -93.309929128047742, 76.5465901874867 ], [ -93.479658283966003, 76.505506101453363 ], [ -93.361377979168992, 76.470258810649824 ], [ -93.10769715304275, 76.599414994456509 ], [ -92.882888180762464, 76.623020896684295 ], [ -92.686561290938585, 76.593813699479952 ], [ -92.481797434163653, 76.620112692196159 ], [ -92.415177426925581, 76.599026288066511 ], [ -92.120175142790742, 76.624654299476333 ], [ -91.943043913324018, 76.667508000095069 ], [ -91.471909071132899, 76.692596309746705 ], [ -91.142633354784664, 76.669812387407163 ], [ -90.840420806077447, 76.619205892387569 ], [ -90.831433644581551, 76.594706106133316 ], [ -90.575857853437682, 76.559687906471837 ], [ -90.491596238015148, 76.463732088781029 ], [ -90.852668323842579, 76.459570411928127 ], [ -91.031206699197767, 76.503547689458628 ], [ -91.131260639181306, 76.479663304571886 ], [ -91.383245138328405, 76.517972090808257 ], [ -91.52407788956387, 76.496721991761234 ], [ -91.279253740031123, 76.45708950352963 ], [ -91.011672506063761, 76.453186709838349 ], [ -90.896841145938467, 76.430564705485509 ], [ -90.292168319215378, 76.390173701900181 ], [ -90.018467755918152, 76.364139502868028 ], [ -89.742315122779402, 76.321076911754247 ], [ -89.287505492042158, 76.297805087687109 ], [ -89.19467587369067, 76.245819189346122 ], [ -89.301519763624327, 76.196585105822365 ], [ -89.641217857446264, 76.167330600214967 ], [ -90.228704792295943, 76.170508209892148 ], [ -90.349447731211342, 76.145400500690727 ], [ -90.527653609828775, 76.164967107753512 ], [ -90.883579269733175, 76.173843190765197 ], [ -91.179956401485612, 76.194854486602893 ], [ -91.257920380872179, 76.166415504639758 ], [ -90.656228271011898, 76.117649609443802 ], [ -90.203651056821954, 76.064995795239028 ], [ -90.427306385772098, 76.03122719245134 ], [ -90.943590933450295, 76.018029512140458 ], [ -90.98952149023485, 75.933642590922844 ], [ -90.907974955140347, 75.922609312412732 ], [ -90.759773422582356, 75.996831311783211 ], [ -90.449600552678007, 75.985953691523363 ], [ -90.431566080574299, 75.961202288947462 ], [ -90.079486889538018, 75.983745502387862 ], [ -89.848691443693198, 75.964477892194367 ], [ -89.669671798077317, 75.893576902903106 ], [ -89.808826962237177, 75.830196400066782 ], [ -89.439994855143965, 75.843064497767159 ], [ -89.221938537146542, 75.794248494583172 ], [ -89.165744730756018, 75.752492712084589 ], [ -89.24665542760907, 75.62936660322616 ], [ -89.416966024900276, 75.62349778757374 ], [ -89.433092515721739, 75.591057412386107 ], [ -89.196125761284151, 75.58527090071928 ], [ -89.125428495639525, 75.50116329123091 ], [ -88.970335475529225, 75.434637904045474 ], [ -88.776222359303176, 75.435227307224849 ], [ -88.743231593267865, 75.46921150481468 ], [ -88.87988812575415, 75.565751107866404 ], [ -88.888700142425819, 75.619999111944765 ], [ -88.787862098686659, 75.629205607247002 ], [ -88.755485534406404, 75.685138587158932 ], [ -88.61818908822535, 75.667059397038173 ], [ -88.472418925721371, 75.602337495006523 ], [ -88.187775075706867, 75.528214408671133 ], [ -88.152524355396693, 75.498269797643076 ], [ -87.908163883436359, 75.555993902274153 ], [ -87.543584788017242, 75.563036102735012 ], [ -87.310658276338373, 75.622231888421879 ], [ -87.11750400900975, 75.585644388839484 ], [ -87.033948427771108, 75.524640898190867 ], [ -86.796197150705638, 75.476043496862616 ], [ -86.596778285363996, 75.474173487342298 ], [ -86.377353261865835, 75.420710908784841 ], [ -85.856440029428526, 75.416067703146254 ], [ -85.879911579286997, 75.442874788981868 ], [ -86.163573547228097, 75.505969788374031 ], [ -86.092180766491225, 75.525159111164584 ], [ -85.838255387217089, 75.54256590615671 ], [ -85.662027939640737, 75.5794403086893 ], [ -85.340987811357991, 75.563968187414034 ], [ -85.332992761409855, 75.594094895079095 ], [ -85.110609312555653, 75.630684092463227 ], [ -85.06523853549173, 75.664224291473417 ], [ -84.659012300809977, 75.642791894772273 ], [ -84.65498475420921, 75.683868506530729 ], [ -84.336793215257032, 75.705171008346127 ], [ -84.188853788789089, 75.765409890735569 ], [ -84.014363553938992, 75.768534296229916 ], [ -83.952519605344435, 75.80398980157473 ], [ -83.555007038044479, 75.789889493484253 ], [ -83.40581353788788, 75.742798409880933 ], [ -82.931064498629937, 75.757263195955844 ], [ -82.656196516813125, 75.811394002167646 ], [ -82.337213102523805, 75.837624509567874 ], [ -81.475698468193329, 75.801456088629777 ], [ -81.097954712405411, 75.766170211680972 ], [ -81.155051204364455, 75.728183888568154 ], [ -81.33120886931475, 75.692657706141759 ], [ -81.295768200473191, 75.650543791775434 ], [ -81.066967284617448, 75.644810296825355 ], [ -81.013240441131131, 75.619601611043365 ], [ -80.481069900408514, 75.652734488415149 ], [ -80.313014800446254, 75.637025987333658 ], [ -80.07971286751588, 75.584958092011462 ], [ -79.971818089862808, 75.532025104231892 ], [ -80.167355661286877, 75.498055788514421 ], [ -80.427261181095048, 75.478744896333069 ], [ -80.414316960542024, 75.455472809853632 ], [ -79.961017578797069, 75.47870930437972 ], [ -79.715103721879771, 75.471782302284439 ], [ -79.625586758325525, 75.402169495770764 ], [ -79.481201217935606, 75.376968210545101 ], [ -79.587470751365657, 75.279898798697715 ], [ -79.445870213984847, 75.284053797781766 ], [ -79.507868952568558, 75.226793893626194 ], [ -79.728262885482039, 75.16591040278108 ], [ -79.829316978299843, 75.173191900588634 ], [ -79.977395327164984, 75.089206690266067 ], [ -80.12864941389266, 75.062026199082908 ], [ -80.300005565603911, 75.063283299639451 ], [ -80.411581146057515, 75.010895996451524 ], [ -80.104908080209938, 74.948005791063139 ], [ -80.005808128534653, 75.003433008921519 ], [ -79.768132001634896, 75.027703989532924 ], [ -79.581033628935032, 75.016133700848613 ], [ -79.392027405076718, 74.870398702507316 ], [ -79.964795887344792, 74.813143504365527 ], [ -80.188225701470458, 74.866735192449283 ], [ -80.283880462402067, 74.870955810973314 ], [ -80.338428971527179, 74.938032697954156 ], [ -80.460003852899391, 74.90211370251707 ], [ -80.19547240145576, 74.823218897509364 ], [ -80.279948207716672, 74.806375996328839 ], [ -80.28330981506646, 74.761197312769312 ], [ -80.169567817902177, 74.708574596861865 ], [ -80.280212924465388, 74.669999908631141 ], [ -80.19686827591579, 74.632206503860345 ], [ -80.305314781551942, 74.5791433852241 ], [ -80.535664899062922, 74.581737788708793 ], [ -80.574116165889478, 74.564030894314513 ], [ -80.944965294293382, 74.567758900658703 ], [ -81.066612404355382, 74.586163991180271 ], [ -81.244489073661725, 74.585603906569801 ], [ -81.530615865430903, 74.515187204633605 ], [ -81.754438425407756, 74.470936305689477 ], [ -82.037740869159663, 74.487638899035517 ], [ -82.452453071874245, 74.552244490374534 ], [ -82.553872296624007, 74.518926890308151 ], [ -82.790763955797956, 74.528179498307523 ], [ -82.949954065773568, 74.565479903499849 ], [ -83.093926379278187, 74.636879400177776 ], [ -83.13314470656546, 74.714127801789701 ], [ -83.093644635294453, 74.792348698296507 ], [ -83.247237212829617, 74.8116055974251 ], [ -83.505917913717084, 74.904029688166446 ], [ -83.579659378591202, 74.876453510392764 ], [ -83.456615066873312, 74.803570807555474 ], [ -83.312289381649933, 74.779148100728364 ], [ -83.369482429127601, 74.686090990252083 ], [ -83.47582876835672, 74.644263609286497 ], [ -83.439498784662192, 74.595945096185929 ], [ -83.592923505774664, 74.542452205561645 ], [ -83.921495849099429, 74.547433090823432 ], [ -84.249433767775685, 74.505477201355518 ], [ -84.645186806945773, 74.503006388679282 ], [ -84.705758519234791, 74.529630796459386 ], [ -84.902024364257343, 74.498945897706619 ], [ -84.982721584476295, 74.580784803323397 ], [ -85.088995235624182, 74.506523912429756 ], [ -85.345694284878732, 74.496898594415754 ], [ -85.381088916939902, 74.559397788776621 ], [ -85.609071409477352, 74.495352011920914 ], [ -86.124174511352763, 74.479742295241593 ], [ -86.09558288189443, 74.560373707695902 ], [ -86.310188826359877, 74.491522198857993 ], [ -86.433019031246758, 74.477902588035107 ], [ -86.818115816369044, 74.551617302673662 ], [ -86.642890308660199, 74.465686394306132 ], [ -86.965654839512595, 74.461115891386626 ], [ -87.47875803052105, 74.469805401564102 ], [ -87.736644090853531, 74.457563398601408 ], [ -88.155709459468753, 74.486863707834715 ], [ -88.246722289691107, 74.48045578767605 ], [ -88.545390712032216, 74.498128989153713 ], [ -88.589702314927507, 74.548440502245484 ], [ -88.550453577998823, 74.629484209479187 ], [ -88.487597933433108, 74.660289307881158 ], [ -88.461730600598713, 74.760022592904804 ], [ -88.515021127581306, 74.785574811703498 ], [ -88.492738066134066, 74.84299898961099 ], [ -88.662210311236265, 74.820750105284915 ], [ -88.758993218684225, 74.779078111514224 ], [ -88.80227107299811, 74.683532810405353 ], [ -88.941080610943914, 74.720092990607171 ], [ -88.922187589759616, 74.775952509814459 ], [ -89.015479820169489, 74.795861307751679 ], [ -89.173863729222035, 74.596415003034082 ], [ -89.584900541550752, 74.539272712834858 ], [ -89.984603734632458, 74.531121188604999 ], [ -90.363962642180567, 74.596340589719489 ], [ -90.619004326246085, 74.61986121226407 ], [ -90.776292778008667, 74.713861107972434 ], [ -90.99371493944578, 74.699771710441595 ], [ -90.943575460138973, 74.756473595675089 ], [ -90.764282530723662, 74.833226405277046 ], [ -90.883806151774778, 74.841753699901858 ], [ -91.113445103097675, 74.742275809570728 ], [ -91.232768931978114, 74.727377503344442 ], [ -91.110627761737618, 74.640211701910843 ], [ -91.298794810114188, 74.627937005694534 ], [ -91.698397755556101, 74.67174799549899 ], [ -91.651236389556004, 74.722790986451486 ], [ -91.870633892229606, 74.739935008501803 ], [ -92.044848227185696, 74.77608489538261 ], [ -92.067914510888627, 74.830088106000844 ], [ -92.016455835231753, 74.897285791266626 ], [ -92.151744137848283, 74.986450694489918 ], [ -92.232268932036533, 75.074291601861063 ], [ -92.030309245786455, 75.092463906668144 ], [ -92.132577063464424, 75.134271110265018 ], [ -92.33943960887629, 75.143106009998377 ], [ -92.505698193307893, 75.217155488692896 ], [ -92.461850945243029, 75.367144398539565 ], [ -92.383948762889148, 75.462152001726622 ], [ -92.188889674170667, 75.558095310849723 ], [ -92.004353368671119, 75.592540492417072 ], [ -92.093255344393143, 75.628002810527576 ], [ -91.996411950329531, 75.662463491093902 ], [ -92.118531851139991, 75.717265089543076 ], [ -92.107850129117423, 75.799991989228801 ], [ -92.14056188196497, 75.880315100401191 ], [ -92.245562382416026, 75.892451099387699 ], [ -92.538580234694422, 75.96273450174634 ], [ -92.629762301248448, 76.033234700355564 ], [ -92.653106117095632, 76.127559010924301 ], [ -92.772306407091349, 76.162897307551859 ], [ -92.790490953894974, 76.208965509266562 ], [ -92.975334449355898, 76.246029593880465 ], [ -93.089527647130296, 76.30920460734194 ], [ -93.085751737306495, 76.363397997682839 ], [ -93.386228137015834, 76.358268790727791 ], [ -93.450539112632129, 76.330822106587888 ], [ -93.950815811774774, 76.264670399338442 ], [ -94.195996050565057, 76.281492812142233 ], [ -94.636493087578685, 76.280284511458973 ], [ -94.762991750613452, 76.289320499778697 ], [ -95.065615779375435, 76.219925287252721 ], [ -95.397264970875227, 76.237935504525495 ], [ -95.404299206075265, 76.291836388441524 ], [ -95.107746409691359, 76.304537999046701 ], [ -95.132560116517396, 76.363128890373517 ], [ -95.781646877149186, 76.397284508202532 ], [ -95.976222272597383, 76.42714838987628 ], [ -96.12710856294693, 76.506446409692572 ], [ -95.888108529279165, 76.521900496965884 ], [ -96.153999714568712, 76.579062186867645 ], [ -96.259338937901887, 76.635975602221663 ], [ -96.399326020777167, 76.63443709424422 ], [ -96.469603554282585, 76.689621298472446 ], [ -96.679463320393197, 76.706457608336791 ], [ -96.898036017397558, 76.704396901905866 ], [ -96.9714990517312, 76.739051102255672 ], [ -96.887769819994801, 76.822551411285232 ], [ -96.674764676985404, 76.777191399984545 ], [ -96.537542954437129, 76.810691809794605 ], [ -96.665977116447536, 76.863776705344023 ], [ -96.817380776149406, 76.855999900837389 ], [ -96.876757241206903, 76.918280290803068 ], [ -96.715836667381026, 76.961467004608721 ], [ -96.479903258714842, 76.967608300830449 ], [ -96.246134648336579, 77.007606710691292 ], [ -96.285193958182347, 77.045512693370711 ], [ -95.686739933742302, 77.068458400224614 ] ] ], [ [ [ -98.74675092447778, 76.686459599805573 ], [ -98.50690197251545, 76.685775608454847 ], [ -98.17594015929015, 76.53993100271974 ], [ -97.770805835199383, 76.514200495955407 ], [ -97.672711475452076, 76.488442203485434 ], [ -97.653791466808428, 76.420408191020627 ], [ -97.7924420088695, 76.313611692924539 ], [ -97.715381552792721, 76.271548505361395 ], [ -97.49936531905955, 76.202749900316959 ], [ -97.495336074776404, 76.126860590086366 ], [ -97.593192715300574, 76.065197188838184 ], [ -97.650954875221274, 75.983991898336157 ], [ -97.599835103401119, 75.926467491198764 ], [ -97.601597359129613, 75.825204806993995 ], [ -97.643542910793187, 75.796557594884391 ], [ -97.847777033698733, 75.765618991908042 ], [ -97.614671805614847, 75.71089509160339 ], [ -97.36670117783153, 75.69168519991031 ], [ -97.417989451327799, 75.611873890583894 ], [ -97.38423658797177, 75.4542929921965 ], [ -97.693582097544322, 75.56860669619789 ], [ -97.819326852414363, 75.539129410474118 ], [ -97.723008783552842, 75.468227698382762 ], [ -97.948479099997783, 75.459175587283625 ], [ -97.936255829445372, 75.414628000897039 ], [ -98.058816937719925, 75.324171499086376 ], [ -98.006608152307294, 75.290940091428197 ], [ -97.752258785634709, 75.230816502756312 ], [ -97.808810469171206, 75.203353807438631 ], [ -97.561967208419603, 75.157440292777167 ], [ -97.637621610315151, 75.123672302294935 ], [ -97.954197316888042, 75.11207301048195 ], [ -97.927486112957979, 75.061488996966489 ], [ -97.97638566466955, 75.024436691043888 ], [ -98.322303798730147, 75.028241012388889 ], [ -98.659844610330197, 74.992673987063228 ], [ -98.869337282119091, 75.015505188710236 ], [ -99.010147440960139, 74.999345796312369 ], [ -99.536226027321177, 74.978173300073934 ], [ -100.065251647389445, 74.987489303288086 ], [ -100.369251490260709, 75.031460108384337 ], [ -100.349435754806834, 75.106212101983715 ], [ -100.465429956306494, 75.187524401720125 ], [ -100.366021159296579, 75.260179399255932 ], [ -100.177278785295982, 75.303433702087858 ], [ -100.513990011317631, 75.296160104725402 ], [ -100.65108116048205, 75.346794507207576 ], [ -100.41178944335401, 75.382702208097442 ], [ -100.600778883861366, 75.437038605423197 ], [ -100.019692981979446, 75.456105005810215 ], [ -100.072889357986142, 75.484809489529695 ], [ -100.025853884211855, 75.558802112738022 ], [ -99.837242879354676, 75.585919208477677 ], [ -99.857501056203802, 75.621211309614111 ], [ -99.636144961001392, 75.693626711893003 ], [ -100.045003558981392, 75.667981894979803 ], [ -100.55628733827848, 75.646615593350546 ], [ -101.125000445522645, 75.594140700356249 ], [ -101.508576783089453, 75.605155088223668 ], [ -101.535839288775165, 75.591202801701982 ], [ -101.994976771420426, 75.550371894299616 ], [ -102.163411943210249, 75.557790001398317 ], [ -102.417261918754534, 75.541735490158359 ], [ -102.542219449563945, 75.505699894155285 ], [ -102.765035879916468, 75.55342378881187 ], [ -102.865835167422389, 75.633546094488807 ], [ -102.663332901694531, 75.64904529628015 ], [ -102.567561762004516, 75.716813103084604 ], [ -102.251943369404316, 75.742374597912487 ], [ -102.360246729994756, 75.782787998019586 ], [ -102.344104085127796, 75.836784597879614 ], [ -102.152353343798069, 75.883732193214016 ], [ -101.869226467402584, 75.904046598549741 ], [ -101.580922584353218, 75.834066898781614 ], [ -101.443890046298861, 75.824131187541511 ], [ -101.43310230376018, 75.765850012482332 ], [ -101.30237542459399, 75.780215810975264 ], [ -101.389950994113491, 75.861560708847676 ], [ -101.500773355228674, 75.857792105328926 ], [ -101.655714349319894, 75.97610528926117 ], [ -101.831543624935577, 76.019507606183893 ], [ -101.916286649401101, 76.112346790865402 ], [ -101.765140664107705, 76.147311006411982 ], [ -101.768099276982269, 76.176059913125883 ], [ -101.532877746647301, 76.225961009895968 ], [ -101.889413655218263, 76.228248689661797 ], [ -102.053955166109716, 76.213354194126097 ], [ -102.167324805543117, 76.236909796363904 ], [ -102.044935600969708, 76.268974388926878 ], [ -102.109901347146163, 76.306027807332484 ], [ -102.035441174677175, 76.392117603903245 ], [ -101.899662539442346, 76.448043985686581 ], [ -101.493981072208726, 76.445923600252982 ], [ -101.280920794578932, 76.414546902242506 ], [ -101.110116946940153, 76.353082606994391 ], [ -101.077441123251532, 76.242049788895429 ], [ -100.924193753592462, 76.235163996990408 ], [ -100.598883133925327, 76.136731096768187 ], [ -100.547721341306925, 76.079446499881001 ], [ -100.299951641548475, 76.056346000056507 ], [ -100.206690815824018, 75.985596397576984 ], [ -100.041199387986651, 75.924979001024468 ], [ -99.706833053473844, 75.91288299671389 ], [ -99.697794060070038, 75.958839191713821 ], [ -99.8917512801942, 75.95438880084744 ], [ -100.066901433869177, 76.039508004754424 ], [ -100.120857937280547, 76.108751993906324 ], [ -100.223718117180155, 76.135241207974914 ], [ -100.026239105536931, 76.157371611151206 ], [ -100.158721870214691, 76.191174187607047 ], [ -100.43467949091702, 76.217522087395096 ], [ -100.50350178405327, 76.260666801876397 ], [ -100.324021972848954, 76.287986592790361 ], [ -100.162224586545165, 76.280012894354172 ], [ -100.019067307265914, 76.303313410126009 ], [ -100.084159639925673, 76.345905604998961 ], [ -100.279438266132004, 76.385528004268281 ], [ -100.658177835020922, 76.374960206178699 ], [ -100.958350546120926, 76.474267592787868 ], [ -100.985968257305842, 76.50238010423746 ], [ -100.78844338202714, 76.523887406940119 ], [ -100.667978684045934, 76.571810298173077 ], [ -100.460486929617929, 76.616866906107362 ], [ -100.204755045992158, 76.64509640947746 ], [ -99.919194102915441, 76.612436097790024 ], [ -99.774403713732738, 76.632082204165087 ], [ -99.552104184851657, 76.601766101537933 ], [ -99.243446538193282, 76.479666593837138 ], [ -98.845348608859595, 76.457979711749815 ], [ -99.005218112693939, 76.530364293778987 ], [ -99.061567353592494, 76.581028309082498 ], [ -98.915332433037008, 76.6150916940786 ], [ -98.545611003521671, 76.618958204781194 ], [ -98.554793656584678, 76.650044303377797 ], [ -98.792974420952262, 76.652958906388363 ], [ -98.74675092447778, 76.686459599805573 ] ] ], [ [ [ -84.145626177724651, 76.510224988048719 ], [ -83.904919752022963, 76.470868411346999 ], [ -83.970587519099197, 76.422447988385528 ], [ -84.150170010479926, 76.461255593934354 ], [ -84.145626177724651, 76.510224988048719 ] ] ], [ [ [ -104.239302776528447, 76.678513791121759 ], [ -104.01996381536992, 76.67198560476497 ], [ -103.745578250462358, 76.612647502170049 ], [ -103.629747278141167, 76.570320289173466 ], [ -103.632835470975607, 76.535554411291045 ], [ -103.424902171141042, 76.501927911386858 ], [ -102.993584208582106, 76.451643991184866 ], [ -103.031614763350817, 76.408693097054623 ], [ -103.328045738447386, 76.339557698101089 ], [ -103.680339058803867, 76.312003707791291 ], [ -103.937273567721306, 76.330458005576332 ], [ -104.29629887945471, 76.329872104406633 ], [ -104.381592366946734, 76.39866709625548 ], [ -104.428623753633232, 76.483819804417308 ], [ -104.576364845251376, 76.490904190899002 ], [ -104.560939293573981, 76.534166210579215 ], [ -104.674634223878883, 76.560266399750105 ], [ -104.663554306768987, 76.602235707426587 ], [ -104.511322411397501, 76.639421502646911 ], [ -104.239302776528447, 76.678513791121759 ] ] ], [ [ [ -100.700331524408668, 76.76049740999386 ], [ -100.467974962907846, 76.760824698880754 ], [ -100.273388550133816, 76.733938793901658 ], [ -100.784379042234107, 76.633330690844062 ], [ -101.334026829390197, 76.558920391532368 ], [ -101.561890998063689, 76.565473410303255 ], [ -101.701971828172645, 76.593649496300671 ], [ -101.364703887302383, 76.649994598002806 ], [ -101.163354959718689, 76.664408602927182 ], [ -100.99855801842449, 76.726197897578444 ], [ -100.700331524408668, 76.76049740999386 ] ] ], [ [ [ -99.681800950421646, 76.754289099807124 ], [ -99.393397991390117, 76.706242995094925 ], [ -99.558987749222737, 76.670612191309715 ], [ -99.869080595632681, 76.728359804094524 ], [ -99.681800950421646, 76.754289099807124 ] ] ], [ [ [ -97.227655603587138, 77.040766800502837 ], [ -97.114462241154172, 77.019258289086153 ], [ -97.356548607590327, 76.971279194459754 ], [ -97.389058374640626, 77.013684789880287 ], [ -97.227655603587138, 77.040766800502837 ] ] ], [ [ [ -90.015739831137978, 76.841611904338947 ], [ -89.894112455009591, 76.822103295815964 ], [ -89.706632707091387, 76.741649898956894 ], [ -89.698195070691781, 76.694023104737127 ], [ -89.881375413021445, 76.611818393152816 ], [ -89.835662122275451, 76.54756750666904 ], [ -89.676271383675271, 76.508837492939421 ], [ -89.770071954633153, 76.486222687315063 ], [ -89.945992110629305, 76.504125410614023 ], [ -90.074964817660927, 76.48162430585738 ], [ -90.21612402692007, 76.526971992358 ], [ -90.321512445865025, 76.617594902682285 ], [ -90.473575351983698, 76.664464506916929 ], [ -90.594404995099666, 76.727885110443864 ], [ -90.568974743804205, 76.777681408533809 ], [ -90.445529088308803, 76.805686994799927 ], [ -90.015739831137978, 76.841611904338947 ] ] ], [ [ [ -109.831209823580593, 78.301458490088137 ], [ -109.832379795957735, 78.643750634123251 ], [ -109.584972292106983, 78.587830189607871 ], [ -109.359682151717294, 78.558789892729621 ], [ -109.221732337493464, 78.47582299753428 ], [ -109.315699321672199, 78.440909194570878 ], [ -109.291733013958975, 78.379762511774146 ], [ -109.39696739209495, 78.3136387014805 ], [ -109.831209823580593, 78.301458490088137 ] ] ], [ [ [ -88.078318008294474, 78.45981988877385 ], [ -88.067441949665451, 78.399984589656398 ], [ -88.251253075047273, 78.255131405936893 ], [ -88.411130509081417, 78.260745602270291 ], [ -88.347053034812063, 78.341455201277086 ], [ -88.254397525172479, 78.379201493611419 ], [ -88.235350921569861, 78.437390497392585 ], [ -88.078318008294474, 78.45981988877385 ] ] ], [ [ [ -98.133926529137554, 78.819969098941016 ], [ -97.507004671587055, 78.802762408999172 ], [ -97.022681195234881, 78.742598489689655 ], [ -96.899402734719615, 78.701200093583608 ], [ -96.527669356648119, 78.682884799533085 ], [ -96.352191857180458, 78.619837106743546 ], [ -96.178186157893705, 78.632613588725746 ], [ -96.302115247446892, 78.529874711169086 ], [ -95.939044574030177, 78.47815679891977 ], [ -95.703173029275391, 78.520494999839627 ], [ -95.417890603003656, 78.49547029658892 ], [ -95.039824443071524, 78.4307433113173 ], [ -94.849238142148195, 78.378638388197643 ], [ -94.852840450550971, 78.345096704601289 ], [ -95.158873226312011, 78.289941197836924 ], [ -95.261578956128147, 78.252459991310801 ], [ -95.09137793994374, 78.152839503657859 ], [ -94.896494153191213, 78.109348797846209 ], [ -95.023077449685417, 78.002716496005732 ], [ -95.127372917894476, 77.949097802280775 ], [ -95.317934151319704, 77.970107902995665 ], [ -95.459422593839136, 77.945090888803136 ], [ -95.72749703916692, 77.926549688373129 ], [ -96.027808428958807, 77.879041891105331 ], [ -96.377557052314273, 77.863268488743643 ], [ -96.476382106236173, 77.906994911746693 ], [ -96.745187231794972, 77.846474103911845 ], [ -96.916659922332897, 77.787766686957625 ], [ -97.128928080077969, 77.806611389122793 ], [ -97.11638865871322, 77.877052099644246 ], [ -97.006917196476735, 77.914394602711454 ], [ -97.305778853450192, 77.948999893843308 ], [ -97.574009918855282, 78.009887006418666 ], [ -97.799491639380378, 78.034333291585227 ], [ -97.45800767360484, 78.07720419898142 ], [ -97.009078954761407, 78.072771088158731 ], [ -96.87689968412117, 78.098280706382667 ], [ -96.884166039576129, 78.134146295289952 ], [ -97.189812538890905, 78.171901192384198 ], [ -97.312249259483536, 78.211601108544414 ], [ -97.597636590917489, 78.198386611714625 ], [ -97.777317258758686, 78.241322697047096 ], [ -97.862439392555913, 78.28701620014597 ], [ -98.01637282758665, 78.296983201923581 ], [ -98.109420846640347, 78.384664192503848 ], [ -98.360483245891899, 78.45189410440409 ], [ -98.418467153914193, 78.507126798169892 ], [ -98.294416135605942, 78.533038690445665 ], [ -98.107353397104617, 78.532629698881806 ], [ -98.116932863822001, 78.587579511685618 ], [ -98.35959716583028, 78.670784398578888 ], [ -98.399634635234207, 78.726263694981213 ], [ -98.302289237223235, 78.782251097194077 ], [ -98.133926529137554, 78.819969098941016 ] ] ], [ [ [ -105.410875859930513, 79.332929613256312 ], [ -105.192484427767155, 79.30057569760983 ], [ -103.918210158015299, 79.373598901983058 ], [ -103.722971860206641, 79.362258598208044 ], [ -103.383698395146837, 79.293448301357074 ], [ -103.073540855298745, 79.282207307216538 ], [ -102.908194751667324, 79.220440406712797 ], [ -102.869337946442059, 79.167555706937137 ], [ -102.601757719279775, 79.067627101633775 ], [ -102.718014394616247, 78.938780498693816 ], [ -102.371831139040609, 78.95678279513416 ], [ -102.397403927700822, 79.013724506205435 ], [ -102.15510192248675, 79.040261688870743 ], [ -101.987757627976606, 79.086235591247416 ], [ -101.826255129826706, 79.090235906349506 ], [ -101.596668007616444, 79.062983710597535 ], [ -101.208895313156404, 78.960494095566716 ], [ -100.957917556846482, 78.935898609809229 ], [ -101.208768803404752, 78.805269494993524 ], [ -101.002488090713243, 78.782819488207977 ], [ -100.598311466200613, 78.799661594294761 ], [ -100.361193852082621, 78.836545010354186 ], [ -100.300626142825337, 78.785970105462596 ], [ -100.003442120455077, 78.741173991828063 ], [ -99.881598236414419, 78.705889492769515 ], [ -99.993271762170679, 78.631740106652288 ], [ -99.805324761005465, 78.643942106323607 ], [ -99.690050851905681, 78.606831792957792 ], [ -99.478731121682131, 78.587616395166705 ], [ -99.6397274137708, 78.552864406768819 ], [ -99.643054544734468, 78.481130707581599 ], [ -99.877727061270903, 78.435912895017879 ], [ -99.753600480464172, 78.405477102147103 ], [ -99.770626287888433, 78.297788812304404 ], [ -99.487421960205779, 78.283832898077151 ], [ -99.422243760995826, 78.20959280386171 ], [ -98.915893209338989, 78.058626811549573 ], [ -99.085605968202643, 77.982254994043757 ], [ -99.070631708702649, 77.912411698983334 ], [ -99.157705111154897, 77.856258207345732 ], [ -99.333201191625406, 77.830082792696487 ], [ -99.804736989319082, 77.821951504537466 ], [ -99.854142538855626, 77.786212196616347 ], [ -100.253351299585617, 77.815343305781951 ], [ -100.569548346270111, 77.887448506618625 ], [ -100.764640963797049, 77.971793507320882 ], [ -100.832386693651713, 78.065739093508313 ], [ -100.746571371912552, 78.093697293151763 ], [ -101.006489540251565, 78.147583995328077 ], [ -101.083847814387909, 78.201766805125004 ], [ -101.275439876637265, 78.176914300313811 ], [ -101.426770650551646, 78.238306305186128 ], [ -101.653299110275455, 78.241716999279106 ], [ -101.724329799975735, 78.264963394611968 ], [ -101.969931545243028, 78.268288397537063 ], [ -102.165200629782944, 78.294967887921956 ], [ -102.632638680800412, 78.247080198498992 ], [ -102.81463476239972, 78.292357399747374 ], [ -102.671214022953706, 78.377402809726789 ], [ -102.817219473538003, 78.384708996589822 ], [ -103.15433609819911, 78.370737612383195 ], [ -103.2508316239457, 78.350400107649108 ], [ -103.823998982526334, 78.296526897348926 ], [ -103.914790487267382, 78.247435297082717 ], [ -104.129293225107901, 78.263391086672399 ], [ -104.433151290832228, 78.265677490614706 ], [ -104.991807866813616, 78.449075291515456 ], [ -105.013426645423763, 78.510024685148522 ], [ -104.776533058690092, 78.582494803493859 ], [ -104.357127728082432, 78.564908993050594 ], [ -104.171685386710863, 78.528994802287201 ], [ -103.706426135519678, 78.522909888278292 ], [ -103.536005103084676, 78.507097699837445 ], [ -103.413719159734427, 78.537050196552045 ], [ -103.439081927934808, 78.604516192621972 ], [ -104.014112304549442, 78.628595190572113 ], [ -103.848977668850381, 78.667912699033437 ], [ -103.502726437725158, 78.665911807116899 ], [ -103.504207563003376, 78.704701700814567 ], [ -103.320689582533291, 78.733715096788202 ], [ -103.435642298801255, 78.790581589601501 ], [ -103.697007902947348, 78.771215405241094 ], [ -103.826230790830479, 78.795182288776488 ], [ -104.006367606059769, 78.759274486692519 ], [ -104.183114690271495, 78.769471609412022 ], [ -104.164796738156028, 78.819553692412654 ], [ -103.813095005170453, 78.89901830326032 ], [ -104.01541535582345, 78.935839412917659 ], [ -104.103378036756553, 78.982879598032923 ], [ -104.286792401446846, 78.981599509477022 ], [ -104.468284273050742, 78.941088693373715 ], [ -104.600991716409723, 78.849164406207962 ], [ -104.750763140592198, 78.811761197195978 ], [ -104.962184043751108, 78.795956097309386 ], [ -104.978960283005264, 78.851973204260688 ], [ -104.864638960417707, 78.876274107524267 ], [ -104.690068120087403, 78.986063911289108 ], [ -104.70231185268598, 79.035895893881943 ], [ -104.951589151513261, 79.057379594611561 ], [ -105.129782038681711, 79.018881304468081 ], [ -105.369207956437279, 79.009788388658578 ], [ -105.566816178034458, 79.023157507826411 ], [ -105.64804242549026, 79.15909760602112 ], [ -105.582881889243069, 79.223060304231851 ], [ -105.402482228743196, 79.294043790865601 ], [ -105.410875859930513, 79.332929613256312 ] ] ], [ [ [ -93.522346090620815, 81.379315392853442 ], [ -93.10257894712143, 81.355191208763245 ], [ -92.69712958551969, 81.297388297366425 ], [ -92.060118774787711, 81.226733200275262 ], [ -91.799291767391964, 81.161756208190084 ], [ -91.818811952925074, 81.124559703885026 ], [ -91.686312062483637, 81.044090487686546 ], [ -91.246000796787754, 80.83734278865208 ], [ -91.106202077622314, 80.817887797076111 ], [ -91.129156931795947, 80.773069404312366 ], [ -90.912043303708103, 80.725309498017083 ], [ -90.652871565555387, 80.697481996582155 ], [ -90.545028435051407, 80.639010492206324 ], [ -90.703757892672016, 80.59286368929898 ], [ -90.486896055183607, 80.563426505012231 ], [ -89.820910240496502, 80.526536101702021 ], [ -89.368415839951226, 80.540467792240761 ], [ -89.056663588864524, 80.482990692614493 ], [ -88.99853419682897, 80.447657702185182 ], [ -89.042855360148977, 80.33173149322478 ], [ -89.203048892986942, 80.292628689841919 ], [ -89.119124597865095, 80.224112690899375 ], [ -88.761882657023421, 80.138311902004219 ], [ -88.416851643122271, 80.093449997108692 ], [ -88.286560737592424, 80.133821808921581 ], [ -88.35960583601512, 80.17062299135938 ], [ -88.237289340073943, 80.193697187588413 ], [ -88.551781536706102, 80.2296985063671 ], [ -88.668480111957081, 80.28045998758283 ], [ -88.565693156101233, 80.320204006514132 ], [ -88.607348641813871, 80.38609110921783 ], [ -88.330899379583144, 80.440047405481636 ], [ -87.604324246323515, 80.406087703865154 ], [ -87.534590352047701, 80.286769310302518 ], [ -87.542098165703734, 80.183083491039426 ], [ -87.624810345197645, 80.160534289517528 ], [ -88.028720759447992, 80.133349504362386 ], [ -87.824871232463479, 80.062007296096681 ], [ -87.580219930942206, 80.082573406328862 ], [ -87.248463664946698, 80.076482310813162 ], [ -87.042402129200113, 79.936596610833362 ], [ -86.938142663220447, 79.920081688501938 ], [ -87.068878548505054, 79.772847087028239 ], [ -87.044677684859849, 79.73531830674051 ], [ -87.143335028771887, 79.640890795410868 ], [ -87.427250403212625, 79.574857504800548 ], [ -87.456016358802202, 79.546412590501518 ], [ -87.306716256654823, 79.511079495555222 ], [ -87.173906394944652, 79.57906891109117 ], [ -86.653536701184038, 79.663238296127517 ], [ -86.311328163325868, 79.648817195884845 ], [ -86.13577197381808, 79.609229191303186 ], [ -85.882895999821869, 79.500587694326967 ], [ -85.821880410026608, 79.616086589583801 ], [ -85.699150240277731, 79.621662302250186 ], [ -85.520723061305702, 79.578137403980861 ], [ -85.534434824361014, 79.548764609823237 ], [ -85.261271249139412, 79.400516796690283 ], [ -85.032444250432533, 79.366498595765322 ], [ -84.881673750937168, 79.269978298086343 ], [ -85.182059915884125, 79.231299811623515 ], [ -85.280241260311328, 79.183012207188639 ], [ -86.494850021894777, 79.059950007483437 ], [ -86.580378174504375, 78.982190691689837 ], [ -86.783189953464856, 78.960263013015123 ], [ -86.989087081327995, 79.032233586617153 ], [ -86.976709465638777, 78.886405910385974 ], [ -87.315213300523723, 78.803344011734225 ], [ -87.389161365579199, 78.743583410586055 ], [ -87.602289141845574, 78.644887093336678 ], [ -87.868329449479475, 78.695751090985652 ], [ -87.972308845381136, 78.767508490537097 ], [ -88.000403318522928, 78.83857899292434 ], [ -87.940728335779113, 78.916989908554484 ], [ -87.972093586993665, 79.00916720507 ], [ -88.159999275723891, 78.996025593953718 ], [ -88.172714179324217, 78.903815790438216 ], [ -88.246069496783235, 78.816465809242445 ], [ -88.101078584190731, 78.683530803258066 ], [ -87.862451809358689, 78.58503421129484 ], [ -88.017946606220093, 78.47805570345993 ], [ -88.219498310795984, 78.455412505938739 ], [ -88.556107116728811, 78.585811494802641 ], [ -88.740065597875002, 78.610779509122423 ], [ -88.738545673436462, 78.517810993399749 ], [ -88.53601913902402, 78.421061206435994 ], [ -88.666895293065053, 78.325116707915612 ], [ -88.743719651647211, 78.191088888437719 ], [ -88.80823909094677, 78.154368596691569 ], [ -89.013184260000727, 78.169494104219595 ], [ -89.165824050149453, 78.209884988860722 ], [ -89.395659655717964, 78.343628494352245 ], [ -89.777892763090705, 78.494353806244376 ], [ -89.911344088745011, 78.57648839167959 ], [ -90.110833383914922, 78.553960095980088 ], [ -89.961990241276808, 78.45249230065447 ], [ -89.7505351785382, 78.380014091758824 ], [ -89.56521049392893, 78.21947929016379 ], [ -89.895552455002175, 78.214939902455924 ], [ -90.020106647906999, 78.30057028932022 ], [ -90.252871864940701, 78.336024991183834 ], [ -90.564302958670226, 78.319982099040985 ], [ -90.518470543450846, 78.275329992248757 ], [ -90.346105137762791, 78.28074819524231 ], [ -90.272201918637634, 78.188125891096661 ], [ -90.343122160926129, 78.142324188465025 ], [ -90.670278965010553, 78.135189000960878 ], [ -91.020113623794515, 78.144483896829129 ], [ -91.644523057837006, 78.186921102074564 ], [ -91.846863739520501, 78.240035300492877 ], [ -92.020722244621069, 78.202802494764455 ], [ -92.193750341682573, 78.258634096576259 ], [ -92.230450407013961, 78.324818998751169 ], [ -92.458371642072876, 78.3059060983244 ], [ -92.930266560313754, 78.422290905872586 ], [ -92.982583539991609, 78.476450304278984 ], [ -92.852018347886926, 78.502603092432508 ], [ -92.638651047545324, 78.484135493527134 ], [ -92.421107129534576, 78.519386994859175 ], [ -92.092197391265771, 78.520272702086871 ], [ -91.909554549228503, 78.536354791666383 ], [ -92.002342334146036, 78.575665590637925 ], [ -92.213078154633436, 78.573748600982128 ], [ -92.562172361086354, 78.592217492189391 ], [ -92.719576146175982, 78.627403108346712 ], [ -93.296102516529089, 78.58313510775038 ], [ -93.588763542486163, 78.680665292615018 ], [ -93.823645162141119, 78.772636401909949 ], [ -93.58391613907294, 78.787450187528194 ], [ -93.242698071861483, 78.740665306430955 ], [ -93.030057436598796, 78.739705093074804 ], [ -93.360030348250291, 78.819933499449121 ], [ -93.597223354895789, 78.835926105913686 ], [ -93.859652891871065, 78.828054010443509 ], [ -94.296938753578743, 78.987218701371816 ], [ -94.024048071551832, 79.031062091148272 ], [ -93.637986166532414, 79.062806291038129 ], [ -93.433523550126139, 79.122402303848631 ], [ -93.396055661783492, 79.160397107790942 ], [ -92.772886633247822, 79.168368487534678 ], [ -92.394201732225198, 79.151575900759966 ], [ -92.004483440431613, 79.154654801614981 ], [ -91.672783370001852, 79.178975500762348 ], [ -91.233667597011106, 79.19189998816141 ], [ -91.141354769383639, 79.206443003061281 ], [ -90.769267928901556, 79.208603396245209 ], [ -90.965726324724272, 79.248481897013903 ], [ -91.635185172630671, 79.226990009429571 ], [ -92.011429099891586, 79.206181104685697 ], [ -92.248552236585056, 79.206366505937581 ], [ -92.663855561314932, 79.26323950531804 ], [ -92.50619233177224, 79.308135591955761 ], [ -91.937418307633919, 79.29672199311274 ], [ -91.80542401634797, 79.318422406674202 ], [ -91.211877384768215, 79.344300693391133 ], [ -91.216046634157081, 79.384291597403546 ], [ -91.667061750111586, 79.362162994680958 ], [ -91.792610848849918, 79.337145193742842 ], [ -92.107699456690455, 79.342449908334729 ], [ -92.582102264950947, 79.382382910214048 ], [ -92.40732054887637, 79.419254307455262 ], [ -92.506911981874239, 79.460616507280619 ], [ -93.0697248641345, 79.369254790296793 ], [ -93.35119777484671, 79.363723107304978 ], [ -93.221799572014802, 79.438375003522424 ], [ -93.337381992620379, 79.446748193476111 ], [ -93.475634645778399, 79.352302597599632 ], [ -93.746442562270332, 79.283297100123889 ], [ -94.014447663233838, 79.25602779436106 ], [ -94.109139357906159, 79.268050393749434 ], [ -94.150723661702401, 79.342144688915965 ], [ -94.019555613191955, 79.377364497956535 ], [ -94.392506247786329, 79.430575199704208 ], [ -94.40275933470744, 79.366295507546241 ], [ -94.656224324258361, 79.33930941031791 ], [ -94.807348503864731, 79.300676795358072 ], [ -95.047089743254659, 79.269791392321267 ], [ -95.189952715944784, 79.28644150907266 ], [ -95.159527294175419, 79.359106100156225 ], [ -95.246485152169527, 79.399383196462978 ], [ -95.55980186252944, 79.387524006731766 ], [ -95.752293139902264, 79.428960597179668 ], [ -95.700170948258901, 79.53988418741622 ], [ -94.926143152936163, 79.588643510621907 ], [ -94.542796433357296, 79.628732912277599 ], [ -94.323600886176422, 79.67201980565234 ], [ -94.494932227566551, 79.74352889163211 ], [ -94.758314936072921, 79.665353305750813 ], [ -94.975439728945574, 79.667501511269379 ], [ -95.218762520649889, 79.643159302633052 ], [ -95.536942337125808, 79.633995994730398 ], [ -95.899325054425603, 79.652903787943686 ], [ -96.054580262994918, 79.715858102937958 ], [ -96.219759465813212, 79.751446106984446 ], [ -96.230671306511141, 79.795914093798729 ], [ -96.559279315939619, 79.855083596756756 ], [ -96.626852152335104, 79.902217807619422 ], [ -96.275530598335024, 79.93848081187781 ], [ -96.593593348766575, 79.964478692148248 ], [ -96.624279404202667, 80.043974497122434 ], [ -96.741024311390291, 80.085276199659077 ], [ -96.68205000308599, 80.14708599141747 ], [ -96.222565432329844, 80.129378795780227 ], [ -96.010601448984644, 80.075979903623661 ], [ -95.78575582354874, 80.051377107855629 ], [ -95.143701598171333, 80.034171292515467 ], [ -94.833751359904795, 80.051371688969979 ], [ -94.783647786939056, 80.086450207325683 ], [ -94.385464475451116, 80.171273604196813 ], [ -94.433098478754616, 80.227612504615976 ], [ -94.722396860212669, 80.165704288590106 ], [ -94.97034322543783, 80.137445308402462 ], [ -95.330061491736174, 80.118875789243589 ], [ -96.257105246752985, 80.246732002316946 ], [ -96.627332049129848, 80.334291011136784 ], [ -96.533511103548207, 80.360720488501883 ], [ -95.951839545785361, 80.384498095631372 ], [ -95.571008860484937, 80.357861501113518 ], [ -95.575710984744092, 80.395619311423943 ], [ -95.783101196491231, 80.452050005006825 ], [ -96.044940030598468, 80.486201599511247 ], [ -95.843103156883117, 80.509664006068377 ], [ -95.962371064257141, 80.58379171169004 ], [ -95.722112480298478, 80.575717210529206 ], [ -95.005770079211331, 80.604429308424727 ], [ -94.76027816223332, 80.562553089950597 ], [ -94.011626005757108, 80.55212430253161 ], [ -94.004662573322932, 80.59123679273516 ], [ -94.522692642409083, 80.60184260297882 ], [ -94.660559836021775, 80.724251493581136 ], [ -95.115473425965462, 80.798082095803849 ], [ -95.229929643314748, 80.7819740930656 ], [ -95.470538767760843, 80.828354889216172 ], [ -95.210314621357966, 80.882396094663036 ], [ -95.31106936152527, 80.923825199802991 ], [ -95.234985596746824, 81.001010204098222 ], [ -94.891072501551122, 81.040676897754324 ], [ -94.508359606653855, 81.035860392975977 ], [ -94.408970356390171, 80.952423498537712 ], [ -94.102046308972405, 81.018033112018244 ], [ -94.092629983709074, 81.087570695670536 ], [ -93.830227214338024, 81.1035368079759 ], [ -93.298037022038713, 81.074272405580544 ], [ -93.0946428577614, 81.093957998715666 ], [ -92.993050065669024, 81.160221504490394 ], [ -93.407443980154468, 81.219761707767518 ], [ -93.70841114298166, 81.201754489908367 ], [ -94.18170804919238, 81.215462601677572 ], [ -94.356688749971994, 81.248304389876324 ], [ -94.251245351156896, 81.343825595849665 ], [ -94.045939645019331, 81.36511650038986 ], [ -93.542153428847371, 81.312470201278899 ], [ -93.522346090620815, 81.379315392853442 ] ] ], [ [ [ -64.825688956773178, 82.907441797029463 ], [ -64.709474595393502, 82.817265901425543 ], [ -64.407967272595315, 82.764522384982385 ], [ -64.109274661017949, 82.825479790149885 ], [ -63.573846301437086, 82.833939798977141 ], [ -63.442163681017988, 82.759763899463451 ], [ -63.636350645958103, 82.673912689731409 ], [ -63.231242969288601, 82.641752703639213 ], [ -63.382782396542481, 82.602784312403656 ], [ -62.941150985058172, 82.574441901502411 ], [ -63.084221925567206, 82.54607789583622 ], [ -62.898270806698989, 82.514338496818937 ], [ -62.267708039177435, 82.52954061445449 ], [ -62.127743083763995, 82.492557492066112 ], [ -61.673411415911509, 82.487855600745661 ], [ -61.279238224667623, 82.4252632959995 ], [ -61.115773230054714, 82.367851303560073 ], [ -61.132925123822531, 82.24506868859342 ], [ -61.427590670692844, 82.178508299622038 ], [ -62.060920538411487, 82.126555407037117 ], [ -61.862710617940856, 82.101792711713159 ], [ -62.184691120359716, 82.028658506605893 ], [ -62.803961457831647, 81.930245497206116 ], [ -63.385813224223526, 81.862095802499553 ], [ -63.873402409680963, 81.789464504710395 ], [ -64.111827292172237, 81.789810012960587 ], [ -64.150264345795662, 81.742754389622931 ], [ -64.355934978055018, 81.716434191574905 ], [ -64.727394184550576, 81.722904689251081 ], [ -64.938624982473968, 81.748325094830662 ], [ -65.293019981103484, 81.73427559390575 ], [ -65.660460579673995, 81.698899895424006 ], [ -65.82723011999218, 81.627311896218458 ], [ -66.381388007152196, 81.617031904396185 ], [ -66.508623332812192, 81.626836405916833 ], [ -67.250526579575236, 81.600195802657893 ], [ -67.766489694163468, 81.592073095526146 ], [ -68.359692521725393, 81.539954608282173 ], [ -67.999999924451501, 81.531985003642376 ], [ -67.726191322589756, 81.553097793695201 ], [ -67.058031572372897, 81.562610797136159 ], [ -66.676816843626852, 81.521171391797751 ], [ -66.757120264497871, 81.492276395484595 ], [ -67.980988689915463, 81.365382502203815 ], [ -68.340949333608094, 81.320508893428254 ], [ -68.961981427509812, 81.260449203653479 ], [ -69.962606882397466, 81.172267699269383 ], [ -69.568710110529835, 81.147015906664564 ], [ -69.277749710373968, 81.203310303029923 ], [ -67.985521064264262, 81.291792605118744 ], [ -67.340054478915732, 81.359324887461113 ], [ -66.823804966740795, 81.386831684565848 ], [ -65.517594924144618, 81.499084103194775 ], [ -65.008707430054812, 81.531805788686754 ], [ -64.49961344338297, 81.546302294493287 ], [ -64.424171730707187, 81.493809406090534 ], [ -64.66819319687572, 81.385056507581865 ], [ -65.343592839065124, 81.272173094571286 ], [ -65.814540714225885, 81.219818004956053 ], [ -66.101760876881684, 81.21038220456208 ], [ -66.259431684176477, 81.144433592847733 ], [ -66.480301579875459, 81.107406003662774 ], [ -66.56083693073171, 81.053521707150296 ], [ -67.252815811053893, 80.933629404255129 ], [ -67.577722034837194, 80.929401505302366 ], [ -67.502163248858082, 80.894175308493828 ], [ -67.959257920831107, 80.788742702298762 ], [ -68.285510889540603, 80.752568991010151 ], [ -68.416012578824905, 80.710139197448854 ], [ -68.80922623083481, 80.621959097674804 ], [ -69.062478547183716, 80.550756197455513 ], [ -69.35532180184795, 80.395558513031503 ], [ -69.539238397200293, 80.364692592758644 ], [ -70.057481064524254, 80.338292796160502 ], [ -70.254867657457481, 80.346898597312716 ], [ -70.174896459330725, 80.423516596448479 ], [ -70.328162403623182, 80.478751510240272 ], [ -70.470335377293054, 80.468852906048298 ], [ -70.348309840255965, 80.409766992706381 ], [ -70.455925858297917, 80.352297903157989 ], [ -70.371815653605935, 80.323987002085687 ], [ -70.031122640909061, 80.286610114301169 ], [ -69.909745276623894, 80.2508720932654 ], [ -70.110983161756849, 80.188421684500213 ], [ -70.365048659626936, 80.184261095822521 ], [ -70.655726346147276, 80.200532499483074 ], [ -71.137242824364449, 80.163533494465113 ], [ -71.607428510308836, 80.104039804100637 ], [ -72.227092534527145, 80.217751606933248 ], [ -72.402612443213144, 80.21168831206333 ], [ -71.955025605265064, 80.141228797907729 ], [ -71.836410459821622, 80.109145497324775 ], [ -72.039381263635917, 80.056091286495771 ], [ -71.402975065487354, 80.068776193791322 ], [ -70.750931309194911, 80.130042103527856 ], [ -70.600189835353305, 80.129268599258708 ], [ -70.454360869507141, 80.085770105697222 ], [ -70.481292960290588, 80.046854591704346 ], [ -70.907735076382053, 79.977423293339115 ], [ -71.401254129790061, 79.928026909092608 ], [ -70.85406912725955, 79.886021310484281 ], [ -71.143114565356086, 79.77561199780591 ], [ -71.464811970862712, 79.722821684981369 ], [ -71.916866711123561, 79.697478908891313 ], [ -72.2644654119905, 79.650019705888866 ], [ -72.355979353605719, 79.685776893717701 ], [ -72.657461282704872, 79.670364104631958 ], [ -72.940505332514562, 79.708773511747495 ], [ -73.059670148350037, 79.803828890292579 ], [ -73.465440356669106, 79.82667109465865 ], [ -73.832430557527516, 79.831304285655534 ], [ -73.899182443096493, 79.874424390907322 ], [ -74.235678069973247, 79.887624093282881 ], [ -74.806108560385098, 79.832944694964468 ], [ -74.710646179361447, 79.789183802604967 ], [ -74.050121186386235, 79.793686792904154 ], [ -73.567300671100526, 79.752661487757806 ], [ -73.402584126797805, 79.758993210492264 ], [ -73.12017775269311, 79.628241894442866 ], [ -73.175614973173552, 79.595879195040624 ], [ -73.115848932132948, 79.535551897026608 ], [ -73.367680065300689, 79.500779492300211 ], [ -73.63370623787209, 79.489630294555667 ], [ -73.832917563777571, 79.533906192492253 ], [ -73.899572443538091, 79.467595394363002 ], [ -74.014121389063448, 79.438591387365534 ], [ -74.606650502335725, 79.433011900049337 ], [ -74.841096460120198, 79.483165004120508 ], [ -75.022054515041134, 79.476329609083109 ], [ -74.855792925499173, 79.411043202015406 ], [ -74.888943073721293, 79.377706405332361 ], [ -75.140153085240044, 79.370471203641188 ], [ -76.012795548431825, 79.427633008976116 ], [ -76.211672569101069, 79.496876193453488 ], [ -76.671513819001618, 79.516894287673267 ], [ -76.614864419213021, 79.469757292753698 ], [ -76.222136345154823, 79.459057205401592 ], [ -76.14107106729351, 79.394627184988664 ], [ -75.970930788548785, 79.364363308727206 ], [ -76.082854065989409, 79.334270597311956 ], [ -76.938083213019056, 79.357966907923554 ], [ -77.117895250275367, 79.435479686213654 ], [ -77.292582662802005, 79.422383504440447 ], [ -77.142853968103125, 79.334120493019071 ], [ -77.727554338700457, 79.343125799779358 ], [ -77.316911150384698, 79.261662693658707 ], [ -76.732821027000554, 79.281482495953128 ], [ -76.545150308085596, 79.269913100724764 ], [ -76.125568531513437, 79.271575791178634 ], [ -75.95891450497993, 79.23050260315209 ], [ -75.636322580309795, 79.24104409615515 ], [ -74.550854555092883, 79.23440868787506 ], [ -74.524983423157025, 79.19952690617842 ], [ -74.786477200086296, 79.185093295553486 ], [ -74.585845119175204, 79.146375490268866 ], [ -74.413972531404553, 79.036261508296306 ], [ -74.653104070104433, 79.01338170608534 ], [ -75.106151753782655, 79.030495489528832 ], [ -75.660346269367452, 79.073670498041693 ], [ -75.8371758785092, 79.114697892365996 ], [ -75.964694670434824, 79.184936592082593 ], [ -76.717886544039317, 79.195911103222997 ], [ -76.987127477144284, 79.180791990707121 ], [ -77.227558740913125, 79.19909100662548 ], [ -77.852423154923159, 79.208108609290377 ], [ -77.977333080159497, 79.177017890692483 ], [ -77.3036251648671, 79.170937387582768 ], [ -76.933735397316184, 79.147460608923794 ], [ -76.791037768112119, 79.155008003006913 ], [ -76.18565523206064, 79.125619500784438 ], [ -76.189824378324943, 79.073932400523475 ], [ -76.495177490986308, 79.089264701660014 ], [ -76.886644613998541, 79.080773696867382 ], [ -77.221084639997756, 79.061284014045341 ], [ -77.44439288737631, 79.019520194532078 ], [ -77.674390226650118, 79.003938902110647 ], [ -77.893309103938194, 78.963322003844382 ], [ -78.226388150797561, 78.824560085356339 ], [ -78.028447367900384, 78.840989803562408 ], [ -77.950245751604271, 78.895068804984945 ], [ -77.636672456501969, 78.975603909227544 ], [ -77.21453342213853, 78.988977802877599 ], [ -76.694599056407995, 79.025007705846733 ], [ -75.997017164008653, 78.999666987190665 ], [ -75.699220588717054, 78.968539801861382 ], [ -75.742142812921131, 78.939867788484818 ], [ -76.270242937495922, 78.901237005948687 ], [ -76.107910875087924, 78.878070690407526 ], [ -75.257786513944126, 78.889196599137534 ], [ -74.890319064319797, 78.853164598358561 ], [ -74.706470652918156, 78.81690810186025 ], [ -74.688205582313614, 78.769641509862211 ], [ -74.825231362580354, 78.699779287237249 ], [ -74.809209855426232, 78.638872300364326 ], [ -74.593389209429134, 78.600064708284478 ], [ -74.809493920220305, 78.58564440472135 ], [ -75.008600204897263, 78.531451095781705 ], [ -75.805509753858487, 78.50093949509953 ], [ -76.104317718814954, 78.53737190209435 ], [ -76.392411394305228, 78.542178791239422 ], [ -76.461719695303017, 78.501491790740886 ], [ -76.178644047764152, 78.508350011666309 ], [ -76.04819706124286, 78.460255096938198 ], [ -75.558685377231598, 78.439168892792964 ], [ -75.085214532801103, 78.36763290493036 ], [ -75.089268022750886, 78.310966600499555 ], [ -75.348503999769278, 78.298670790310851 ], [ -75.483960863840537, 78.211971496851163 ], [ -75.638080441265899, 78.198579405520391 ], [ -75.831052826849557, 78.225888499289994 ], [ -76.182586193521146, 78.24199810669684 ], [ -76.599305722295128, 78.248677301640768 ], [ -76.953940676533335, 78.215291094030334 ], [ -76.753366460361107, 78.171015686785381 ], [ -76.22159423195059, 78.137340697494338 ], [ -75.591284167774219, 78.13059108638987 ], [ -75.660814107775025, 78.030456191587646 ], [ -75.850080567088085, 77.974921297053911 ], [ -76.047257619469733, 77.982882195746257 ], [ -76.213594214227285, 78.014450387599339 ], [ -76.481627552699948, 77.988967401192042 ], [ -76.565543750276959, 77.9336031080026 ], [ -76.749200058104492, 77.930114293002347 ], [ -76.910006916596146, 77.902229111896276 ], [ -77.1993812719803, 77.942125589661273 ], [ -77.474034571577349, 77.938873705686532 ], [ -78.012954066237143, 77.954897005270652 ], [ -78.10477310222339, 77.97340428961256 ], [ -78.480949387242092, 77.97321441047076 ], [ -78.376815462906123, 77.86870398978067 ], [ -78.218420307518358, 77.852606302767953 ], [ -77.979334953003018, 77.802526794328401 ], [ -77.964681088958201, 77.755970386991578 ], [ -78.090132690758224, 77.680913587228218 ], [ -77.850649039225729, 77.648566199591457 ], [ -77.743110579716998, 77.606513610546486 ], [ -77.890058423740768, 77.56235980449857 ], [ -78.029196351141053, 77.551862905225804 ], [ -77.989474981009835, 77.4928728947107 ], [ -78.252663041519696, 77.445331605625285 ], [ -78.254859642550457, 77.397755697826256 ], [ -78.571902652028243, 77.339063893032602 ], [ -78.818874249723379, 77.306904406015775 ], [ -78.703638708317015, 77.388987312473617 ], [ -78.917485001058012, 77.365243208826143 ], [ -78.950538159248225, 77.336904903222347 ], [ -79.152410922356182, 77.291907004855915 ], [ -79.298809478939248, 77.291780994529958 ], [ -79.668194847507536, 77.319087100221694 ], [ -79.999999951115413, 77.274012408085824 ], [ -80.388464834552124, 77.293188498162422 ], [ -80.744766962924871, 77.32848988716384 ], [ -81.304986853013816, 77.426060997732563 ], [ -81.320867513456818, 77.46511420129282 ], [ -81.659446725534181, 77.537482994948093 ], [ -81.798998484874744, 77.440576009819026 ], [ -81.557050385472863, 77.382389305304528 ], [ -81.201305358075359, 77.365161194469181 ], [ -81.14840564834266, 77.329434198783602 ], [ -81.509653771476138, 77.297239696707535 ], [ -81.827882250059034, 77.285111698871759 ], [ -82.134009545274324, 77.316593204237549 ], [ -82.113583820355345, 77.275953296698717 ], [ -81.88458657787163, 77.239794494100551 ], [ -81.906485884569804, 77.193729793607162 ], [ -81.794981098595272, 77.15593260769873 ], [ -81.09551436704399, 77.288712209332274 ], [ -80.678507852998948, 77.257253492540229 ], [ -80.287340740197507, 77.211548103366425 ], [ -80.063349153479919, 77.201737790503088 ], [ -79.710560812519006, 77.244727997163693 ], [ -79.295219212641669, 77.222347912464343 ], [ -79.153298768504897, 77.199540190476313 ], [ -79.009650583841278, 77.107562503779377 ], [ -79.243766808962675, 77.003794299429671 ], [ -79.433207766936036, 76.938301809937258 ], [ -79.318788595184472, 76.910948897641575 ], [ -79.009336760070298, 76.949710994318536 ], [ -78.868763467906959, 76.935119195874591 ], [ -78.960178319691892, 76.842310204948475 ], [ -78.751571355237274, 76.822419886489783 ], [ -78.57692691639339, 76.861958096168934 ], [ -78.601815134830872, 76.92490749144838 ], [ -78.391313539678194, 76.970614796456076 ], [ -78.35673753164518, 77.007627407577331 ], [ -78.09181376968256, 77.020845590824891 ], [ -77.83063908886966, 76.895650008046303 ], [ -77.905913270576733, 76.864892403798279 ], [ -77.726146575560463, 76.821116793263215 ], [ -77.796010383997853, 76.79771979518884 ], [ -77.793009912240024, 76.672761094744388 ], [ -77.869080597323133, 76.631478609558528 ], [ -78.032745556130607, 76.639526799272929 ], [ -78.192916875231333, 76.574958087651225 ], [ -78.226075399552059, 76.514771199964102 ], [ -78.355210936811346, 76.502347488902601 ], [ -78.483893350771822, 76.450739701865572 ], [ -78.586724975309124, 76.494574186457157 ], [ -78.695721701686267, 76.588603612347129 ], [ -78.869586787552223, 76.533596191425332 ], [ -78.997373383248799, 76.419144111783694 ], [ -79.174389528804156, 76.408560905768994 ], [ -79.383312951004172, 76.301936505792767 ], [ -79.541745944540821, 76.310834401879347 ], [ -80.082094846512618, 76.228673810694218 ], [ -80.208392703504842, 76.243989203805057 ], [ -80.444598833675116, 76.19298489328267 ], [ -80.929611229764987, 76.145241195157041 ], [ -80.966377873888348, 76.187105194929501 ], [ -81.101281135570517, 76.21250520891644 ], [ -80.967045254362603, 76.271856093117989 ], [ -80.754685378867023, 76.419228705926244 ], [ -80.992172690443894, 76.483178398766896 ], [ -81.309628123842487, 76.509870095675936 ], [ -81.45451984054462, 76.471174803991971 ], [ -81.642667404133874, 76.466101603152126 ], [ -81.904670592167975, 76.482671291646625 ], [ -82.101034199688456, 76.517832700504812 ], [ -81.998667941368154, 76.583274209381628 ], [ -82.154988214833764, 76.622078303793955 ], [ -82.364946852799079, 76.64917199117788 ], [ -82.449964836692175, 76.628872903920154 ], [ -82.14781950443674, 76.587144088489282 ], [ -82.246564241783247, 76.527152498763044 ], [ -82.135015711142358, 76.442417594194168 ], [ -82.270686347212006, 76.393080494935518 ], [ -82.603882991883907, 76.400317995667024 ], [ -82.786099610736684, 76.38096011121165 ], [ -83.136910914241383, 76.468135994862749 ], [ -83.302233891295387, 76.408947892222585 ], [ -83.701134388224531, 76.42384828852073 ], [ -83.796666506477749, 76.472029512512492 ], [ -83.934038067606593, 76.494533202162629 ], [ -84.194188949784234, 76.615790092242875 ], [ -84.255245908197736, 76.547782596873631 ], [ -84.182864694033427, 76.48928970202256 ], [ -84.205113140982021, 76.451177988503972 ], [ -84.433543279956098, 76.431432490986793 ], [ -84.635050754152715, 76.434155909817861 ], [ -84.777289920233954, 76.486160008179567 ], [ -84.924256254557491, 76.589164191036332 ], [ -85.142312374613098, 76.657618195046325 ], [ -85.20870808286918, 76.632301386864029 ], [ -85.055226855973885, 76.579842490184134 ], [ -85.062909604118204, 76.51651310843053 ], [ -84.975747486941231, 76.422443800914095 ], [ -84.693329321944063, 76.368989297219159 ], [ -84.432188816021252, 76.333759800750968 ], [ -84.435775451111979, 76.299877109630913 ], [ -84.696945430412853, 76.303118198662844 ], [ -84.929082800840021, 76.28220179141222 ], [ -85.2340663573668, 76.278647489251938 ], [ -85.261169703931031, 76.3053739095363 ], [ -85.461211968098198, 76.302703500801769 ], [ -85.730768860273955, 76.351157907484506 ], [ -86.316194538480616, 76.376303392390781 ], [ -86.410430568816864, 76.407174195003378 ], [ -86.421866871822147, 76.510586593691443 ], [ -86.553213884008429, 76.478715410173749 ], [ -86.703507377122222, 76.362153103539441 ], [ -87.112778497279677, 76.379885110961524 ], [ -87.209356118435906, 76.446756100258099 ], [ -87.438783950324762, 76.456950898172991 ], [ -87.392059328488415, 76.517600493972992 ], [ -87.494263253301, 76.537114100820375 ], [ -87.451572206894525, 76.588184306058565 ], [ -87.575938886412175, 76.610632806674801 ], [ -87.545589999260628, 76.454616197007226 ], [ -87.420600087534552, 76.414603094941924 ], [ -87.606368981844895, 76.366809190310192 ], [ -87.870759452637685, 76.366727893504333 ], [ -88.33197881130549, 76.384159199900154 ], [ -88.426548206208139, 76.402425205274497 ], [ -88.3258661186062, 76.490310303467922 ], [ -88.399992262848698, 76.572001587800159 ], [ -88.501515987955344, 76.608563206001165 ], [ -88.458736547050833, 76.657111991814304 ], [ -88.521513067798864, 76.728126192739126 ], [ -88.706553427701195, 76.712337098865234 ], [ -88.571521326250632, 76.634244610213059 ], [ -88.491391841813865, 76.559772488325279 ], [ -88.483366652132034, 76.50530131091611 ], [ -88.713064921537025, 76.411950390950267 ], [ -88.61929490216805, 76.556739792785393 ], [ -88.73295205089515, 76.59370791273507 ], [ -88.827563949266292, 76.499999990022275 ], [ -88.780299262000696, 76.454031501470411 ], [ -89.007773471426944, 76.409249298253954 ], [ -89.237789826383505, 76.438278900375948 ], [ -89.265994242313297, 76.467991307630371 ], [ -89.427642646291616, 76.496748687886807 ], [ -89.384077947540263, 76.528881711239521 ], [ -89.665961311724686, 76.571767687364201 ], [ -89.603394652046447, 76.613825794231445 ], [ -89.406339163231578, 76.674811802696368 ], [ -89.459399596568886, 76.715760299475278 ], [ -89.527662125374761, 76.848803389705253 ], [ -89.188486086339594, 76.924809809870368 ], [ -88.991996637635225, 76.949190197249919 ], [ -88.968192112940599, 76.988971210832148 ], [ -88.735174197947856, 76.999346491546774 ], [ -88.388315870011965, 77.122008298838466 ], [ -88.263549050890148, 77.132211599155653 ], [ -88.073999778411562, 77.110017890325125 ], [ -87.929452621237957, 77.136122694700688 ], [ -87.697520509796988, 77.142000108757685 ], [ -87.48799680948548, 77.106597902762516 ], [ -87.361621476201847, 77.179868693252459 ], [ -87.135475249362514, 77.244653195711507 ], [ -87.237301864993256, 77.309273904536013 ], [ -87.348213897940383, 77.332963593053393 ], [ -87.728563118877673, 77.362722210292432 ], [ -87.777931285801543, 77.429222392790109 ], [ -87.645132642781761, 77.471322111313356 ], [ -87.682771096002512, 77.534399101753849 ], [ -87.851350243501955, 77.553884109898974 ], [ -87.985617826503372, 77.610645505575135 ], [ -88.230329954741919, 77.660689003141073 ], [ -88.158072814332144, 77.71647058967541 ], [ -88.157534064176531, 77.799415387872827 ], [ -87.712052399002715, 77.857916505159835 ], [ -87.302179618757791, 77.898633490017062 ], [ -87.052779702533712, 77.882227208241815 ], [ -86.843568557863804, 77.885878595945442 ], [ -86.432089431556946, 77.842735811798562 ], [ -86.185077734632571, 77.794640000266412 ], [ -85.968126184855379, 77.699637904575496 ], [ -85.876005377110062, 77.633076298761011 ], [ -85.720729555096028, 77.434307900267527 ], [ -85.515439035608409, 77.459396399919441 ], [ -85.364801840851754, 77.392625606459774 ], [ -84.961427213564562, 77.382697888387739 ], [ -84.763180324394455, 77.322201605894691 ], [ -84.514156803724362, 77.296480197056781 ], [ -84.612229107569775, 77.386583808426408 ], [ -84.329142746385898, 77.386029312769651 ], [ -84.153238317255827, 77.4003679879511 ], [ -83.813445061678607, 77.369969504879776 ], [ -83.460494143541951, 77.35643080871904 ], [ -83.509957640141778, 77.391611694276818 ], [ -83.661513413758911, 77.393046008121132 ], [ -83.83846979860472, 77.461435494346404 ], [ -83.572648997475184, 77.475712210421747 ], [ -83.433584053422123, 77.503626809670891 ], [ -83.229209111123225, 77.573267589915602 ], [ -82.980525672069334, 77.711074699728712 ], [ -82.891116629771602, 77.726439293879679 ], [ -82.723002907575534, 77.820746190027123 ], [ -82.521108743919868, 77.958679994764793 ], [ -82.587872164932023, 78.021827995605989 ], [ -82.356497544903149, 78.037463295389088 ], [ -82.349262094353477, 78.07062390258551 ], [ -82.554159545169767, 78.077320207604771 ], [ -82.784962846438589, 78.010459196450427 ], [ -82.729471391771767, 77.949778591281742 ], [ -82.953029750550499, 77.875360795822985 ], [ -83.136044574884977, 77.791562395445496 ], [ -83.184909966462612, 77.720664697239854 ], [ -83.49760084063675, 77.580322395923005 ], [ -83.700752074942201, 77.524962696301856 ], [ -83.956296345979368, 77.49871971076405 ], [ -84.46866216787177, 77.525272502046079 ], [ -84.538318849823369, 77.511820186131573 ], [ -84.86055088393546, 77.54270980171701 ], [ -84.857970209916544, 77.579964688300734 ], [ -85.029250327095269, 77.626463490090643 ], [ -85.289684362011499, 77.671005501712415 ], [ -85.325800838584144, 77.800751612657123 ], [ -85.411215814654014, 77.839016907047039 ], [ -85.202045552421978, 77.887946009137522 ], [ -85.29961704500974, 77.903268099288624 ], [ -85.477648412481273, 77.865656909919394 ], [ -85.660123648775638, 77.951329599578727 ], [ -85.113916730475395, 78.054720301047766 ], [ -84.960398710595513, 78.229833998374545 ], [ -84.769728666856381, 78.338437292226956 ], [ -84.948718158008631, 78.343031710981336 ], [ -85.124823209265557, 78.260920011060634 ], [ -85.200755840976441, 78.201656992543619 ], [ -85.430613805427157, 78.106147104152811 ], [ -85.70488611581213, 78.098261299814169 ], [ -86.134424415015545, 78.056597508051368 ], [ -86.280684304772478, 78.086831112164134 ], [ -86.213747192768096, 78.143538409893111 ], [ -85.928181209306999, 78.236100887980058 ], [ -85.869262119296508, 78.31952119354095 ], [ -86.053062020841352, 78.304459906769836 ], [ -86.08130397296209, 78.245886793781423 ], [ -86.218309070186976, 78.201727991710555 ], [ -86.502917447356538, 78.205401911301081 ], [ -86.51822989765823, 78.171427297153429 ], [ -86.704741614490459, 78.120185588057112 ], [ -87.144283394964106, 78.105030111293189 ], [ -87.461405335587543, 78.122734296320075 ], [ -87.462762860784721, 78.17139350066455 ], [ -87.269005208721367, 78.194827804207435 ], [ -87.519280949110311, 78.228210995767796 ], [ -87.478975155303033, 78.446333205970376 ], [ -87.309999475558413, 78.508638996564386 ], [ -87.079151525313009, 78.557067607370215 ], [ -87.094148208603002, 78.581248110424241 ], [ -86.941787248541544, 78.662552994546559 ], [ -86.85151928842437, 78.742694806502911 ], [ -86.655985441801448, 78.787890295749051 ], [ -85.675612055806468, 78.847107703815027 ], [ -85.370884145802307, 78.881009298518592 ], [ -85.238028317387034, 78.913633805952458 ], [ -84.966608844607947, 78.905638288199469 ], [ -84.563920659292847, 78.852276789478452 ], [ -84.142969256045319, 78.85424828934876 ], [ -83.669772976646229, 78.825002302714864 ], [ -83.489398730939499, 78.779042704635685 ], [ -83.377040793279434, 78.778802600725456 ], [ -83.100923962330796, 78.711899611669338 ], [ -82.81691602821752, 78.697549107455671 ], [ -82.61774819601942, 78.609990695741857 ], [ -82.370586258102364, 78.568052605938533 ], [ -82.216514118603996, 78.588970800189529 ], [ -82.515921110670234, 78.659564410687963 ], [ -82.65452226435653, 78.728394901742234 ], [ -83.133821224158766, 78.801647694129272 ], [ -83.249633257793363, 78.85034728925676 ], [ -82.976069737655223, 78.85993570771727 ], [ -82.46166853694902, 78.835743701454888 ], [ -82.09246034919849, 78.863562997783816 ], [ -81.685616013132815, 78.850273608057876 ], [ -81.640778548185381, 78.897149197099367 ], [ -81.761006495999766, 78.924737488771967 ], [ -81.630829605389238, 79.004592890837102 ], [ -81.824620944996553, 79.022281886210138 ], [ -82.117420449773476, 78.913012811911088 ], [ -82.400942643120999, 78.894782513115231 ], [ -82.887401329055393, 78.935402108422309 ], [ -83.574316957543644, 78.934654605885029 ], [ -83.805667844952396, 78.953277809613809 ], [ -84.204246812561465, 78.964625294237123 ], [ -84.701924642497588, 79.020358908416057 ], [ -84.779912337063521, 79.069133208426393 ], [ -84.56077884286249, 79.143309805073031 ], [ -84.209069646664091, 79.1210308011715 ], [ -83.994253338946862, 79.053355109362045 ], [ -83.710783117521899, 79.028956403692533 ], [ -83.717651738703168, 79.070444907342505 ], [ -84.016201186574833, 79.168315196654817 ], [ -84.293158482508787, 79.198891200142512 ], [ -84.431412467403987, 79.321434102372436 ], [ -84.492637840403361, 79.417492999493518 ], [ -84.857537074418161, 79.477505093622725 ], [ -84.954200724902122, 79.524569090584592 ], [ -85.035474378722569, 79.617203210807531 ], [ -85.531632652525914, 79.704482010275683 ], [ -85.838899247504301, 79.707197405362663 ], [ -86.315958949393533, 79.749803600672038 ], [ -86.44812804355611, 79.777723896477013 ], [ -86.439899698265066, 79.936341909777525 ], [ -86.301348773396313, 79.974970806267677 ], [ -85.816276441495361, 79.941308302342392 ], [ -85.646064635630907, 79.965486012335219 ], [ -86.179517548980513, 80.006587091062329 ], [ -86.400647465315942, 80.005573110318181 ], [ -86.518965184613336, 80.03229670020184 ], [ -86.624148515592196, 80.123963705334958 ], [ -86.532455985145504, 80.254364899822562 ], [ -86.447940359085024, 80.309092411564933 ], [ -86.039065862986192, 80.333436588276513 ], [ -85.71100320127195, 80.32470540045469 ], [ -85.337293557315206, 80.269234497953136 ], [ -84.089349326776727, 80.27055518987531 ], [ -83.839255568167161, 80.255456200866021 ], [ -83.555515635148083, 80.208578988730466 ], [ -83.2374294026841, 80.111251390718678 ], [ -82.770213305082393, 80.017716103607739 ], [ -82.655057723183589, 79.977448106522772 ], [ -82.08044309221772, 79.850250592000421 ], [ -81.971789139086653, 79.723671809565332 ], [ -81.675097685697892, 79.689114602246832 ], [ -81.747431511536064, 79.626154597476528 ], [ -81.490789850181457, 79.638895993554783 ], [ -80.590333527119441, 79.562872488686267 ], [ -80.623258861766161, 79.60039440242177 ], [ -79.988612727460094, 79.651720189387405 ], [ -79.932526305006235, 79.696642995774567 ], [ -80.330390733300874, 79.685986603767731 ], [ -80.568283640140692, 79.654881100169902 ], [ -80.93757529673654, 79.654278010996705 ], [ -81.077624969760379, 79.692865196559694 ], [ -81.515551029223758, 79.71617109181318 ], [ -81.546775561950611, 79.821606998800348 ], [ -81.670288264068887, 79.89768260048622 ], [ -81.39623327462111, 79.93999139549878 ], [ -81.998005770667305, 79.994452397505654 ], [ -82.282472428361359, 80.0503684075927 ], [ -82.754116515605787, 80.19143539837215 ], [ -82.934995836553924, 80.261960504877479 ], [ -83.128883526537038, 80.298627199648621 ], [ -83.121949650976489, 80.336279808992984 ], [ -82.565896476613446, 80.362601508588526 ], [ -82.01983814093586, 80.399927305328973 ], [ -81.919803600785713, 80.393647489224691 ], [ -81.335454541746032, 80.423220192459013 ], [ -80.632236287543137, 80.466550399025905 ], [ -80.211971980751102, 80.529276197777961 ], [ -79.500735872778989, 80.542783495538615 ], [ -79.312355738713705, 80.554431193820008 ], [ -78.168605044759317, 80.568798208572233 ], [ -78.390203754901037, 80.608439593454236 ], [ -79.080935956114885, 80.618430699955681 ], [ -79.587427853114889, 80.597541110556392 ], [ -79.86156497354385, 80.632647095793374 ], [ -79.14245803636264, 80.718842104509662 ], [ -78.641930401313573, 80.768394392566449 ], [ -77.880002599542252, 80.820315111825323 ], [ -77.542429863764312, 80.830715297474924 ], [ -76.557192544643769, 80.838324708213392 ], [ -76.438079441063522, 80.875581396558601 ], [ -76.532622450561789, 80.906159008197605 ], [ -76.329493035725733, 80.929552704695553 ], [ -76.083856233213908, 80.924551699216138 ], [ -75.65210088288633, 80.94697060806682 ], [ -75.662225042564771, 80.97494318975339 ], [ -76.336469656876147, 80.929730690423995 ], [ -76.678260559453605, 80.890886812608557 ], [ -77.182913151266121, 80.889513291231395 ], [ -77.533848270750738, 80.915054692344142 ], [ -78.049572408921108, 80.901407996833839 ], [ -78.930735346041743, 80.852852809026601 ], [ -78.854343835309436, 80.945730301577285 ], [ -78.955092592723815, 80.980821591039714 ], [ -78.717446634506445, 81.039059597670828 ], [ -78.469946303115535, 81.075647487402549 ], [ -78.351282220624398, 81.167573091556918 ], [ -78.047612619931201, 81.210634096119037 ], [ -77.957245088125944, 81.254418995145315 ], [ -77.559637383867042, 81.31251659438071 ], [ -77.240929427396296, 81.344289411132635 ], [ -76.883372107919328, 81.397029987318035 ], [ -76.823388072783246, 81.452619598688386 ], [ -78.146142210397301, 81.302844898022855 ], [ -78.633843867290011, 81.193286804094086 ], [ -78.678708359711166, 81.128771790019243 ], [ -79.0298413379371, 81.087202299212748 ], [ -79.274145843013031, 81.040461010407554 ], [ -79.375219973331482, 80.990061792788097 ], [ -79.172253210758001, 80.967593489724848 ], [ -79.385503629434979, 80.923313411528468 ], [ -79.464204905444973, 80.850489092896979 ], [ -80.112547830148642, 80.751820101489713 ], [ -80.629174275520796, 80.699758798808048 ], [ -80.937069908399536, 80.655634605945863 ], [ -81.622201443025517, 80.599416889778624 ], [ -82.406308532522388, 80.557615695887549 ], [ -82.859620394529813, 80.540438904740867 ], [ -83.160470831874576, 80.561830999693171 ], [ -83.079861640190998, 80.640196102157901 ], [ -82.79160044930326, 80.686286209232989 ], [ -82.458348219011185, 80.714030688424032 ], [ -82.222655244164201, 80.714937592942519 ], [ -81.876578729831351, 80.775420299797361 ], [ -81.738078019136324, 80.815553098283871 ], [ -81.975254127715885, 80.832360006814 ], [ -82.490569153830577, 80.762756398407177 ], [ -82.52422144475284, 80.74334141352071 ], [ -83.352173974821127, 80.679962603489429 ], [ -83.535510839344184, 80.744738497618499 ], [ -83.344145304077571, 80.753592797800295 ], [ -83.088728587678474, 80.826485097058892 ], [ -83.783751026830274, 80.728453506143509 ], [ -83.675347145637971, 80.629831496788185 ], [ -83.792886833915603, 80.541862806622262 ], [ -84.492337580014635, 80.51170379053994 ], [ -84.683228242361977, 80.527401404426058 ], [ -85.157397787047771, 80.509225393623467 ], [ -85.506635925561724, 80.527860809974626 ], [ -86.034012928260736, 80.529896096359309 ], [ -86.705327878793184, 80.596407808921398 ], [ -86.467354027067401, 80.723575002885084 ], [ -85.881638774046976, 80.886661411447378 ], [ -85.781145971118505, 80.936574695962975 ], [ -85.272396057239561, 81.004499604075235 ], [ -84.541708028443182, 81.032600208096298 ], [ -84.025071586832908, 81.064435789071268 ], [ -83.573524409971611, 81.080651292635309 ], [ -83.160116673222149, 81.12043779879393 ], [ -82.701350173010184, 81.125347496115083 ], [ -82.825406922432492, 81.166104494302431 ], [ -83.820491810236675, 81.103858601749408 ], [ -84.261694328201557, 81.096746908694143 ], [ -84.955951665938372, 81.071827689304484 ], [ -85.178331127352436, 81.050073405465071 ], [ -85.396680344692442, 81.059623005128159 ], [ -85.670371844145194, 81.04514579836696 ], [ -85.954563432432067, 81.000636187847007 ], [ -86.257355526401682, 80.932326911494101 ], [ -86.577589972760478, 80.82097629027912 ], [ -87.0428884011409, 80.718590588356591 ], [ -87.021343736079245, 80.685061290625683 ], [ -87.161937768248279, 80.633496507855597 ], [ -87.48447445807615, 80.623043390924806 ], [ -88.184036605595523, 80.682357296861781 ], [ -88.632890838551162, 80.76558569739241 ], [ -89.283813142148588, 80.853273105597921 ], [ -89.414306013848716, 80.912749304087555 ], [ -89.143363774615608, 80.948181910050778 ], [ -88.290632122683206, 80.997661209630564 ], [ -88.025025514805435, 81.006172697955989 ], [ -87.522861369114793, 80.977832288366884 ], [ -86.703943278873325, 80.997965191154307 ], [ -86.314996594804953, 81.053900808469905 ], [ -85.904364540466148, 81.089723093522039 ], [ -85.858781420948716, 81.113600510631926 ], [ -85.339390180055389, 81.209603395825241 ], [ -84.676285612681994, 81.274051104298394 ], [ -84.893441480473044, 81.310322110277966 ], [ -85.932523766121051, 81.223037097294366 ], [ -86.43684616048948, 81.118288799578963 ], [ -86.945803436225788, 81.101129707818572 ], [ -87.453796525303588, 81.060895202328567 ], [ -87.767460590086316, 81.055269790885404 ], [ -88.191136156300175, 81.068124404538011 ], [ -89.086052249996953, 81.025484209777062 ], [ -89.612826288397599, 81.006082508527541 ], [ -90.096405545813894, 81.04770298848166 ], [ -90.279972785932486, 81.173638897242242 ], [ -89.917584138627788, 81.241996494386996 ], [ -89.392848771018052, 81.211784910441636 ], [ -89.199042024910753, 81.220930290517458 ], [ -89.497150065386563, 81.276028212323752 ], [ -89.781108244688511, 81.301038898934351 ], [ -89.815598169484915, 81.343482406776303 ], [ -89.508605491137473, 81.355928390102278 ], [ -88.780921514251247, 81.499760806028434 ], [ -88.117731247331662, 81.542365389855775 ], [ -88.29260049330378, 81.568543295798506 ], [ -88.880456074876889, 81.539025801256798 ], [ -89.303872539305061, 81.487433490055736 ], [ -90.298545146789507, 81.378012498888381 ], [ -90.739054974519576, 81.421494095363585 ], [ -90.759631847548249, 81.45864960022962 ], [ -90.491224652832457, 81.490769595595992 ], [ -90.06974351348515, 81.561429690209721 ], [ -89.90789589012897, 81.559848794097206 ], [ -89.719114833480802, 81.603003702639057 ], [ -90.144515958567879, 81.674648787486916 ], [ -90.351702042811212, 81.648574306818134 ], [ -90.678183752176594, 81.663491788275195 ], [ -90.923298558532039, 81.62013450798554 ], [ -90.91874953792194, 81.5555465930087 ], [ -91.366767456196044, 81.515403808394424 ], [ -91.454108491603819, 81.590570110084968 ], [ -91.887199103099775, 81.62591811111227 ], [ -91.668346499168265, 81.677805995278391 ], [ -91.677135482426223, 81.729160404947677 ], [ -91.440150423813435, 81.764758899065043 ], [ -91.058376545843331, 81.766125601155721 ], [ -91.021331711563519, 81.823651995872837 ], [ -90.631878044207753, 81.834797908287499 ], [ -90.574276691941193, 81.875731201735505 ], [ -89.820014208426443, 81.905408891884036 ], [ -89.645034613810921, 81.893677205294736 ], [ -89.471883287816638, 81.833014506837742 ], [ -89.244928281215905, 81.832317988669431 ], [ -89.149784418999218, 81.884039110452051 ], [ -89.372157165658919, 81.905446601309677 ], [ -88.930432343773276, 82.011369001286354 ], [ -88.511275529329097, 82.066001690877812 ], [ -88.111527826128494, 82.077057092274202 ], [ -87.897674384685132, 82.098899092016467 ], [ -87.359801071310088, 82.069661800954947 ], [ -87.140346241836411, 82.003242408366702 ], [ -86.863694122326947, 82.049849693450099 ], [ -86.223203623778389, 82.043771609817426 ], [ -85.771370443399931, 81.967330395431503 ], [ -85.691841774589051, 82.000730208574382 ], [ -85.13782437730822, 81.995228806284956 ], [ -84.800952345407296, 82.016095204350293 ], [ -85.572448396578849, 82.043131793693348 ], [ -85.998813337902888, 82.088828910251507 ], [ -86.628132240217965, 82.119777802167334 ], [ -86.746815678844371, 82.14355790641882 ], [ -86.823484161820218, 82.217766605491903 ], [ -85.588093404874556, 82.24188670537265 ], [ -85.310267975072634, 82.277443594578514 ], [ -85.474439451519132, 82.322343691799972 ], [ -85.496221951832794, 82.414335988192121 ], [ -85.768551610961083, 82.451828200438442 ], [ -85.2168301542048, 82.478127192809595 ], [ -84.744283411559408, 82.462531206584586 ], [ -84.763403055500646, 82.406973404009847 ], [ -84.342019026551569, 82.378235804620402 ], [ -83.660132143085903, 82.348826699419718 ], [ -83.283565081486884, 82.262226196424066 ], [ -83.275430676648398, 82.215834900947371 ], [ -82.951491040724491, 82.167609192549051 ], [ -82.938939542907619, 82.085904309521226 ], [ -82.679939645132123, 82.071625208077151 ], [ -82.057202932420054, 82.062426702272646 ], [ -82.066811367711182, 82.086459505643489 ], [ -82.643679795638434, 82.102743593810473 ], [ -82.742417772843908, 82.179586200717907 ], [ -82.993258531232797, 82.221142103387407 ], [ -82.922149987607057, 82.287565295803745 ], [ -82.607612730273345, 82.281243399658166 ], [ -82.279279868100787, 82.233201008151667 ], [ -82.217273977884886, 82.203569397597136 ], [ -81.675438154788779, 82.12847550809532 ], [ -81.240381927743655, 82.087868900088196 ], [ -80.610949127585471, 81.999189288760576 ], [ -80.036672236472199, 81.968816288583952 ], [ -79.702819458132055, 81.886231808586217 ], [ -79.452589791058713, 81.903519810209374 ], [ -79.685996392399304, 81.942184606089484 ], [ -79.829465973026188, 81.992242587267782 ], [ -79.747346481722985, 82.020570895660043 ], [ -80.366442547553717, 82.038292391207776 ], [ -80.879975356982499, 82.097428694022156 ], [ -80.880734904688893, 82.148613406455041 ], [ -81.377932816516534, 82.175255597830343 ], [ -81.788962040161152, 82.226310097519999 ], [ -82.031982968439536, 82.275454596626687 ], [ -82.58708225536239, 82.349895398080051 ], [ -82.6771559470764, 82.393052503675349 ], [ -82.483742051687656, 82.421825890457299 ], [ -82.583360563991164, 82.452135303854462 ], [ -82.499514511445938, 82.496369496272962 ], [ -81.955770603805163, 82.498241991074053 ], [ -81.877577072117845, 82.528828706504711 ], [ -82.2380003717562, 82.571373193759683 ], [ -82.338469879688432, 82.638281789990103 ], [ -82.141377286809359, 82.669253199196632 ], [ -81.436534690179798, 82.633174490073657 ], [ -81.118154072684121, 82.591773288190424 ], [ -80.765100198357246, 82.495170692391568 ], [ -80.482230014899727, 82.446047303057611 ], [ -80.264987854460728, 82.473153107761377 ], [ -80.778303208987666, 82.619914097864026 ], [ -81.081377472192202, 82.68409790226923 ], [ -81.151180032181855, 82.728893604934953 ], [ -81.533801847327027, 82.790291498179911 ], [ -81.268654248836796, 82.822242311902471 ], [ -80.837212033795581, 82.815011289815757 ], [ -80.437360296426931, 82.792071697987822 ], [ -80.101193289703915, 82.728457189941594 ], [ -79.168980261270832, 82.664742199789671 ], [ -79.223121234063143, 82.69343380489822 ], [ -79.878653618707872, 82.753380405640897 ], [ -79.927179129732565, 82.808687203836399 ], [ -80.342160527514935, 82.868657789350564 ], [ -80.11648228984059, 82.926994402246763 ], [ -79.77770435549462, 82.954614390465935 ], [ -79.348376694968877, 82.957946909034121 ], [ -79.057461465532043, 82.918463302364373 ], [ -78.694338108182777, 82.945353110085037 ], [ -78.49770390481838, 82.9250610058956 ], [ -78.441848257303121, 82.859211803400243 ], [ -78.040556258430655, 82.863927803584218 ], [ -77.816595611010129, 82.929473905449214 ], [ -77.068279804632709, 82.853860991184916 ], [ -76.89413132204929, 82.780075312173267 ], [ -76.65223773372756, 82.725304011780125 ], [ -76.548705787818861, 82.667600898448399 ], [ -75.759791773293003, 82.562171094796227 ], [ -75.5873776838894, 82.627483110431129 ], [ -76.231324716434941, 82.695148493004595 ], [ -76.260000754099579, 82.783157906203002 ], [ -76.51597194615556, 82.812256995269294 ], [ -76.65718424371093, 82.879443790096829 ], [ -77.27558578355557, 82.956727695948217 ], [ -77.41442082611681, 82.993618000263922 ], [ -77.309649815850136, 83.065592508601839 ], [ -76.865759569350672, 83.087087202064581 ], [ -75.692980018645329, 83.051893394850026 ], [ -75.262821246090525, 83.016382305034156 ], [ -74.980886260258728, 83.045311599442002 ], [ -74.498392317914892, 83.032419792486195 ], [ -73.971411837859137, 82.958756808414506 ], [ -73.770589253920846, 82.850215301113636 ], [ -73.214547934640436, 82.760826302331822 ], [ -72.376009002349903, 82.677010389923993 ], [ -72.496268882599168, 82.73320599726992 ], [ -73.104888531957883, 82.795919309611435 ], [ -73.575476636612635, 82.943043694631655 ], [ -73.352247234454339, 82.969038697458444 ], [ -73.228968532454488, 83.018230705550764 ], [ -72.889825643033248, 83.045849992339754 ], [ -72.623899127238587, 83.095332989291151 ], [ -71.550101604167764, 83.100044497048017 ], [ -71.709288987955361, 83.004584102827948 ], [ -71.489426878187615, 82.947449398701437 ], [ -70.885218133090774, 82.896162092760704 ], [ -71.373191588477468, 83.008812793981122 ], [ -71.281703756195185, 83.050755398900861 ], [ -70.627685014561081, 83.106435189402191 ], [ -69.810001370194541, 83.111252201889613 ], [ -69.398899341405595, 83.005894697960727 ], [ -68.996229751504842, 83.031870607916446 ], [ -68.844618837315267, 82.927065303355803 ], [ -68.592319098616258, 83.000970297056952 ], [ -68.42032669198872, 83.007169093749212 ], [ -67.868558108791106, 82.960949609337845 ], [ -67.390743178001401, 82.950803903575746 ], [ -67.118850539750795, 82.961352694135812 ], [ -66.745474952140313, 82.936156296068916 ], [ -66.323653783229489, 82.926423400745819 ], [ -66.555536720857802, 82.859369512921049 ], [ -66.99712020283819, 82.79603079490262 ], [ -67.926798730235305, 82.714696089406473 ], [ -68.346892888784225, 82.685434801210675 ], [ -68.462869228160372, 82.63733789514977 ], [ -67.807109166791975, 82.657800108423601 ], [ -67.490339661866258, 82.649116404674402 ], [ -66.988747864321866, 82.71744850097943 ], [ -66.763253820763609, 82.72173960142122 ], [ -66.510343657028116, 82.769403494710829 ], [ -65.667492987246035, 82.849584801513743 ], [ -65.246551560503178, 82.826220405131977 ], [ -65.230486941930039, 82.883435089407612 ], [ -64.825688956773178, 82.907441797029463 ] ] ], [ [ [ -107.99237472238832, 73.615114191877666 ], [ -107.835382411750942, 73.625710497384716 ], [ -107.598638596398956, 73.617275403156739 ], [ -107.556596709073617, 73.583017402940271 ], [ -107.844128497520828, 73.543548611640148 ], [ -107.979424371057576, 73.552219505032951 ], [ -107.99237472238832, 73.615114191877666 ] ] ], [ [ [ -97.73618867062531, 74.126210606598477 ], [ -97.64370244223889, 74.100643791252296 ], [ -97.623936656671674, 74.057496893699451 ], [ -97.771687477936226, 73.987621090031894 ], [ -98.004191036337701, 73.935333187592008 ], [ -98.062494909550153, 73.899414204786964 ], [ -98.38647047194253, 73.850757007957966 ], [ -98.596147527113899, 73.839563207138468 ], [ -98.831675859930698, 73.849311299675762 ], [ -99.207512614702352, 73.850045206898614 ], [ -99.3832317208646, 73.876294597556253 ], [ -99.429438561659481, 73.912058111456545 ], [ -99.078620479377221, 73.958931702905588 ], [ -98.776269168247993, 74.037000909251532 ], [ -98.435784240649213, 74.047403604015358 ], [ -98.214932522629596, 74.088250902392261 ], [ -97.967427278071, 74.115069098077058 ], [ -97.73618867062531, 74.126210606598477 ] ] ], [ [ [ -74.678356367430226, 72.226606203180324 ], [ -74.785444335517056, 72.168804989477408 ], [ -74.948606864957156, 72.174909196013871 ], [ -74.904001801533539, 72.210615209580155 ], [ -74.678356367430226, 72.226606203180324 ] ] ], [ [ [ -85.870894675350158, 72.302019801106638 ], [ -85.881783576458488, 72.216801098217616 ], [ -86.027468126821987, 72.254269288347871 ], [ -86.115317678476998, 72.296977895535804 ], [ -85.870894675350158, 72.302019801106638 ] ] ], [ [ [ -78.981595994833953, 72.44611450819599 ], [ -78.826559763126639, 72.414957590569742 ], [ -78.743774299504707, 72.366229698324602 ], [ -79.050171589447999, 72.361344099882572 ], [ -79.067108067367997, 72.427475697087743 ], [ -78.981595994833953, 72.44611450819599 ] ] ], [ [ [ -79.568846421667203, 72.463097400236393 ], [ -79.418999188775317, 72.423213300588799 ], [ -79.473104218464357, 72.355647091065748 ], [ -79.584261110176726, 72.354850206665262 ], [ -79.666713639641301, 72.432614090392235 ], [ -79.568846421667203, 72.463097400236393 ] ] ], [ [ [ -95.728951433652753, 73.149923094840815 ], [ -95.677900913999594, 73.114793597124731 ], [ -95.693561032102494, 73.064737603276811 ], [ -95.855074766804449, 73.106714288474137 ], [ -95.728951433652753, 73.149923094840815 ] ] ], [ [ [ -96.956383001686149, 73.275966502630581 ], [ -96.85625929410368, 73.226861193926325 ], [ -97.008732293716619, 73.225258691765703 ], [ -96.956383001686149, 73.275966502630581 ] ] ], [ [ [ -95.75513148719817, 73.025389399143421 ], [ -95.719367885390525, 72.950044688610333 ], [ -95.657954206690249, 72.920132403997428 ], [ -95.784374469743895, 72.89339601339698 ], [ -95.75513148719817, 73.025389399143421 ] ] ], [ [ [ -96.699423016275318, 72.904300703782837 ], [ -96.695825880567597, 72.830389706544366 ], [ -96.600201008645996, 72.788330810872992 ], [ -96.713605762129205, 72.728821505051798 ], [ -96.918562085015424, 72.737805011037025 ], [ -96.985118180749282, 72.769026686620137 ], [ -96.878566722311945, 72.854244410823441 ], [ -96.699423016275318, 72.904300703782837 ] ] ], [ [ [ -78.095462428141332, 73.66483738855483 ], [ -77.823050171997238, 73.604224290151834 ], [ -77.412954913233889, 73.554754794701282 ], [ -77.358212132989749, 73.528340113817279 ], [ -77.206790892430902, 73.515008489408018 ], [ -77.146201384251654, 73.453634999399952 ], [ -77.021728160361576, 73.398396494754792 ], [ -77.047061413722858, 73.36976059110485 ], [ -76.913507722388914, 73.323031006452325 ], [ -76.746586296341377, 73.323853209184449 ], [ -76.730683269198181, 73.283961293302966 ], [ -76.577250295577187, 73.230574294035009 ], [ -76.649179476766903, 73.173524200422818 ], [ -76.615492778164011, 73.129900384419415 ], [ -76.418474251105479, 73.122266508562163 ], [ -76.249639677512917, 73.093317397330637 ], [ -76.32263241107934, 73.067191711281453 ], [ -76.328010891771513, 72.957548495533572 ], [ -76.056376628163918, 72.92668161346019 ], [ -76.069840496398982, 72.864219391162862 ], [ -76.218132439490574, 72.831545893899246 ], [ -76.496941198962233, 72.816607594874753 ], [ -76.684953968086802, 72.840345501678399 ], [ -76.832735070312282, 72.837389894610581 ], [ -77.264758382419402, 72.859190103326185 ], [ -77.420857994340892, 72.884357699838731 ], [ -77.715056013635234, 72.902672904628474 ], [ -78.079383531681756, 72.892322395325422 ], [ -78.212725669893274, 72.898640587756759 ], [ -78.421154598237422, 72.88098900216211 ], [ -78.857759035017082, 72.810319906729077 ], [ -79.114567873147507, 72.759639388244992 ], [ -79.348433763498704, 72.741260391942149 ], [ -79.575211467416153, 72.755870805929462 ], [ -79.793773947765231, 72.828871593901013 ], [ -79.999999979962325, 72.867300990850737 ], [ -80.016184406733629, 72.929217897844296 ], [ -80.111009605575333, 72.974677294431544 ], [ -80.152966436787381, 73.064187107016352 ], [ -80.106658298174025, 73.177235202962763 ], [ -80.123861570773244, 73.218900205528413 ], [ -80.219029594790044, 73.251752312324555 ], [ -80.398779927403922, 73.249383808769053 ], [ -80.764977373719333, 73.278320206107423 ], [ -80.876838122128547, 73.342463607191917 ], [ -80.839449082898597, 73.411159189199651 ], [ -80.859724007253604, 73.478515207265048 ], [ -80.771645588491978, 73.515336287595773 ], [ -80.863717983092641, 73.547339608065315 ], [ -80.892230458171923, 73.612351107503216 ], [ -80.769475230899062, 73.670445602601987 ], [ -80.780589627605281, 73.757112014078118 ], [ -80.418795641773926, 73.766362700199068 ], [ -80.116421427917786, 73.692440813695782 ], [ -80.051245479306274, 73.722932185951052 ], [ -79.600576393960395, 73.665617099245708 ], [ -79.522718395496184, 73.637070309965296 ], [ -79.085741169911046, 73.632766996399468 ], [ -78.942816314317668, 73.662565503916881 ], [ -78.549318451052386, 73.660133291439877 ], [ -78.286480204342823, 73.670990706637767 ], [ -78.095462428141332, 73.66483738855483 ] ] ], [ [ [ -96.811708290510111, 73.193614011130293 ], [ -96.563018731653699, 73.086939705928785 ], [ -96.540599025040635, 73.043826207002979 ], [ -96.645481780390128, 72.947903598286402 ], [ -96.830383311076758, 72.926278196129289 ], [ -96.963688444686284, 72.932950304707333 ], [ -97.078404519310951, 72.986204107465525 ], [ -97.118704617585948, 73.0915804074791 ], [ -97.037012499790293, 73.149423593778323 ], [ -96.811708290510111, 73.193614011130293 ] ] ], [ [ [ -62.263193497909306, 66.266130596152365 ], [ -62.149168477698808, 66.206463807423503 ], [ -62.390824113796107, 66.207969206020778 ], [ -62.42178051557481, 66.22617980753418 ], [ -62.263193497909306, 66.266130596152365 ] ] ], [ [ [ -62.128445405310281, 65.926546910006522 ], [ -62.156504280004057, 65.86917049302744 ], [ -62.276416804629463, 65.914685404660077 ], [ -62.128445405310281, 65.926546910006522 ] ] ], [ [ [ -62.284508693486089, 65.739683503166304 ], [ -62.166013813022481, 65.657344306788531 ], [ -62.204115211509041, 65.629362190024381 ], [ -62.343777025681121, 65.621494889606282 ], [ -62.449935363746668, 65.646032305560226 ], [ -62.430752874832017, 65.674204699663846 ], [ -62.472446806321621, 65.725546595702838 ], [ -62.284508693486089, 65.739683503166304 ] ] ], [ [ [ -83.258403301694713, 66.359211092566539 ], [ -83.19439270505633, 66.322110101781163 ], [ -83.102464820523963, 66.307982306464353 ], [ -83.047614116630754, 66.257555286661002 ], [ -82.909870124180998, 66.249861088688235 ], [ -82.985856371947051, 66.200392495265177 ], [ -83.066030705878973, 66.203042809445918 ], [ -83.272558006942461, 66.256183289520678 ], [ -83.235923413801032, 66.305959997447346 ], [ -83.258403301694713, 66.359211092566539 ] ] ], [ [ [ -66.860785085671651, 66.407132386856873 ], [ -66.78066993002642, 66.375184192947629 ], [ -66.66262372076811, 66.359035897826899 ], [ -66.565493395774169, 66.318793088438298 ], [ -66.630451286200596, 66.291569186458403 ], [ -66.787266201267002, 66.340622088618844 ], [ -66.860785085671651, 66.407132386856873 ] ] ], [ [ [ -62.100347113513656, 67.121382713242824 ], [ -62.072617111339241, 67.095647514319595 ], [ -62.241714394878336, 67.063898297764084 ], [ -62.303061221783764, 67.084542193747865 ], [ -62.100347113513656, 67.121382713242824 ] ] ], [ [ [ -63.099497983502886, 67.02464850193978 ], [ -63.007657707721179, 66.955856591837346 ], [ -63.093270817057281, 66.952675988325282 ], [ -63.133903215632166, 66.98861840580129 ], [ -63.099497983502886, 67.02464850193978 ] ] ], [ [ [ -62.95623590612793, 67.061483113207984 ], [ -62.916649017555109, 67.02755201502562 ], [ -62.979628204258034, 66.997441296522027 ], [ -63.075571603293312, 67.021753806124934 ], [ -63.095544381228557, 67.076881100853342 ], [ -62.95623590612793, 67.061483113207984 ] ] ], [ [ [ -62.40177929945559, 67.197274994769018 ], [ -62.371467174697685, 67.163970297488675 ], [ -62.448053799006892, 67.126011712455835 ], [ -62.604136506785466, 67.087718513184754 ], [ -62.658962327096702, 67.042368707258092 ], [ -62.772197370782443, 67.001713905012124 ], [ -62.833063879816329, 67.023366089393761 ], [ -62.758858138732805, 67.09485829780013 ], [ -62.683255508429504, 67.111145192090149 ], [ -62.597869440112518, 67.177877194931071 ], [ -62.424488737184582, 67.18088869754142 ], [ -62.40177929945559, 67.197274994769018 ] ] ], [ [ [ -63.927106437567453, 67.643360499301266 ], [ -63.877729942745191, 67.589437794491303 ], [ -63.764431266076542, 67.549842905259851 ], [ -63.750226795694623, 67.498694594075687 ], [ -63.999999999676675, 67.486731004579312 ], [ -64.043667063229805, 67.544582206064064 ], [ -63.973410625369006, 67.585060503522527 ], [ -63.927106437567453, 67.643360499301266 ] ] ], [ [ [ -97.379376794507479, 67.742251711994868 ], [ -97.29109652860501, 67.691356606128295 ], [ -97.380417711055827, 67.640039296053544 ], [ -97.479866323690729, 67.624890292134054 ], [ -97.532494787317646, 67.652833700432723 ], [ -97.485778676686991, 67.699044496166948 ], [ -97.384990787454342, 67.699263908588364 ], [ -97.379376794507479, 67.742251711994868 ] ] ], [ [ [ -108.474862318997722, 67.575535402246572 ], [ -108.3469585902604, 67.547405287135078 ], [ -108.298904596627708, 67.509940500172959 ], [ -108.368983082415795, 67.461678394620407 ], [ -108.478640913449354, 67.524472096695192 ], [ -108.474862318997722, 67.575535402246572 ] ] ], [ [ [ -108.174318382753469, 67.570326296831681 ], [ -108.11689402891659, 67.449076002754694 ], [ -108.224307022052614, 67.456908384198911 ], [ -108.158857500606757, 67.497781089862755 ], [ -108.174318382753469, 67.570326296831681 ] ] ], [ [ [ -108.08127698780585, 67.677825699764767 ], [ -107.975286885682181, 67.663891092415597 ], [ -107.900284218067966, 67.548300191819067 ], [ -108.032419881898335, 67.5328104142542 ], [ -108.118284906001691, 67.549335385005563 ], [ -108.08127698780585, 67.677825699764767 ] ] ], [ [ [ -107.60244008103227, 67.220414397920237 ], [ -107.41581761008149, 67.128783398979607 ], [ -107.300905425938154, 67.093752802038878 ], [ -107.466042807890361, 67.079357609127328 ], [ -107.54577368255714, 67.110799302588873 ], [ -107.634642829058166, 67.197516496940608 ], [ -107.60244008103227, 67.220414397920237 ] ] ], [ [ [ -63.475259235516255, 67.345456394051368 ], [ -63.364631683491154, 67.299386404380897 ], [ -63.422458808888791, 67.270102494952013 ], [ -63.76056083099084, 67.273128701748234 ], [ -63.697991334698187, 67.341611301010118 ], [ -63.594509218296622, 67.333360014328605 ], [ -63.475259235516255, 67.345456394051368 ] ] ], [ [ [ -107.898283820413994, 67.495434084723499 ], [ -107.86730139463414, 67.410396888725231 ], [ -107.909408981317029, 67.371016988842612 ], [ -107.992383627390581, 67.356495804140792 ], [ -108.037670726817765, 67.432281996808427 ], [ -107.898283820413994, 67.495434084723499 ] ] ], [ [ [ -75.75854071857627, 68.336074887906705 ], [ -75.584201509540534, 68.305855610039941 ], [ -75.397302525080136, 68.258881906372764 ], [ -75.199538833284961, 68.248688791668883 ], [ -75.022971200918164, 68.173818804616786 ], [ -75.00588723261005, 68.110334394965577 ], [ -75.034854588640854, 68.037948202958404 ], [ -75.130391877759735, 67.97512200875488 ], [ -75.141770719474977, 67.937703606156276 ], [ -75.054948792390363, 67.788502298268568 ], [ -75.041508367186736, 67.599339003295825 ], [ -75.153877010928909, 67.458687008261933 ], [ -75.448382186649056, 67.341812887081161 ], [ -75.759444970350003, 67.270932196213735 ], [ -76.034286696755828, 67.240494892040729 ], [ -76.272072225581368, 67.254963197076592 ], [ -76.427068089991792, 67.230237193491547 ], [ -76.69324698528257, 67.209311887843469 ], [ -76.994471088124484, 67.239899495385458 ], [ -77.218920219686979, 67.453704213027706 ], [ -77.214677513909606, 67.546026499686519 ], [ -77.288449104936447, 67.677568796173063 ], [ -77.290620626847073, 67.728488010697404 ], [ -77.201723321916191, 67.84382369453904 ], [ -76.979982727593764, 68.045212507481764 ], [ -76.953427268297034, 68.089084100297057 ], [ -76.867161010138616, 68.129993987508598 ], [ -76.745853576390033, 68.218975404970791 ], [ -76.643138663852568, 68.265367308206166 ], [ -76.430584608952017, 68.297820391459439 ], [ -76.272408720560563, 68.339116806929894 ], [ -76.252973121074717, 68.309746303077247 ], [ -76.084525814255798, 68.295988904089924 ], [ -75.888869631175979, 68.344372900481773 ], [ -75.75854071857627, 68.336074887906705 ] ] ], [ [ [ -65.087637395562027, 64.590575393211438 ], [ -65.035131226569675, 64.55479799891306 ], [ -65.135042217908335, 64.542795290514093 ], [ -65.191184927113369, 64.578081391672498 ], [ -65.087637395562027, 64.590575393211438 ] ] ], [ [ [ -73.76871959926919, 64.527233285987677 ], [ -73.703317104012157, 64.503283599942932 ], [ -73.670026613190061, 64.457751698333581 ], [ -73.769423429292971, 64.42446399521485 ], [ -73.76871959926919, 64.527233285987677 ] ] ], [ [ [ -75.651851484487111, 64.358520408119546 ], [ -75.511580420386935, 64.330878409137796 ], [ -75.564313985127342, 64.306269997478154 ], [ -75.651851484487111, 64.358520408119546 ] ] ], [ [ [ -64.90242252004721, 64.401070502019749 ], [ -64.77729329495584, 64.322839701238536 ], [ -64.844512784224349, 64.29024080798132 ], [ -64.937703713723906, 64.362624498359025 ], [ -64.90242252004721, 64.401070502019749 ] ] ], [ [ [ -73.733903819983411, 64.405617891857304 ], [ -73.709913478816816, 64.379489192646659 ], [ -73.693295792506291, 64.271929905393975 ], [ -73.742353402389625, 64.27712859761202 ], [ -73.799281699528223, 64.341546592710941 ], [ -73.733903819983411, 64.405617891857304 ] ] ], [ [ [ -74.244892773190244, 64.553336796546262 ], [ -74.183567879263464, 64.531564110413811 ], [ -74.243364408817413, 64.492475500939349 ], [ -74.32453748866223, 64.535936811274908 ], [ -74.244892773190244, 64.553336796546262 ] ] ], [ [ [ -65.348952287272525, 64.751753194356468 ], [ -65.223707814937512, 64.697619688812622 ], [ -65.218753579399817, 64.627269603167221 ], [ -65.352152370889627, 64.592002502488327 ], [ -65.433303398216466, 64.51425179578996 ], [ -65.672061092186624, 64.514727684031172 ], [ -65.613346673493879, 64.590050601001764 ], [ -65.431516785603932, 64.663452703563038 ], [ -65.348952287272525, 64.751753194356468 ] ] ], [ [ [ -65.511090510730611, 65.900921310661602 ], [ -65.522706893187788, 65.848082702995882 ], [ -65.646009422518446, 65.834892805510989 ], [ -65.639042595584968, 65.878606388162922 ], [ -65.511090510730611, 65.900921310661602 ] ] ], [ [ [ -83.353855716057168, 65.864458908441406 ], [ -83.247950809956293, 65.843429296889738 ], [ -83.408166098445122, 65.807963487830548 ], [ -83.493510517378226, 65.806419109153239 ], [ -83.561212005168414, 65.852895104244283 ], [ -83.353855716057168, 65.864458908441406 ] ] ], [ [ [ -63.224780823609741, 65.3162118956661 ], [ -63.183257887063355, 65.277180596510519 ], [ -63.275284891844159, 65.255854085752901 ], [ -63.321719220923455, 65.314201701987244 ], [ -63.224780823609741, 65.3162118956661 ] ] ], [ [ [ -66.914644677091459, 65.359976693529475 ], [ -66.95557018900017, 65.275121884215523 ], [ -67.023836191098582, 65.283212185613451 ], [ -66.998204494476312, 65.343803009691669 ], [ -66.914644677091459, 65.359976693529475 ] ] ], [ [ [ -85.081294987622329, 66.029899590519534 ], [ -84.915063486232313, 66.017126999658174 ], [ -84.876148421278003, 65.940589487801304 ], [ -84.791385691054487, 65.908053393419337 ], [ -84.697498592379361, 65.796954594471671 ], [ -84.639737896187654, 65.767522389038049 ], [ -84.598171074166046, 65.666152689118789 ], [ -84.553978673044554, 65.617156103263767 ], [ -84.632436971404516, 65.556833595260628 ], [ -84.727523875942339, 65.540603610356229 ], [ -84.824001120164183, 65.591502387766297 ], [ -84.874800489760219, 65.671636390708713 ], [ -84.995890211604745, 65.700878389122948 ], [ -85.112787275203885, 65.760440008068016 ], [ -85.130641722486629, 65.83972539801772 ], [ -85.107209967943007, 65.900540806439608 ], [ -85.159705977340053, 65.989001188722909 ], [ -85.081294987622329, 66.029899590519534 ] ] ], [ [ [ -84.391303828031837, 66.14276291237411 ], [ -84.291362071883739, 66.107819892300824 ], [ -83.977366590418029, 66.040623692396935 ], [ -83.918263477226205, 66.007264592041636 ], [ -83.675907490506503, 65.93364028966289 ], [ -83.643593288661265, 65.905216809305713 ], [ -83.702017414748298, 65.79952751198762 ], [ -83.613398293166981, 65.754525405401566 ], [ -83.474898799605711, 65.721450705633416 ], [ -83.297703709839098, 65.726717092713315 ], [ -83.217064666445083, 65.650383705899273 ], [ -83.367542792954254, 65.616170008261179 ], [ -83.434863701280008, 65.647893189662057 ], [ -83.652233572825182, 65.639775499588993 ], [ -83.786959076631717, 65.678574510820056 ], [ -83.769910309062126, 65.721398087116526 ], [ -83.860336379859788, 65.762956601488696 ], [ -83.979593303019428, 65.728478691254224 ], [ -84.075818686489342, 65.762380509348986 ], [ -84.065446101058072, 65.800826812064173 ], [ -84.12175148523032, 65.862277686497293 ], [ -84.103424376042312, 65.901089386237558 ], [ -84.179267490603962, 65.925939195355937 ], [ -84.150661027538277, 65.960916509764886 ], [ -84.256861273127114, 66.005876196740132 ], [ -84.333967999361604, 65.986048208906055 ], [ -84.423215173963769, 66.034272188230645 ], [ -84.450779876919157, 66.120482988468282 ], [ -84.391303828031837, 66.14276291237411 ] ] ], [ [ [ -93.064904704744194, 61.930218910703104 ], [ -92.988106725832864, 61.875632505613439 ], [ -93.005259082932909, 61.838720107822226 ], [ -93.118062101278198, 61.834433410876052 ], [ -93.127409626169069, 61.863457791479959 ], [ -93.263985424797795, 61.87807350215904 ], [ -93.239270679578738, 61.911836193090949 ], [ -93.064904704744194, 61.930218910703104 ] ] ], [ [ [ -65.100858196172183, 61.934574687042804 ], [ -64.845096110184727, 61.813661499250884 ], [ -64.798788724422735, 61.735301700583115 ], [ -64.925783082754094, 61.714172893811281 ], [ -65.056393990854573, 61.775563303490486 ], [ -65.125248194470345, 61.77732450844303 ], [ -65.234227900057462, 61.868103792829977 ], [ -65.178386814427157, 61.936139403872012 ], [ -65.100858196172183, 61.934574687042804 ] ] ], [ [ [ -73.986349202932644, 62.664429892874594 ], [ -73.933881992816438, 62.608001793457753 ], [ -73.98384077797013, 62.59898590829004 ], [ -74.183329901244321, 62.600895889309228 ], [ -74.305431298958212, 62.619404795738681 ], [ -74.367961504408356, 62.646192598273025 ], [ -74.484179327484966, 62.652623496481411 ], [ -74.599885682297852, 62.689315289086217 ], [ -74.501638001675971, 62.723678712260288 ], [ -74.41881951205032, 62.713377105866563 ], [ -74.336510590527809, 62.660963083986232 ], [ -74.17954193140443, 62.680387890904008 ], [ -73.986349202932644, 62.664429892874594 ] ] ], [ [ [ -91.191268227903691, 62.702575389987601 ], [ -91.010333215792244, 62.672038810496545 ], [ -91.072533572833592, 62.648951988652556 ], [ -91.215420076631503, 62.679735094116076 ], [ -91.191268227903691, 62.702575389987601 ] ] ], [ [ [ -90.751883907639169, 63.505297990463234 ], [ -90.652930915751227, 63.493421594021299 ], [ -90.626939721016555, 63.441751706432832 ], [ -90.725162299497541, 63.451311505064396 ], [ -90.751883907639169, 63.505297990463234 ] ] ], [ [ [ -77.951371677232004, 63.468902992647138 ], [ -77.778794813027801, 63.450443990836867 ], [ -77.74415119324307, 63.406854389681747 ], [ -77.663319816373274, 63.425553012829155 ], [ -77.618617999296461, 63.357601794161994 ], [ -77.493817168205538, 63.265645605721666 ], [ -77.552007222852225, 63.172338905762189 ], [ -77.639291297741352, 63.163288396771499 ], [ -77.868629520544786, 63.091175713811815 ], [ -77.945844203513985, 63.09228080479523 ], [ -78.089633726311263, 63.154391905003038 ], [ -78.212398726977938, 63.239663498690007 ], [ -78.246681986862043, 63.246384990275864 ], [ -78.405365828628504, 63.349167501983395 ], [ -78.514267592455028, 63.404125909905346 ], [ -78.510387473974333, 63.43338799750822 ], [ -78.275899122079508, 63.47791070614943 ], [ -78.17044419257094, 63.487280404681421 ], [ -78.133568811346038, 63.466988711754681 ], [ -77.951371677232004, 63.468902992647138 ] ] ], [ [ [ -64.508060792413886, 64.148656811700121 ], [ -64.439902608447639, 64.110333096420234 ], [ -64.500895517726491, 64.086500097015247 ], [ -64.578514911126391, 64.142535515416384 ], [ -64.508060792413886, 64.148656811700121 ] ] ], [ [ [ -64.873462478782599, 64.092451392530506 ], [ -64.974315623906222, 64.061965793848543 ], [ -64.998089865706049, 64.109793505155935 ], [ -64.873462478782599, 64.092451392530506 ] ] ], [ [ [ -72.971616906981382, 64.15703168693868 ], [ -72.99149818564311, 64.091929996400907 ], [ -73.06636377630285, 64.099220607001811 ], [ -72.971616906981382, 64.15703168693868 ] ] ], [ [ [ -65.164364465955018, 64.22770460458058 ], [ -65.027081632659105, 64.188926797518391 ], [ -65.094085012165323, 64.14136669496223 ], [ -65.148507737659358, 64.156354993222592 ], [ -65.204866680398652, 64.212905904924384 ], [ -65.164364465955018, 64.22770460458058 ] ] ], [ [ [ -77.565650478825702, 64.036188388800525 ], [ -77.567809777818411, 63.997094491041942 ], [ -77.686044702775149, 63.92432468661621 ], [ -77.954630718358501, 63.955901700765558 ], [ -77.926427395697857, 64.022856691215026 ], [ -77.74209972709923, 64.038690894289843 ], [ -77.565650478825702, 64.036188388800525 ] ] ], [ [ [ -64.161886209103884, 63.863624105692836 ], [ -64.178741787370399, 63.774932783575686 ], [ -64.227900312663763, 63.767262998249606 ], [ -64.342078407297208, 63.818923503315361 ], [ -64.161886209103884, 63.863624105692836 ] ] ], [ [ [ -64.354354711881285, 63.814043588902912 ], [ -64.250578208039016, 63.767873191170203 ], [ -64.240012093174656, 63.728439903556811 ], [ -64.309472913927323, 63.710843114594624 ], [ -64.362129187758782, 63.754143285883544 ], [ -64.354354711881285, 63.814043588902912 ] ] ], [ [ [ -64.353185283720862, 63.67192098862941 ], [ -64.306464286961599, 63.642204392622233 ], [ -64.316323317478023, 63.566517991429137 ], [ -64.246806013469026, 63.517731015736253 ], [ -64.20789202767638, 63.38749830360031 ], [ -64.154538303019777, 63.379395387334178 ], [ -64.095969313225581, 63.317595399932905 ], [ -64.240071808448519, 63.326606200234828 ], [ -64.285861193805047, 63.375829990468091 ], [ -64.353833607689083, 63.404775190715625 ], [ -64.379611696015516, 63.530095099681617 ], [ -64.454076306475883, 63.567896989067627 ], [ -64.46048379812035, 63.642423096587819 ], [ -64.353185283720862, 63.67192098862941 ] ] ], [ [ [ -64.95899357271928, 63.563263303272961 ], [ -64.884677605411397, 63.533302600531918 ], [ -64.843422125980766, 63.484288405324214 ], [ -64.821586695001301, 63.390424093193417 ], [ -64.93273428022512, 63.425303493201092 ], [ -64.975748486734091, 63.473462002617389 ], [ -64.985596032879528, 63.545747097367034 ], [ -64.95899357271928, 63.563263303272961 ] ] ], [ [ [ -78.446324919915085, 63.517121100712551 ], [ -78.431791400078097, 63.453196293262941 ], [ -78.533360815368198, 63.44499720479655 ], [ -78.516424982773913, 63.49060210982686 ], [ -78.446324919915085, 63.517121100712551 ] ] ], [ [ [ -77.027833915810035, 63.676332395602373 ], [ -76.86660420471344, 63.620218912209133 ], [ -76.772468071207626, 63.600567197321737 ], [ -76.672310896225866, 63.533640002842986 ], [ -76.616491108434587, 63.515779611878472 ], [ -76.672658781333766, 63.476003193901867 ], [ -76.542466212568414, 63.447891407282583 ], [ -76.665657727192283, 63.395782001264585 ], [ -76.693646299484257, 63.364828709677923 ], [ -76.944177506255059, 63.396387610041657 ], [ -77.041452893985863, 63.422206297565246 ], [ -77.325722900354208, 63.57030048923324 ], [ -77.410548799217011, 63.595146496973847 ], [ -77.417296781893029, 63.657853586549663 ], [ -77.359307416589644, 63.681730188959136 ], [ -77.197457888115935, 63.687183103785813 ], [ -77.027833915810035, 63.676332395602373 ] ] ], [ [ [ -91.516156006170505, 63.609895392361878 ], [ -91.337846100612865, 63.579378992554865 ], [ -91.435201394272838, 63.543153789988871 ], [ -91.496412112612759, 63.56708038600248 ], [ -91.516156006170505, 63.609895392361878 ] ] ], [ [ [ -64.147884920566554, 63.636044103374545 ], [ -64.043763984889196, 63.540240688597791 ], [ -64.15243061468567, 63.53761200284287 ], [ -64.195981486805422, 63.615372702544398 ], [ -64.147884920566554, 63.636044103374545 ] ] ], [ [ [ -64.064189624568058, 63.75707559638137 ], [ -64.038951178552338, 63.715663397864226 ], [ -64.200862234205957, 63.697112196938825 ], [ -64.13780068429584, 63.748211200440387 ], [ -64.064189624568058, 63.75707559638137 ] ] ], [ [ [ -64.532039975023977, 63.906540595660516 ], [ -64.584563199320613, 63.850076806290197 ], [ -64.53732568292348, 63.820576709540909 ], [ -64.506062499402248, 63.752642206203419 ], [ -64.426031814606702, 63.781603011289917 ], [ -64.372935980015498, 63.733936904266443 ], [ -64.374982888117131, 63.686324289328439 ], [ -64.467277597334416, 63.668500593442097 ], [ -64.51588950741278, 63.720710889284426 ], [ -64.626580891944087, 63.749741789018984 ], [ -64.747896515759493, 63.755753910057393 ], [ -64.906352273709444, 63.796361996009153 ], [ -64.89840779514104, 63.83592779582429 ], [ -64.803151392990742, 63.870970484712743 ], [ -64.620611816745878, 63.916453298447095 ], [ -64.532039975023977, 63.906540595660516 ] ] ], [ [ [ -79.603152790825334, 62.415035203324557 ], [ -79.473210187964099, 62.383366901838656 ], [ -79.456677693231526, 62.354541010541695 ], [ -79.261075071278412, 62.23962480617859 ], [ -79.281925622980211, 62.176343609844075 ], [ -79.331730869180632, 62.113804909508893 ], [ -79.326811016413814, 62.050012904423347 ], [ -79.461010478442475, 61.93599769236922 ], [ -79.452276309945518, 61.87534189299933 ], [ -79.535275270178403, 61.808899101353127 ], [ -79.525230798732849, 61.78524260392814 ], [ -79.596029111530484, 61.70200300660845 ], [ -79.673996999039844, 61.662482494130714 ], [ -79.715254708374204, 61.593521707414759 ], [ -79.806363307513891, 61.571462197791995 ], [ -79.883316288989477, 61.595775403172041 ], [ -79.984187089176388, 61.718412111670069 ], [ -80.181186711583038, 61.786093190031458 ], [ -80.24333660287148, 61.841217891750532 ], [ -80.271506869230279, 61.910644107515154 ], [ -80.267176606077854, 62.003665009829881 ], [ -80.209771612656027, 62.100821704571906 ], [ -80.213375024541207, 62.138252801309946 ], [ -80.150734786570041, 62.206223709819668 ], [ -80.022989817049378, 62.272350296013975 ], [ -79.941797696408372, 62.368916905735603 ], [ -79.855620703843115, 62.39121340292705 ], [ -79.787392378961442, 62.377510903159724 ], [ -79.603152790825334, 62.415035203324557 ] ] ], [ [ [ -65.889824389258493, 62.152101802201088 ], [ -65.833231230331691, 62.129936092819882 ], [ -65.893444501866327, 62.086652496155907 ], [ -65.953690617883311, 62.128892203407801 ], [ -65.889824389258493, 62.152101802201088 ] ] ], [ [ [ -64.372089100913115, 62.532295712682057 ], [ -64.37345408857918, 62.468486495107761 ], [ -64.449709819294, 62.403618893652222 ], [ -64.54407987732074, 62.365114208647675 ], [ -64.63201159535123, 62.363194402397617 ], [ -64.754027689679674, 62.396170988526869 ], [ -64.915784211738455, 62.421114994925503 ], [ -64.907788025961111, 62.489426596435678 ], [ -64.81882743039715, 62.547907992712659 ], [ -64.726224704246604, 62.560309393544777 ], [ -64.665473181729936, 62.533446000474044 ], [ -64.46055877456115, 62.542539402821745 ], [ -64.372089100913115, 62.532295712682057 ] ] ], [ [ [ -77.639267886716041, 62.584528697990741 ], [ -77.762646713925804, 62.535474605750018 ], [ -77.832765474317355, 62.585245404552559 ], [ -77.639267886716041, 62.584528697990741 ] ] ], [ [ [ -77.870669805870577, 62.588932397749772 ], [ -77.892323394130955, 62.539349099981926 ], [ -78.109280314047894, 62.562407388460784 ], [ -77.992745720804891, 62.593766605971254 ], [ -77.870669805870577, 62.588932397749772 ] ] ], [ [ [ -64.880469799752163, 62.605944605212763 ], [ -64.852243714785146, 62.554016890442988 ], [ -64.955801617946818, 62.528270101445116 ], [ -65.076867990162739, 62.544404283489222 ], [ -65.023540915394648, 62.590655398567527 ], [ -64.880469799752163, 62.605944605212763 ] ] ], [ [ [ -82.184990482223981, 62.986364510729132 ], [ -81.867051781326893, 62.914551097152 ], [ -81.952799927684552, 62.833852993577153 ], [ -81.957927324914507, 62.710258189787325 ], [ -82.127980031902339, 62.612723190869261 ], [ -82.294076806436692, 62.585584495388623 ], [ -82.406394378328542, 62.521122406944485 ], [ -82.470179986352235, 62.449648593094039 ], [ -82.567103183437951, 62.423453799327689 ], [ -82.672893717233322, 62.371449508824846 ], [ -82.803106185535654, 62.281164108286397 ], [ -83.068591717617551, 62.186248308689287 ], [ -83.164009015584639, 62.205669096091256 ], [ -83.306263613185791, 62.25842000927846 ], [ -83.423584411219238, 62.250910295541864 ], [ -83.528602990708052, 62.215932905193753 ], [ -83.592081177495132, 62.173519103028831 ], [ -83.710862325046691, 62.140407904337131 ], [ -83.734485004902254, 62.15949021230265 ], [ -83.730040226954017, 62.276371499874998 ], [ -83.751358013580258, 62.308395695616802 ], [ -83.90338119536743, 62.382905010589106 ], [ -83.961133702962385, 62.431034486322588 ], [ -83.938072284915449, 62.483803101393363 ], [ -83.744773489019806, 62.566217198334279 ], [ -83.628991202522698, 62.668258893524893 ], [ -83.574196905550153, 62.685847404830959 ], [ -83.589053590184264, 62.748681193077353 ], [ -83.530964921146548, 62.835330799780614 ], [ -83.390465417813118, 62.903787601238598 ], [ -83.300102701809465, 62.929246401102581 ], [ -83.169756288440794, 62.908329409546617 ], [ -83.126938396739959, 62.856534907945644 ], [ -83.016994699838719, 62.843733707283235 ], [ -82.716170471503844, 62.940327107855914 ], [ -82.43155199442522, 62.928094598650929 ], [ -82.318650672647976, 62.983647205438899 ], [ -82.184990482223981, 62.986364510729132 ] ] ], [ [ [ -70.779227530315694, 62.841679292667571 ], [ -70.512658499687902, 62.780813286554434 ], [ -70.388691698872293, 62.739329688549169 ], [ -70.380569195911832, 62.708299098149631 ], [ -70.198023969624586, 62.613089506350903 ], [ -70.16896189491203, 62.576511809312599 ], [ -70.221272702529802, 62.549395894784439 ], [ -70.350709020281812, 62.526514710564079 ], [ -70.587985421018786, 62.558027603531343 ], [ -70.713839719004838, 62.554052195570378 ], [ -70.714352105655138, 62.591301196470233 ], [ -70.780132695827902, 62.6030875877955 ], [ -70.85423122341831, 62.744035099252187 ], [ -70.773046130006747, 62.768324796434172 ], [ -70.938727773444924, 62.796954101760257 ], [ -71.002248773573442, 62.830116900933 ], [ -71.199816201741783, 62.863665486272851 ], [ -71.213506088404216, 62.890052596321745 ], [ -71.009424231626568, 62.873331891949775 ], [ -70.779227530315694, 62.841679292667571 ] ] ], [ [ [ -64.999373110790131, 64.351637491048791 ], [ -64.901372631479205, 64.22991359395462 ], [ -64.976417008397647, 64.191705211330969 ], [ -65.032119685616053, 64.208363488777465 ], [ -65.081874515876024, 64.295747990329588 ], [ -65.067410478331169, 64.336237092095914 ], [ -64.999373110790131, 64.351637491048791 ] ] ], [ [ [ -85.497257394726361, 65.922597798133921 ], [ -85.464724030332064, 65.880306794851393 ], [ -85.501325126247067, 65.835854804556149 ], [ -85.183707925257309, 65.803792393217364 ], [ -85.123680608449419, 65.732554701904661 ], [ -85.128977102729948, 65.690324386512245 ], [ -85.02544861631803, 65.611843910032832 ], [ -85.064118311584423, 65.57229099007786 ], [ -85.266522976979957, 65.523529310945477 ], [ -85.058849922345104, 65.456481889259052 ], [ -84.999630532352654, 65.420860988508835 ], [ -84.985275071090626, 65.330744201414134 ], [ -84.864798607403188, 65.205901010429798 ], [ -84.777089927234229, 65.211454696029278 ], [ -84.718447300250929, 65.276151198470416 ], [ -84.733266672854569, 65.325642390706008 ], [ -84.524754993569147, 65.481501703890643 ], [ -84.426599199984864, 65.457293894925556 ], [ -84.42017380386153, 65.416563589493904 ], [ -84.344527103835375, 65.377623899019127 ], [ -84.198801282721334, 65.362268888647719 ], [ -84.151074471602243, 65.295264609049568 ], [ -84.215035727537909, 65.263710588964116 ], [ -84.110683317687673, 65.209288587270237 ], [ -83.709155577671424, 65.149045907772518 ], [ -83.498757794414743, 65.160091293279379 ], [ -83.419162090148603, 65.144994301825236 ], [ -83.312863401699843, 65.073658886708927 ], [ -83.302921607260473, 65.003483195526542 ], [ -83.175472973016056, 64.946433092062094 ], [ -83.01150571903878, 64.915386901691207 ], [ -82.834770997215941, 64.856120205186215 ], [ -82.774827208135036, 64.80666410276396 ], [ -82.664346075295796, 64.769793799273941 ], [ -82.569881399868081, 64.763899304565214 ], [ -82.481924527610929, 64.735486203389897 ], [ -82.370966793245259, 64.765133285977299 ], [ -82.184238284712578, 64.69534350850455 ], [ -82.057044230267252, 64.671686704340303 ], [ -82.035573405517766, 64.636512795235618 ], [ -81.879324395344085, 64.573286293394659 ], [ -81.744890025602359, 64.48967928937698 ], [ -81.771839080087716, 64.439765493313828 ], [ -81.739590821909104, 64.410625106180774 ], [ -81.729402203401349, 64.336868301499877 ], [ -81.754894212844178, 64.312036294238908 ], [ -81.582482697369073, 64.166268902765779 ], [ -81.625421203960954, 64.12238068747844 ], [ -81.707090301679813, 64.086311507151422 ], [ -81.882747483589299, 64.075801494408395 ], [ -81.997620018362284, 64.029157608667006 ], [ -82.01178482495574, 63.990615012222818 ], [ -81.948370829508377, 63.971129095046258 ], [ -81.701109911050395, 64.001372793570056 ], [ -81.612141824455932, 64.022351105558528 ], [ -81.493883302076952, 64.024923594119215 ], [ -81.391351091082214, 64.059419092325385 ], [ -81.288315903116953, 64.073879108361055 ], [ -81.25474132286088, 64.04499309426717 ], [ -81.07621349607723, 64.021687793763746 ], [ -80.998861670396806, 63.984164504129396 ], [ -80.973580391369126, 64.059037005020969 ], [ -80.913486987313149, 64.079234101282026 ], [ -80.916568319808192, 64.117314407937698 ], [ -80.736787994031062, 64.053587587104445 ], [ -80.699193523339019, 63.993377509057169 ], [ -80.539346792036142, 63.982026004572262 ], [ -80.600145570522102, 63.8579423095957 ], [ -80.465090804686028, 63.851178098155081 ], [ -80.202525800201826, 63.79781470984171 ], [ -80.157528992010143, 63.763077203279558 ], [ -80.214162899412301, 63.724389007936772 ], [ -80.287104598466925, 63.736909100645811 ], [ -80.474056510010897, 63.722740296499929 ], [ -80.574314526009715, 63.633017408166836 ], [ -80.799286626784095, 63.562817791645948 ], [ -80.841892512585972, 63.527401108519044 ], [ -80.933192418774453, 63.510512097123382 ], [ -80.92573458246143, 63.461867996224782 ], [ -81.036119173300051, 63.44533280066058 ], [ -81.285892827609572, 63.493550897216302 ], [ -81.510134385179114, 63.562621308397951 ], [ -81.619393675690901, 63.561284210247337 ], [ -81.740334218070643, 63.614043612266045 ], [ -81.891773584249805, 63.623570706001544 ], [ -82.061077478490247, 63.685605205761611 ], [ -82.199536398355292, 63.680531786355793 ], [ -82.29644258421439, 63.644505504334433 ], [ -82.415061601749784, 63.670470690291893 ], [ -82.527627601346595, 63.737510796688682 ], [ -82.492088320558466, 63.78785520863309 ], [ -82.31107277866262, 63.832446008505549 ], [ -82.352025575092298, 63.889558686659349 ], [ -82.525114325467811, 63.954033805361135 ], [ -82.797208876504172, 63.960041089885372 ], [ -82.902016919419182, 63.972699195303463 ], [ -83.06472078041908, 63.938754586160982 ], [ -83.126236587362001, 63.963908102006641 ], [ -83.124095102052891, 64.011011396153819 ], [ -82.933088183639043, 64.131145311577157 ], [ -83.012818402052943, 64.177900498301611 ], [ -83.123692009215432, 64.166418008126939 ], [ -83.201962631117325, 64.111926691512409 ], [ -83.292854807639898, 64.141790401078239 ], [ -83.395819318080768, 64.102305502457014 ], [ -83.530326795364672, 64.102717202804243 ], [ -83.597510292766003, 64.026169791651384 ], [ -83.658406886864384, 64.015576110933722 ], [ -83.593860191214432, 63.922842102295448 ], [ -83.627417391700959, 63.863126900182813 ], [ -83.577677316427099, 63.818582506397256 ], [ -83.598600976659611, 63.773795087961524 ], [ -83.654391795619944, 63.753274996496287 ], [ -83.732596492468403, 63.773614895144178 ], [ -83.908496819749061, 63.671785013010911 ], [ -84.000000012659896, 63.653354190783553 ], [ -84.04029618922398, 63.615338693774966 ], [ -84.117272723227629, 63.594065291714955 ], [ -84.248893627575058, 63.617983500434271 ], [ -84.358937423510923, 63.565195205506917 ], [ -84.438805624781423, 63.483490592349405 ], [ -84.463553801243819, 63.370853096754544 ], [ -84.575327697815979, 63.311687405210741 ], [ -84.665483931074803, 63.290581089508784 ], [ -84.802869976025136, 63.220968109734521 ], [ -84.979098875344263, 63.161687890253248 ], [ -85.212925523307845, 63.108106105965923 ], [ -85.34896159655473, 63.114364206683085 ], [ -85.505536522385654, 63.107365088109574 ], [ -85.609373773642929, 63.175902302915318 ], [ -85.661880309473744, 63.343102997917164 ], [ -85.647795098246959, 63.437556195536139 ], [ -85.595715811881973, 63.497725086861571 ], [ -85.605836695855388, 63.559382204502718 ], [ -85.588169999248507, 63.654278186512357 ], [ -85.616482271043637, 63.682802000320002 ], [ -85.716452972920393, 63.700190795656624 ], [ -86.004965013563933, 63.685178792113447 ], [ -86.264772483238673, 63.634844793147572 ], [ -86.420403274926571, 63.660158493362459 ], [ -86.576292091884042, 63.661124391013892 ], [ -86.666504224193858, 63.639816198900242 ], [ -86.761273928558978, 63.579709691838929 ], [ -86.936967023554004, 63.546224110389289 ], [ -87.100862125978665, 63.552199500118377 ], [ -87.211960388733544, 63.614770787564261 ], [ -87.208539871088732, 63.713993501469055 ], [ -87.137771326691691, 63.747977609686828 ], [ -86.98193770780189, 63.869931689967764 ], [ -86.808871490480001, 63.945599410745054 ], [ -86.469850578712141, 64.018166005097555 ], [ -86.360918125375022, 64.062116497905976 ], [ -86.182741609350629, 64.084626294628023 ], [ -86.185298917640154, 64.16997649724803 ], [ -86.30425019089526, 64.227254498201404 ], [ -86.332882876202376, 64.275569802516102 ], [ -86.393449627328991, 64.486374808646204 ], [ -86.383898582153051, 64.60004349547944 ], [ -86.272896699337053, 64.718871299217028 ], [ -86.264942626405627, 64.750577110984779 ], [ -86.183079799098223, 64.824768202443224 ], [ -86.199299107724769, 64.865382786008965 ], [ -86.130401529220777, 64.919795809272443 ], [ -86.210854828244649, 64.986136605835043 ], [ -86.126689416366816, 65.102860307426397 ], [ -86.116900804792493, 65.162047789107817 ], [ -86.157465487932939, 65.286322495900635 ], [ -86.096392025124061, 65.351811113059526 ], [ -86.132817219765414, 65.408841805610422 ], [ -86.052936173719402, 65.561094601786991 ], [ -85.997095896902806, 65.703877311242039 ], [ -85.873021503771341, 65.789335893436061 ], [ -85.599063614680134, 65.908581889914601 ], [ -85.497257394726361, 65.922597798133921 ] ] ], [ [ [ -94.828079052695259, 60.000000134189733 ], [ -95.324999980847153, 59.999999987956912 ], [ -96.000000024421553, 59.99999999656751 ], [ -96.749999995695916, 59.999999989958233 ], [ -97.50000002266178, 59.999999986673586 ], [ -98.000000005112341, 59.99999999456422 ], [ -99.000000026390367, 60.00000000056211 ], [ -99.499999995308869, 60.0000000053764 ], [ -100.499999994893088, 60.000000000902077 ], [ -101.500000001265235, 59.999999996984933 ], [ -102.000000012738653, 59.99999999727239 ], [ -101.999999975770876, 60.406250006363081 ], [ -101.999999996922753, 64.189050588033396 ], [ -104.474096040000305, 64.431060697019902 ], [ -104.875001269364404, 64.465982479490478 ], [ -106.583120648034509, 64.592880940919699 ], [ -108.837894447248971, 64.732129669115125 ], [ -109.024884244363164, 64.831448857788487 ], [ -109.442761011447573, 64.999616845014501 ], [ -110.538417414739868, 65.445820749807581 ], [ -111.600463651855634, 65.449058595791627 ], [ -112.58339481084262, 65.447065048575041 ], [ -114.313759887143647, 66.054722633748298 ], [ -117.038419200755897, 66.920159481397732 ], [ -117.065450630254603, 66.929179315888092 ], [ -118.5941905867288, 67.198864277829244 ], [ -119.333407163262365, 67.411290890229665 ], [ -120.630782444334571, 67.779957582554744 ], [ -120.590719441229851, 68.2491045811215 ], [ -120.605537806733253, 68.623361947700545 ], [ -120.724770381667724, 69.573831618423696 ], [ -120.413941288861025, 69.447114306425576 ], [ -120.271039808670409, 69.406289198228649 ], [ -119.926281430245666, 69.344497991732922 ], [ -119.817343094226572, 69.348768798192822 ], [ -119.577396536549344, 69.314476796436239 ], [ -119.184159278845996, 69.296887696404724 ], [ -119.044282118498842, 69.27039350656942 ], [ -118.926657013068919, 69.266335105152095 ], [ -118.712188228036325, 69.235921490455425 ], [ -118.585651606652846, 69.202601805374186 ], [ -118.399985585330768, 69.11235810140677 ], [ -118.308806417714848, 69.104345595830395 ], [ -118.063550100855977, 69.038362510247794 ], [ -117.829418690170954, 68.991816887518937 ], [ -117.611689724535694, 68.985466006214182 ], [ -117.354179678917248, 68.955115095730761 ], [ -117.142085482394663, 68.897388096104493 ], [ -116.915823030425642, 68.936220399680806 ], [ -116.828199791679381, 68.884202798811103 ], [ -116.512171394524557, 68.864467213002925 ], [ -116.392930222531348, 68.89089618947979 ], [ -116.138345503260254, 68.82333160321447 ], [ -115.97693588895649, 68.805761004611711 ], [ -115.941529809450358, 68.826903490212686 ], [ -116.09927066278469, 68.860368291303885 ], [ -116.086705586626167, 68.894901014914183 ], [ -116.323873269368178, 68.952391897540565 ], [ -116.223589710075103, 68.992161606186727 ], [ -116.106030018448493, 68.981046088777646 ], [ -115.933693439847673, 68.941668906097306 ], [ -115.818009571779768, 68.932467208792218 ], [ -115.76856339353391, 68.959317009590194 ], [ -115.619667680710435, 68.982685089464226 ], [ -115.285192985427287, 68.90460150215128 ], [ -115.066776827821457, 68.879729708397377 ], [ -114.831309638573927, 68.818999799504297 ], [ -114.766384575373905, 68.749670213886475 ], [ -114.57616211688115, 68.736454496504749 ], [ -114.461318687145777, 68.689107294072272 ], [ -114.416681886107796, 68.625130413040779 ], [ -114.194089373968055, 68.566774198121436 ], [ -114.105520189043673, 68.52681160582793 ], [ -114.047426882647201, 68.428585906154467 ], [ -113.936255896898345, 68.352597391978264 ], [ -114.046943395135827, 68.293728502526861 ], [ -113.998667407401058, 68.24102021114328 ], [ -114.215963412042683, 68.247471201557175 ], [ -114.275099769996388, 68.226946696175531 ], [ -114.442956509719252, 68.264200706687859 ], [ -114.619680827103551, 68.237503993813093 ], [ -114.806311313578817, 68.255490795045858 ], [ -114.748442811871698, 68.203173602678476 ], [ -114.902209031086628, 68.150021193075347 ], [ -115.169937605253054, 68.187496993210573 ], [ -115.142071224146392, 68.144198987432844 ], [ -115.218672704445893, 68.088125411445972 ], [ -115.197797821874133, 67.978817702482829 ], [ -115.28752829958357, 67.975319993049851 ], [ -115.560002991318385, 67.917763209670852 ], [ -115.270060685356853, 67.858245094512768 ], [ -115.171692215814133, 67.8261196830546 ], [ -115.039148611351848, 67.82980300620612 ], [ -114.998026128323531, 67.794338098155492 ], [ -114.770058390718731, 67.820158998789481 ], [ -114.444907174427257, 67.779478311693538 ], [ -114.376347879578788, 67.74588100613876 ], [ -114.270991930926002, 67.72863070656507 ], [ -113.96293349312991, 67.72568559398772 ], [ -113.837106827166394, 67.695855704494775 ], [ -113.689308387335259, 67.688123707464399 ], [ -113.138529068879947, 67.703751795438578 ], [ -113.101011262579675, 67.678655792543623 ], [ -112.717389689723646, 67.680630686676452 ], [ -112.597848397610761, 67.671840891167804 ], [ -112.431841625522267, 67.680273307689419 ], [ -112.296014106806396, 67.703158692749739 ], [ -112.235665089588394, 67.737511801261348 ], [ -112.158699608495056, 67.726531511146703 ], [ -111.982223728891796, 67.733683396997009 ], [ -111.905538984783462, 67.754743813590608 ], [ -111.782938201777739, 67.753943908905157 ], [ -111.622729107534525, 67.730374803474106 ], [ -111.484626811387017, 67.766103199759115 ], [ -111.416943890066591, 67.724519790344473 ], [ -111.338084229490505, 67.796148804424249 ], [ -111.201011673843738, 67.797953911413799 ], [ -110.961419931565018, 67.773493002639597 ], [ -110.828769803574659, 67.801736899061098 ], [ -110.747233795382229, 67.849105908866107 ], [ -110.525209996740472, 67.897455101138121 ], [ -110.444888624627211, 67.939936100496823 ], [ -110.038040271175149, 68.011434795139891 ], [ -109.953202003595806, 67.954728097168896 ], [ -109.94533337658244, 67.893859913150806 ], [ -109.782776288002836, 67.867393788404172 ], [ -109.719475698226475, 67.789073011302122 ], [ -109.720149362345779, 67.740856793349693 ], [ -109.599834989675415, 67.697714902842421 ], [ -109.413410863125478, 67.752293797152348 ], [ -109.256842224440518, 67.724028294245983 ], [ -109.180373822082515, 67.742398107265558 ], [ -109.06085470550093, 67.730249105417812 ], [ -108.981049261710197, 67.674991690339169 ], [ -108.935663229978928, 67.548089005746661 ], [ -108.978912698052326, 67.449733993740907 ], [ -108.76766302966935, 67.3613318995707 ], [ -108.712741723061683, 67.457888991944685 ], [ -108.718398926271846, 67.533033496470935 ], [ -108.691529368975694, 67.62049989033801 ], [ -108.573835633191379, 67.612114905217069 ], [ -108.501803566404988, 67.500782498996784 ], [ -108.5173230275322, 67.455925193546975 ], [ -108.417348573179325, 67.388480687991816 ], [ -108.37484087587184, 67.449868495295306 ], [ -108.30390528898694, 67.429798592174322 ], [ -108.27737912746268, 67.376474796647983 ], [ -108.349184775544046, 67.368438607352445 ], [ -108.339143297042412, 67.317350086034978 ], [ -108.269664729925879, 67.300641102581537 ], [ -108.264567481836963, 67.383182792822382 ], [ -107.993730784907427, 67.284888289392967 ], [ -107.861369533365689, 67.142745402164252 ], [ -107.896992075900044, 67.13833620820526 ], [ -107.852563002706233, 67.042948000142033 ], [ -107.956206323078689, 67.069826207312346 ], [ -108.05068932598283, 67.052635794691298 ], [ -108.127740473218239, 67.081826591754137 ], [ -108.18106510628408, 67.030293496874478 ], [ -108.319306589034696, 67.004085011869392 ], [ -108.150177720538224, 66.970111096794639 ], [ -108.083948078512407, 66.9172852896927 ], [ -108.100759808239488, 66.850740308421109 ], [ -107.991109090694408, 66.833917493405323 ], [ -107.92082597782381, 66.797114308457964 ], [ -107.944635018702073, 66.733027788459083 ], [ -107.829553775228135, 66.732253709632758 ], [ -107.712287801065514, 66.657575107649251 ], [ -107.72419130096884, 66.626867604685813 ], [ -107.558259608206711, 66.529427607790453 ], [ -107.483081405373525, 66.53466949732821 ], [ -107.415083186039851, 66.46725129746774 ], [ -107.230535090275723, 66.355749186846765 ], [ -107.238794390095009, 66.429952595232862 ], [ -107.416246029183043, 66.509962606610387 ], [ -107.407838479982914, 66.531606911771206 ], [ -107.52521977852679, 66.573046197604455 ], [ -107.530377874528327, 66.629653104515455 ], [ -107.606572523162853, 66.667256595576433 ], [ -107.672197789679544, 66.753784193002232 ], [ -107.684925126198451, 66.867608701637948 ], [ -107.759301398153355, 66.948316091254767 ], [ -107.741585123756138, 66.984551498370934 ], [ -107.599276095699437, 66.980537393309433 ], [ -107.603568173983575, 67.067651708031249 ], [ -107.495418677274969, 66.998090713877218 ], [ -107.484997884921242, 66.945520487839005 ], [ -107.545016773512216, 66.899760090306984 ], [ -107.458311028725745, 66.867014991736895 ], [ -107.368601575287755, 66.911298209047857 ], [ -107.382642269516168, 66.97535810317008 ], [ -107.145045303464101, 66.876649208026095 ], [ -107.178536092793749, 66.960203888436965 ], [ -107.259129216547748, 67.006106190980347 ], [ -107.360570828766498, 67.028234696163224 ], [ -107.372325072041136, 67.055511493508817 ], [ -107.228060171050842, 67.101608788567859 ], [ -107.416980814039817, 67.158881501153985 ], [ -107.560306690535029, 67.241904003693136 ], [ -107.632282522105086, 67.461086400433246 ], [ -107.566838990357923, 67.502333702807277 ], [ -107.654265186968942, 67.56332730464824 ], [ -107.837677870770051, 67.662088701072108 ], [ -108.027846210957549, 67.748569310081322 ], [ -107.943037629255869, 67.854387697520579 ], [ -107.812635692241514, 67.863600305613517 ], [ -107.700322596765986, 67.89552459966626 ], [ -107.635693717077658, 67.942168508363963 ], [ -107.727198711395303, 67.967307311153291 ], [ -107.719009674529985, 68.026418402965376 ], [ -107.670999196614389, 68.033830206301786 ], [ -107.662253401587392, 68.05483240076083 ], [ -107.621903474902496, 68.047641901938746 ], [ -107.588567165180848, 68.06381089065971 ], [ -107.536398238718334, 68.06573830476772 ], [ -107.372662419452354, 68.043054194421899 ], [ -107.253053262555724, 68.062723498642782 ], [ -107.154473720096817, 68.130252190073492 ], [ -107.064735728042962, 68.089782295597971 ], [ -107.010169113447276, 68.11217169053451 ], [ -106.712448376215335, 68.136453591471863 ], [ -106.775599666515944, 68.214238992992122 ], [ -106.489269129103633, 68.238469590244733 ], [ -106.408511978596863, 68.290110600107496 ], [ -106.4260608127951, 68.341428084791588 ], [ -106.298395728926735, 68.349520207766602 ], [ -106.203228004573987, 68.399997703203596 ], [ -106.131643924701237, 68.377591010068528 ], [ -106.046824919469131, 68.400188397460084 ], [ -105.695104437801831, 68.436425805296309 ], [ -105.673673415629167, 68.514997193365744 ], [ -105.751620505071244, 68.536048500441296 ], [ -105.788250475854213, 68.612909791186709 ], [ -105.883358794520561, 68.643003991389278 ], [ -106.155865727448358, 68.577553110836377 ], [ -106.260732572493467, 68.573030102924989 ], [ -106.365825583170292, 68.538275297510324 ], [ -106.529118071825721, 68.533148294439712 ], [ -106.567108185871064, 68.429409206643584 ], [ -106.444527282642241, 68.400782405647462 ], [ -106.615621711122003, 68.344994986032091 ], [ -106.762452322881941, 68.41406499486024 ], [ -106.845118661271513, 68.374620693625786 ], [ -106.979968224970065, 68.385218397141514 ], [ -107.116426304562651, 68.28880559958462 ], [ -107.19660539477286, 68.276849790713285 ], [ -107.296807890000224, 68.32116459871456 ], [ -107.630562631689429, 68.352315402397551 ], [ -107.685035398117051, 68.336148491572359 ], [ -107.83105892982536, 68.339033703905457 ], [ -107.891364370871301, 68.273343807289308 ], [ -107.719829807313218, 68.234329987245729 ], [ -107.751912200117175, 68.183932593782984 ], [ -107.99547616471466, 68.143842691274145 ], [ -108.119602786806041, 68.181732807450828 ], [ -108.310969160823305, 68.124174593011801 ], [ -108.280667799630038, 68.210953903237183 ], [ -108.357590027115762, 68.258141298809505 ], [ -108.356787391400346, 68.297278209004602 ], [ -108.435928166691781, 68.315428601558764 ], [ -108.518529781581748, 68.275112407387724 ], [ -108.698100691990675, 68.236357104325862 ], [ -108.807263824996753, 68.264863493583789 ], [ -108.710767429439031, 68.306686403123905 ], [ -108.727178910552183, 68.336063111200644 ], [ -108.602080169193968, 68.391929498655827 ], [ -108.455932999289686, 68.499999991500047 ], [ -108.347384306886127, 68.605878100742615 ], [ -108.258907220055221, 68.631872197356131 ], [ -107.703931134195216, 68.65474220658794 ], [ -107.285800577743373, 68.701464695002244 ], [ -107.096361992305916, 68.750889009029649 ], [ -106.849638902936391, 68.795318186401559 ], [ -106.797976615717715, 68.818143091679772 ], [ -106.655246884814602, 68.816434599741498 ], [ -106.599630565906921, 68.845493388644499 ], [ -106.216298985518762, 68.917776905144578 ], [ -106.194614107964114, 68.94540031189463 ], [ -106.003222865435902, 68.913751493866897 ], [ -105.982056609193677, 68.893380489210614 ], [ -105.772162532311, 68.883947397519492 ], [ -105.713763468567961, 68.846154807161099 ], [ -105.516910993510763, 68.77801590060794 ], [ -105.43025919408241, 68.719178607320544 ], [ -105.524350534538101, 68.675346703600667 ], [ -105.415717964358578, 68.597238591109615 ], [ -105.356871717582905, 68.488586807039795 ], [ -105.522805207095843, 68.432686711274343 ], [ -105.325247123244012, 68.416743996573075 ], [ -105.330150469882327, 68.379795704642802 ], [ -105.133601797417896, 68.312648206332597 ], [ -105.08598349152733, 68.27745358777446 ], [ -104.969137976535592, 68.26518970585964 ], [ -104.96397253587142, 68.259216707275527 ], [ -104.948004001341644, 68.256079506398521 ], [ -104.938346166844639, 68.248818589540846 ], [ -104.910038057357085, 68.248434589165115 ], [ -104.914919303688308, 68.23814948730444 ], [ -104.631882377176481, 68.25905759140683 ], [ -104.559638524306195, 68.234431201410615 ], [ -104.645002718356679, 68.146768107447372 ], [ -104.573725936026065, 68.146602203927458 ], [ -104.545984977738371, 68.086087999512401 ], [ -104.475602476807751, 68.023309395966123 ], [ -104.292683281844532, 68.045371906929887 ], [ -104.207136972327461, 68.020174394000747 ], [ -103.980444586385275, 68.050346607081792 ], [ -103.865429016521404, 68.021127808619539 ], [ -103.572928508267779, 68.054451803844486 ], [ -103.49238599088406, 68.073720191918838 ], [ -103.525116809161887, 68.110179491198707 ], [ -103.487178779545246, 68.144869511268368 ], [ -103.388493899448648, 68.159417189784065 ], [ -103.355493898627955, 68.104797793040845 ], [ -103.369456525788621, 68.048749884910052 ], [ -103.334758535727417, 68.00270990275429 ], [ -103.202470722115265, 67.957754508275443 ], [ -103.091669823778048, 67.957290599301544 ], [ -103.071778898306135, 67.893912509838685 ], [ -102.942811006450924, 67.918941198615713 ], [ -102.836496792992548, 67.838028089983865 ], [ -102.750292495000267, 67.813301398272827 ], [ -102.423414973623636, 67.788889213260333 ], [ -102.362374599953171, 67.746256409606559 ], [ -102.236145787184896, 67.723917209118198 ], [ -102.108281765540625, 67.76336048880836 ], [ -102.052322773664599, 67.739733593143228 ], [ -101.918001808088491, 67.767336808490128 ], [ -101.712233724136709, 67.734522889404019 ], [ -101.562589364645859, 67.68263049731712 ], [ -101.416670816522938, 67.686573409633993 ], [ -101.257019520297831, 67.718341287263527 ], [ -101.058914293775175, 67.781148109750646 ], [ -100.978650563427465, 67.750200091274891 ], [ -100.886201226710824, 67.78800839104656 ], [ -100.795588519024861, 67.796115090336642 ], [ -100.64995090984651, 67.834573206699972 ], [ -100.505357409568276, 67.814540695824562 ], [ -100.397539190712763, 67.851031202065329 ], [ -100.228479370480741, 67.850639806829733 ], [ -100.119792973738853, 67.823389803682247 ], [ -99.92808610028483, 67.805246693587208 ], [ -99.475556510640928, 67.806580290440991 ], [ -99.29799326796126, 67.774397492651531 ], [ -99.220132816467284, 67.717787601326663 ], [ -98.889459607220402, 67.743147096651171 ], [ -98.781803418854935, 67.740562400220142 ], [ -98.64754250983728, 67.809237304154436 ], [ -98.610449682392726, 67.781443499392097 ], [ -98.325465397056135, 67.796110398203155 ], [ -98.418312896926835, 67.874586788711682 ], [ -98.524786504331388, 67.8718853039951 ], [ -98.700512490621705, 67.974944100574177 ], [ -98.730921387984552, 68.043075187614562 ], [ -98.697194305641176, 68.074414987957169 ], [ -98.508578231189176, 68.075390396735401 ], [ -98.4560967256471, 68.03263720724641 ], [ -98.197774625651888, 67.915645586142787 ], [ -98.182462992136323, 67.871802192669421 ], [ -98.100037678152972, 67.777983301109458 ], [ -97.957381088143947, 67.750950198482968 ], [ -97.941927805884049, 67.709860497362143 ], [ -97.800159190433661, 67.694162401368288 ], [ -97.707235080068244, 67.643661596942692 ], [ -97.609406890201768, 67.640044896181593 ], [ -97.530506895701578, 67.600633787376182 ], [ -97.337572514289533, 67.625955900257665 ], [ -97.234728073446206, 67.668314790330996 ], [ -97.163087611356744, 67.664296888108936 ], [ -97.097303663614611, 67.717163589515565 ], [ -97.184696421900597, 67.733355598865543 ], [ -97.084969802763808, 67.777478393461521 ], [ -97.130657320869261, 67.851552002949745 ], [ -97.277891413467756, 67.884654699252792 ], [ -97.351925187806231, 67.878882589791388 ], [ -97.430123269235963, 67.923444095057491 ], [ -97.65138132917177, 67.993729401409809 ], [ -97.792004028640378, 67.980359389678085 ], [ -98.038033104420407, 67.926244502416111 ], [ -98.02880719223171, 67.85147819402583 ], [ -98.082266601307069, 67.837627195384769 ], [ -98.176264870734897, 67.884578800942421 ], [ -98.172600275700205, 67.915408893506608 ], [ -98.387740315443125, 68.02712220383502 ], [ -98.433948622477317, 68.088990704127738 ], [ -98.269451729715797, 68.119503211012542 ], [ -98.288863803438105, 68.181587990987907 ], [ -98.394978029220198, 68.205480900040143 ], [ -98.646070980575445, 68.335999102041868 ], [ -98.677864891751724, 68.372645294992438 ], [ -98.590940594282387, 68.389601000490998 ], [ -98.462062916165621, 68.33782519882169 ], [ -98.430899420267124, 68.375367509513296 ], [ -98.328746509965043, 68.374868795461254 ], [ -98.162153975681704, 68.316717404089374 ], [ -98.001156973057093, 68.372529789641746 ], [ -97.926548805406455, 68.351461004502752 ], [ -97.851141198187193, 68.421051206742462 ], [ -97.975684374213586, 68.522240789974973 ], [ -97.844215975455626, 68.537571089963251 ], [ -97.305593332529128, 68.49771878688216 ], [ -97.197995228196916, 68.462421993717371 ], [ -97.152121091823119, 68.401397791130364 ], [ -96.96546847144063, 68.332750192140551 ], [ -97.048668081881999, 68.298649999711856 ], [ -96.893218498364064, 68.248275692580506 ], [ -96.663318510703689, 68.283195794682328 ], [ -96.608997126222718, 68.237466703053428 ], [ -96.46945401777316, 68.288110493253527 ], [ -96.43275417285912, 68.269322004668837 ], [ -96.465606934040608, 68.205876396601653 ], [ -96.565121620426297, 68.132645596601478 ], [ -96.752206727577359, 68.084502086262475 ], [ -96.755250398726304, 68.037082109943483 ], [ -96.64637922740846, 68.023006686429611 ], [ -96.529378631951829, 68.066677687395128 ], [ -96.419161617761858, 68.156457309426159 ], [ -96.292855489543257, 68.19795868823887 ], [ -95.922196873485902, 68.263332092991263 ], [ -96.034842003125689, 68.182931006282601 ], [ -95.993888621420609, 68.113760301564056 ], [ -96.096558078998456, 67.989840111354184 ], [ -96.137039912395522, 67.886282004324826 ], [ -96.189011724040071, 67.809536601278111 ], [ -96.123419515492515, 67.698132208068174 ], [ -96.142283412055619, 67.619531808576582 ], [ -96.226530191811847, 67.632618295482615 ], [ -96.473540983090345, 67.535952702387007 ], [ -96.362930495195087, 67.454976303478006 ], [ -96.209720072403613, 67.431395304670119 ], [ -96.055588983589715, 67.4345647084521 ], [ -96.227652935947447, 67.280150805985727 ], [ -96.142969012184494, 67.262009205961064 ], [ -96.091166579548883, 67.222843210393464 ], [ -95.771897932600908, 67.335141687949871 ], [ -95.524118714521478, 67.326815200240759 ], [ -95.717280707839578, 67.222085792580643 ], [ -95.584809478593712, 67.204895103016568 ], [ -95.528539376212493, 67.226441405337908 ], [ -95.394006130028771, 67.170105708269261 ], [ -95.314814400347885, 67.166767089402612 ], [ -95.2171057095142, 67.234528607565011 ], [ -95.235755529787852, 67.264769703598191 ], [ -95.135511978683709, 67.295758105317432 ], [ -95.289039818961996, 67.341765094639968 ], [ -95.379469287505913, 67.465418487458734 ], [ -95.284397800881962, 67.515599796287276 ], [ -95.315906485826829, 67.56454308809974 ], [ -95.436121398530346, 67.638547408671073 ], [ -95.555686993829241, 67.681841502175473 ], [ -95.676541111199782, 67.706248487056698 ], [ -95.688795227975817, 67.747204585561207 ], [ -95.557324826132842, 67.800289404655132 ], [ -95.488639376029255, 67.863635804980802 ], [ -95.477900407814701, 67.954701405873791 ], [ -95.396067523464069, 68.016223290581692 ], [ -95.436702797298864, 68.063321512450074 ], [ -95.253837506223903, 68.072984109543142 ], [ -95.171441801726516, 68.059781987089579 ], [ -95.079972191154894, 68.092742591710277 ], [ -94.982913911882136, 68.044227796608766 ], [ -94.829872197282782, 68.031880604191187 ], [ -94.726500180309216, 68.050485994406728 ], [ -94.65105931925595, 68.11269290562619 ], [ -94.532452432111384, 68.15997889845147 ], [ -94.159903165289563, 68.278033912725718 ], [ -94.194231808681991, 68.363549891504178 ], [ -93.997589090347972, 68.460617912201045 ], [ -93.788444377196171, 68.490665992794177 ], [ -93.631789477283291, 68.525958509729932 ], [ -93.509280476800271, 68.60191219308031 ], [ -93.61528830792443, 68.633356506493143 ], [ -93.713407422076813, 68.625495507360313 ], [ -93.704015721341449, 68.682750911458783 ], [ -93.564029391872268, 68.854686995511443 ], [ -93.618837367162755, 68.877727194934423 ], [ -93.637037106950828, 68.979160796945024 ], [ -93.830522796169802, 68.966278191150707 ], [ -93.950283570753655, 68.945943794208134 ], [ -94.058277829671724, 68.896390409474122 ], [ -94.033954632736226, 68.844258995400565 ], [ -93.894479301624301, 68.841106491472942 ], [ -94.048265808544059, 68.774735711851747 ], [ -94.204325015702352, 68.744733910749417 ], [ -94.251474084195991, 68.761266499145194 ], [ -94.393819027400454, 68.722492710201777 ], [ -94.587160493279853, 68.770793093807967 ], [ -94.537785790094318, 68.856274111262806 ], [ -94.548485930499268, 68.943036288310566 ], [ -94.407528886308057, 68.948886310654714 ], [ -94.305424370282594, 69.03882280836126 ], [ -94.188093880559862, 69.035598094421502 ], [ -94.159481893724902, 69.087207090657742 ], [ -94.295620907060808, 69.165243386720519 ], [ -94.243487377790743, 69.269552692003543 ], [ -94.276566379226892, 69.297529311423858 ], [ -94.218452116930479, 69.335522004627407 ], [ -93.968613525206081, 69.364515806928992 ], [ -93.851889365996087, 69.343467307234775 ], [ -93.66405537920545, 69.419226096494171 ], [ -93.577517398346188, 69.407772901777861 ], [ -93.653102093862842, 69.354643589893286 ], [ -93.770003228504251, 69.316439191693675 ], [ -93.858848282714092, 69.263503906029726 ], [ -93.849811498894255, 69.177770506863155 ], [ -93.739459807628819, 69.198546293376907 ], [ -93.615980266975782, 69.252362595976152 ], [ -93.538639725338797, 69.305589804299004 ], [ -93.457952720879064, 69.318566801824062 ], [ -93.413602174084232, 69.354720692224078 ], [ -93.321013025216601, 69.387592691653722 ], [ -93.215259475128477, 69.393983304993952 ], [ -93.259700526184304, 69.296869611681132 ], [ -93.225535517266266, 69.25699511138636 ], [ -93.26462367161713, 69.201637500828014 ], [ -93.236512803291319, 69.16085729732184 ], [ -93.131119984044687, 69.151234005745778 ], [ -93.214083776136619, 69.088230989051155 ], [ -93.083892823768934, 69.095125695187207 ], [ -92.990956970561314, 69.240709210707607 ], [ -92.990838523436295, 69.271491703087449 ], [ -92.769302099758292, 69.394900604943388 ], [ -93.169662636546178, 69.427486088386047 ], [ -93.276522919310267, 69.395048286495395 ], [ -93.386345486603176, 69.378407498786117 ], [ -93.446090580117129, 69.355583990574843 ], [ -93.503266316652201, 69.354216706690508 ], [ -93.538858328005105, 69.387608904907793 ], [ -93.45192302313076, 69.450373301161136 ], [ -93.456976183279835, 69.502830099658127 ], [ -93.586875193123717, 69.538847391542021 ], [ -93.693091013719339, 69.521238103452262 ], [ -93.757866333010568, 69.479027698747018 ], [ -93.910216529831089, 69.436917601711599 ], [ -94.28429147552086, 69.444989403051736 ], [ -94.357331891392391, 69.498935212569208 ], [ -94.490892478382776, 69.561621294140053 ], [ -94.541893015913644, 69.627471589803946 ], [ -94.617938210106388, 69.676678302188591 ], [ -94.777330006732782, 69.666607602739717 ], [ -94.710634125310719, 69.604937907249763 ], [ -94.801435209698539, 69.563532089363548 ], [ -95.011694612225341, 69.61439789586143 ], [ -95.388473594822273, 69.683005101044714 ], [ -95.727733231648386, 69.790843301014831 ], [ -95.943514191875735, 69.787222491960421 ], [ -96.070041609303132, 69.84353799457277 ], [ -96.173115492942003, 69.860768993902198 ], [ -96.058239706998421, 69.905804904227224 ], [ -96.052715070582579, 69.946099005475162 ], [ -96.280792364840792, 69.985375699030598 ], [ -96.475897687104677, 70.093297202324024 ], [ -96.549153676858495, 70.241743090213291 ], [ -96.531831309707272, 70.331268411291092 ], [ -96.445657183686109, 70.398445395643307 ], [ -96.3131026121887, 70.412496891658449 ], [ -96.293766822252877, 70.497451102596401 ], [ -96.146750320712769, 70.615590693273674 ], [ -96.337656829270628, 70.672134097031588 ], [ -96.42457509993244, 70.742875704770697 ], [ -96.572896171531141, 70.782136586730999 ], [ -96.580462582477921, 70.857292010597646 ], [ -96.518461482709625, 70.902210789095861 ], [ -96.448213199432644, 71.043425588906302 ], [ -96.364313622562875, 71.062967408447946 ], [ -96.528869694127195, 71.134006890936746 ], [ -96.397967436890497, 71.169868611123775 ], [ -96.412297687926255, 71.23825639468771 ], [ -96.468636705797309, 71.266487894914917 ], [ -96.354423262731359, 71.298105709328738 ], [ -96.254135912417382, 71.297069200211624 ], [ -96.177303309741276, 71.394283989176671 ], [ -96.037341719307449, 71.42086539117166 ], [ -95.885198109586497, 71.408188894170053 ], [ -95.8001186274943, 71.337231098187956 ], [ -95.639021037343497, 71.28695079088159 ], [ -95.491774616811284, 71.32477618996954 ], [ -95.438358498520799, 71.388591212299701 ], [ -95.545869915384486, 71.422769797382784 ], [ -95.506544737877761, 71.491935289449032 ], [ -95.824339442281826, 71.511909707648911 ], [ -95.915529931298664, 71.572281610898656 ], [ -95.832297076968672, 71.629231792486834 ], [ -95.676504102249325, 71.638937890499477 ], [ -95.62933151801144, 71.676589001725972 ], [ -95.441047370726963, 71.735661301385079 ], [ -95.241700119580543, 71.737581008902765 ], [ -95.284184921638783, 71.76192840671051 ], [ -95.23195907676913, 71.808935995016554 ], [ -95.159251218668487, 71.958960609851701 ], [ -94.682001965279568, 72.000000002674071 ], [ -94.521145213177519, 71.999266986691154 ], [ -94.372408839134764, 71.933819608091724 ], [ -94.469427163903902, 71.823473606409877 ], [ -94.328328167199999, 71.808655995720812 ], [ -94.381922284948473, 71.755234805199379 ], [ -94.23095562220027, 71.752182589337451 ], [ -94.152042323992603, 71.801762901930701 ], [ -93.899777366905212, 71.745648195074864 ], [ -93.76662339308983, 71.776459209175968 ], [ -93.673634329687246, 71.758702210488707 ], [ -93.669055724583288, 71.72176221049034 ], [ -93.787598012274287, 71.657911509796733 ], [ -93.675186103438563, 71.62323508906762 ], [ -93.615808391230757, 71.579277397407949 ], [ -93.427194214294332, 71.538365398830237 ], [ -93.182323288993061, 71.45990149075169 ], [ -93.123402566839559, 71.381595812225385 ], [ -92.952383319822005, 71.35032418781384 ], [ -92.932009402169442, 71.231269394192807 ], [ -92.840016814381841, 71.166019107283262 ], [ -92.878738283343097, 71.078761990686488 ], [ -92.844815837396339, 71.051773790900228 ], [ -92.887740182601206, 70.982807909830484 ], [ -92.897941886293069, 70.905502502254166 ], [ -92.863969100369047, 70.876858894046251 ], [ -92.94369940175109, 70.828159891847889 ], [ -92.764053726823278, 70.814438203158858 ], [ -92.671755316747408, 70.781263407625715 ], [ -92.624360886010123, 70.718710902628786 ], [ -92.648867769459017, 70.692762498585793 ], [ -92.404012397407556, 70.668014188099193 ], [ -92.14884379749077, 70.601149108619637 ], [ -92.249685664937999, 70.583248105566312 ], [ -92.210911893410383, 70.494029103000415 ], [ -92.116819407763856, 70.478492406341147 ], [ -92.032986094023101, 70.427971297471345 ], [ -92.028855515345114, 70.341304289590781 ], [ -91.903451097807633, 70.315873891464619 ], [ -91.880754579003778, 70.372025800742946 ], [ -91.715984693745, 70.36677849627894 ], [ -91.679721196566234, 70.253572308504118 ], [ -91.526729075060615, 70.195344899639878 ], [ -91.506427734945319, 70.154947189684748 ], [ -91.931241325636478, 70.123152197145359 ], [ -92.047762189734911, 70.131527697523225 ], [ -92.106266462428522, 70.169289810793913 ], [ -92.258829577254048, 70.204717711032814 ], [ -92.343604397325862, 70.186230698761264 ], [ -92.427082238035311, 70.137584804048657 ], [ -92.447947918821342, 70.081172597475955 ], [ -92.171344895691718, 70.098348589938709 ], [ -91.97347801352214, 70.059473396856575 ], [ -91.943467991096057, 70.019407303558253 ], [ -92.160563389167919, 69.943618701946079 ], [ -92.267883762288392, 69.875901110331455 ], [ -92.382817979318602, 69.837075987576839 ], [ -92.547810985215946, 69.809784295280224 ], [ -92.662585602517652, 69.748342911171548 ], [ -92.628585915149046, 69.680524397330657 ], [ -92.475303277115074, 69.701587704834751 ], [ -92.325678219145999, 69.656903194268338 ], [ -92.213132892768968, 69.653581511112989 ], [ -92.237247303652978, 69.61289210893041 ], [ -92.144995163327224, 69.574822191226502 ], [ -91.932659971120543, 69.519642499639346 ], [ -91.7853169796971, 69.505331796661125 ], [ -91.709047809611718, 69.553127406977708 ], [ -91.583361631594201, 69.570542602249589 ], [ -91.559776770894246, 69.62585118673735 ], [ -91.44196676389825, 69.660855302289661 ], [ -91.27070003207966, 69.657318599869868 ], [ -91.218884012671097, 69.613421095323531 ], [ -91.266454069384835, 69.57656561219838 ], [ -91.178999079921653, 69.558115611330223 ], [ -91.144695615135106, 69.516991901983388 ], [ -90.997848526645441, 69.531694488409116 ], [ -90.787437031418762, 69.485178402482376 ], [ -90.687139281735227, 69.548202698533473 ], [ -90.408150820581298, 69.488202205903505 ], [ -90.498893392504883, 69.430769107434884 ], [ -90.609116834737804, 69.419741406452331 ], [ -90.756821992588613, 69.377025501480631 ], [ -90.830658616492741, 69.333626787325855 ], [ -90.810834408848635, 69.257204486149661 ], [ -90.872563992035367, 69.249260596133709 ], [ -91.044919515307626, 69.270006498191009 ], [ -91.119195165633528, 69.251146590318911 ], [ -90.895174405918027, 69.163033107156394 ], [ -90.646764606152928, 69.08358279237666 ], [ -90.680923667050962, 68.996839508036786 ], [ -90.602303910048192, 68.997489894713539 ], [ -90.575291135286363, 68.927257103629231 ], [ -90.456241712161287, 68.898179086466328 ], [ -90.441546579223314, 68.790859906499989 ], [ -90.521456364731918, 68.739705688631005 ], [ -90.468726784660149, 68.689064000610372 ], [ -90.510907023650859, 68.640008686599344 ], [ -90.468409115628873, 68.595236299860829 ], [ -90.513635821454898, 68.55646158874805 ], [ -90.478986123251815, 68.511626390240053 ], [ -90.595056494870335, 68.450606688240569 ], [ -90.526917228039395, 68.415417203157077 ], [ -90.290206382215416, 68.378447998462065 ], [ -90.319155433103276, 68.308387299398277 ], [ -90.219987178624393, 68.240023405223297 ], [ -90.100999328704091, 68.252792698942571 ], [ -90.13147721143865, 68.306143708395282 ], [ -90.061456824477915, 68.323431609758117 ], [ -89.975098212362084, 68.382793111151273 ], [ -89.979160033434141, 68.445725812957392 ], [ -89.830306716247819, 68.533690888806106 ], [ -89.912630023020299, 68.556578903436858 ], [ -89.937567799051735, 68.622615503362539 ], [ -89.817064490526505, 68.699434602788159 ], [ -89.717708872709522, 68.709276298037267 ], [ -89.672788179914633, 68.816797697983958 ], [ -89.716967429747783, 68.838719606653072 ], [ -89.753547825399068, 68.955240602887741 ], [ -89.629563414929748, 69.061137290333306 ], [ -89.499003829972594, 69.103638504378978 ], [ -89.387215899406939, 69.193270798699572 ], [ -89.376926970293724, 69.226297998874088 ], [ -89.264378726248907, 69.264721388239494 ], [ -89.119688912710089, 69.276507301741987 ], [ -88.957796296861389, 69.241717396494963 ], [ -88.860964694404757, 69.150306691550341 ], [ -88.776275606667014, 69.095875302101078 ], [ -88.480302082071375, 68.993338096614593 ], [ -88.228627225831104, 68.923012901384183 ], [ -88.046555022037765, 68.817308211397886 ], [ -87.931746396966389, 68.729615308000291 ], [ -87.905482093248224, 68.657329295869573 ], [ -87.941239924831947, 68.59446308803274 ], [ -87.774322516084084, 68.402312511308125 ], [ -87.785148516465995, 68.318815694246737 ], [ -87.837774932913561, 68.246790302249977 ], [ -87.911782074017026, 68.21556199902308 ], [ -88.182554427186574, 68.254004495982983 ], [ -88.175384389199621, 68.353622594255199 ], [ -88.384639969101571, 68.281996800103414 ], [ -88.269819026435115, 68.154750205198326 ], [ -88.274935571251632, 68.103572111744114 ], [ -88.392168374183115, 67.984697501355186 ], [ -88.178319435225049, 67.754218890944728 ], [ -88.112192818756114, 67.735853089503053 ], [ -88.119206067337217, 67.676306809803521 ], [ -87.908933908255477, 67.608518700330364 ], [ -87.745322214387301, 67.49984900228425 ], [ -87.647755367982953, 67.457100296085684 ], [ -87.544455725361388, 67.376795991760773 ], [ -87.465339703228821, 67.364679701686384 ], [ -87.44424252039893, 67.300149503646182 ], [ -87.336380804916502, 67.265435092672504 ], [ -87.371495287713785, 67.227287289436845 ], [ -87.302450687116604, 67.183405902079784 ], [ -87.213913032194242, 67.22639329154444 ], [ -87.066824826417303, 67.215003705229492 ], [ -86.988723278560187, 67.30134410912072 ], [ -87.073607809943766, 67.327690396707993 ], [ -86.885835090346617, 67.376817408353006 ], [ -86.855658026919301, 67.411096293716227 ], [ -86.744833577753099, 67.423237910394135 ], [ -86.660757122600216, 67.374447392224525 ], [ -86.493321866909739, 67.364834000865613 ], [ -86.527570932109256, 67.433788987654793 ], [ -86.476021706276697, 67.453228805424601 ], [ -86.476917608635972, 67.555109099756237 ], [ -86.430730031760845, 67.587112401216572 ], [ -86.509846588914471, 67.685814492262068 ], [ -86.405112282806243, 67.783803295653442 ], [ -86.233790674182231, 67.893534093123662 ], [ -86.168118020687544, 67.911596794459371 ], [ -86.070440303708438, 67.979330601634487 ], [ -85.929919298107379, 68.016396608188842 ], [ -85.868461283367978, 68.060710306801838 ], [ -85.891187203739591, 68.100362707215666 ], [ -85.844615690236751, 68.235878304034259 ], [ -85.767703597082374, 68.303485305223262 ], [ -85.749229694722999, 68.367401203705626 ], [ -85.700001530731555, 68.403270603577212 ], [ -85.725486235341833, 68.440387905727817 ], [ -85.68919583303915, 68.487676905090083 ], [ -85.717865895396429, 68.627550796343016 ], [ -85.614563227354466, 68.740740801623147 ], [ -85.541579873403194, 68.726805897297353 ], [ -85.410802912774614, 68.783046599776583 ], [ -85.272750399595893, 68.75890509720476 ], [ -85.117350963319296, 68.750000011168893 ], [ -84.949766069642919, 68.757864405935479 ], [ -84.770683864551089, 68.738307008674639 ], [ -84.725656667373201, 68.768625300344354 ], [ -84.853414520693335, 68.824477906304665 ], [ -85.002868893535549, 68.806837009127293 ], [ -85.151031193858472, 68.824520697570861 ], [ -85.165957985236886, 68.871764789618652 ], [ -84.992192828022965, 68.876414010664462 ], [ -85.064873732512709, 68.961956206426052 ], [ -84.910487621342583, 68.979967610245609 ], [ -84.887636489830356, 69.011229191574458 ], [ -84.746673134855868, 69.02918488722969 ], [ -84.740223781507524, 69.08066781105768 ], [ -84.858656129878653, 69.072238693133514 ], [ -84.970699568944099, 69.121549707881627 ], [ -85.080955708737818, 69.112595507114946 ], [ -85.291174007736259, 69.14503280820766 ], [ -85.313317979090669, 69.187191493451735 ], [ -85.449691297128666, 69.259764110148382 ], [ -85.486521189996381, 69.322826401937192 ], [ -85.477937262711052, 69.442820804458165 ], [ -85.516988434885278, 69.520343098967061 ], [ -85.469484314284685, 69.564428404926815 ], [ -85.382891788216369, 69.576429510659764 ], [ -85.525117787240774, 69.645499894147449 ], [ -85.501463107414921, 69.68977709102667 ], [ -85.411607063977172, 69.730345704398943 ], [ -85.463408212977527, 69.768043889020944 ], [ -85.376422703711185, 69.827445087139864 ], [ -85.573473474253007, 69.817854685055522 ], [ -85.555535081811428, 69.853353595985652 ], [ -85.378236028507018, 69.852701996878352 ], [ -85.077935792062121, 69.778964603048522 ], [ -84.988306298610368, 69.803892596489106 ], [ -84.702195811164302, 69.835666694182834 ], [ -84.547738583346231, 69.864156103693503 ], [ -84.313462081113968, 69.851211893718258 ], [ -84.09958491019411, 69.811948592233833 ], [ -84.050612501411933, 69.761866501313889 ], [ -83.810093493761229, 69.732568586856161 ], [ -83.54711298380991, 69.685362199538289 ], [ -83.328466799523994, 69.678600309821576 ], [ -83.279471164210108, 69.706995607313431 ], [ -83.112121502935366, 69.691863701884813 ], [ -82.953831437004666, 69.70172419185964 ], [ -82.823716893713069, 69.686426092390008 ], [ -82.562121527009822, 69.687746592448349 ], [ -82.585437715988746, 69.652513300429931 ], [ -82.522198416270442, 69.596553807012839 ], [ -82.512537770906803, 69.545133800716997 ], [ -82.6390867057343, 69.478912404240191 ], [ -82.26888377014977, 69.404946585281394 ], [ -82.29871383486244, 69.366981604109611 ], [ -82.11812710657037, 69.29161328896042 ], [ -82.251704868288471, 69.246706793493303 ], [ -82.170676575286862, 69.23045240779669 ], [ -82.018852474940246, 69.242208999496739 ], [ -82.002773588645155, 69.27231830687488 ], [ -81.756202214020419, 69.259097901682551 ], [ -81.665358470956392, 69.265395096142385 ], [ -81.490875717957806, 69.206133003036285 ], [ -81.381356790045757, 69.210957294033008 ], [ -81.311023961479734, 69.189067399565133 ], [ -81.307176500308927, 69.09795909343913 ], [ -81.455758027592651, 69.071330706519703 ], [ -81.519921818677446, 69.004271399332822 ], [ -81.651178604215772, 68.961299707541727 ], [ -81.853440264684622, 68.912633210528682 ], [ -81.609833019725912, 68.901452913385526 ], [ -81.48088911719006, 68.862880598809909 ], [ -81.305690765544981, 68.853950499029935 ], [ -81.20635350871747, 68.773482911308975 ], [ -81.247960434878479, 68.750942398490949 ], [ -81.236575697942129, 68.638993705391584 ], [ -81.346200293997612, 68.589314703689439 ], [ -81.555044897385201, 68.535505004513439 ], [ -81.592772287842877, 68.514071990664533 ], [ -81.718744802624499, 68.530190009648578 ], [ -81.783803609282373, 68.46256079035571 ], [ -81.907321592226921, 68.436669606040056 ], [ -81.999999984371925, 68.440732000465928 ], [ -82.061756681474648, 68.506832097041539 ], [ -82.158479874018028, 68.51993569077608 ], [ -82.28681268999587, 68.56876910730017 ], [ -82.194607593095313, 68.634930199617784 ], [ -82.086782827055529, 68.597841313859433 ], [ -81.999999992911398, 68.665301994643528 ], [ -81.983782287610012, 68.712113993131936 ], [ -82.03347749894408, 68.804205407500007 ], [ -82.195032998135005, 68.82588971050501 ], [ -82.280968292375746, 68.913466692317797 ], [ -82.337152602449436, 68.857739195586703 ], [ -82.271767609792676, 68.836432408619899 ], [ -82.187931009005609, 68.771436395107045 ], [ -82.239613694266339, 68.729981897308846 ], [ -82.502141320248583, 68.712094106382239 ], [ -82.626977500094739, 68.761810994153635 ], [ -82.686116229813834, 68.695520005089506 ], [ -82.67572582939944, 68.608010404476573 ], [ -82.466289700344689, 68.615143507531599 ], [ -82.296053069878297, 68.573498401831714 ], [ -82.173595704390777, 68.495045907715991 ], [ -82.256195168338238, 68.455405404013106 ], [ -82.452982111868565, 68.478784399420817 ], [ -82.485598418691737, 68.440450490712578 ], [ -82.644438520160918, 68.443388899378704 ], [ -82.626079499498289, 68.398944587846401 ], [ -82.468587209354638, 68.40447351206798 ], [ -82.34596928508897, 68.361276890534427 ], [ -82.121573594853857, 68.373146699363815 ], [ -81.998390132529167, 68.331961808082596 ], [ -82.087555693283107, 68.304151607014461 ], [ -82.143502118331384, 68.334153811102283 ], [ -82.411077287235557, 68.3173058856881 ], [ -82.390095683959942, 68.275942996572297 ], [ -82.249122474270635, 68.272466706875093 ], [ -82.310277679777812, 68.148666690582104 ], [ -82.104934730789893, 68.09674499182637 ], [ -82.104704179254469, 68.040020793926132 ], [ -82.175364186811422, 68.005461892637598 ], [ -82.106241779412471, 67.967507290819654 ], [ -82.083030897865839, 67.908484987052717 ], [ -81.95289821753515, 67.856469509732435 ], [ -81.916096431006181, 67.818955296102629 ], [ -81.826823172617623, 67.806231499674908 ], [ -81.812957700764485, 67.769051189312691 ], [ -81.618023727895803, 67.708583204907441 ], [ -81.570490802181311, 67.65443851178847 ], [ -81.370338398860071, 67.593612711785369 ], [ -81.196370135179166, 67.461967695809008 ], [ -81.329846009613163, 67.302221210422545 ], [ -81.344785021556476, 67.168800110053979 ], [ -81.399927015306019, 67.109609000163417 ], [ -81.460085689990052, 66.994509611078129 ], [ -81.564127311266034, 67.009705496455894 ], [ -81.714122876201799, 66.966203599664937 ], [ -81.787538990640996, 66.99540330614991 ], [ -81.911737105279101, 66.969757005135165 ], [ -82.026289505761611, 66.909996688633044 ], [ -82.023344990537566, 66.879329286082609 ], [ -82.157027877202609, 66.777527787194572 ], [ -82.14023796810946, 66.701715994124143 ], [ -82.302255991628186, 66.724968404623354 ], [ -82.425559306397247, 66.6895285967218 ], [ -82.434402127175559, 66.657432088407717 ], [ -82.538963391272603, 66.629790294411606 ], [ -82.569539794283571, 66.568979892576763 ], [ -82.680354171618006, 66.554200005362461 ], [ -82.862539818523757, 66.565808189420366 ], [ -82.985428475029622, 66.548165003823669 ], [ -82.990784927847045, 66.488293394394091 ], [ -83.093916730545587, 66.440680994098329 ], [ -83.336534234196321, 66.356181491960328 ], [ -83.543121275324836, 66.338543299113937 ], [ -83.574454989810718, 66.397220604528371 ], [ -83.496277370651427, 66.407399904852284 ], [ -83.618162688300288, 66.472525990662291 ], [ -83.656342714114402, 66.520905906865806 ], [ -83.813104279370364, 66.542889404056098 ], [ -83.930298621919874, 66.577812293879362 ], [ -83.975189106941329, 66.614535801233814 ], [ -83.984194974604847, 66.697478509053553 ], [ -83.923946678736144, 66.709262592523217 ], [ -83.99643777153068, 66.772969588846493 ], [ -84.104463308370811, 66.699891592731205 ], [ -84.269866215767578, 66.715687101405848 ], [ -84.310951125932675, 66.751630509897026 ], [ -84.2437005274613, 66.781051887751445 ], [ -84.259744099026577, 66.788834410645606 ], [ -84.401983397100821, 66.802935590042367 ], [ -84.435029726743124, 66.851237597346099 ], [ -84.371405413550519, 66.867585405339511 ], [ -84.437838790266468, 66.935419396589722 ], [ -84.53265880468382, 66.980142201029153 ], [ -84.747265924933231, 66.975261297288782 ], [ -84.911841916245265, 66.958667805107055 ], [ -85.026971579197081, 66.962584708334035 ], [ -85.167662527968915, 66.861633504305388 ], [ -85.030661003365651, 66.836477086283708 ], [ -84.871126892633256, 66.887809794997565 ], [ -84.862133512022865, 66.94355771192825 ], [ -84.690119775142264, 66.954780499199614 ], [ -84.560616721898072, 66.93068518750232 ], [ -84.642960174276467, 66.881425094201006 ], [ -84.510535478255164, 66.845559511329597 ], [ -84.425023825483365, 66.785760208912023 ], [ -84.302120168108232, 66.783552601017007 ], [ -84.285941104623362, 66.768239210160871 ], [ -84.411969201174074, 66.720831110136686 ], [ -84.357241814226498, 66.705430992194707 ], [ -84.104415294058597, 66.681243912394905 ], [ -84.144074180418968, 66.619391192632349 ], [ -84.142676788119957, 66.566354998750356 ], [ -84.050917981531654, 66.539138686950011 ], [ -83.883178500611265, 66.450298810897337 ], [ -83.828362428242485, 66.313641390706181 ], [ -83.661062774418781, 66.216502699425746 ], [ -83.668466906309973, 66.180546786520054 ], [ -83.952313919991468, 66.194968412789038 ], [ -84.007301474925839, 66.232904100264435 ], [ -84.11844207493121, 66.262558598614518 ], [ -84.155751667790256, 66.309267205196576 ], [ -84.363397592359064, 66.289180498752629 ], [ -84.395141182078049, 66.354346706796917 ], [ -84.485208389161613, 66.404882193964681 ], [ -84.620095112599842, 66.337994394244149 ], [ -84.539798273373435, 66.310171711135069 ], [ -84.359300809868259, 66.219054910929856 ], [ -84.350017527855258, 66.167725104882933 ], [ -84.447767478279374, 66.159293507988892 ], [ -84.52789787096593, 66.200791707246481 ], [ -84.628543309187734, 66.224995696421956 ], [ -84.765379991852512, 66.217638005294091 ], [ -84.862160522140258, 66.256888512537614 ], [ -84.927555991933048, 66.231537605924416 ], [ -85.006122205019267, 66.276059195124319 ], [ -85.082321425267807, 66.290147703436517 ], [ -85.157483510567531, 66.269483207756409 ], [ -85.253514495703243, 66.284532803770148 ], [ -85.314545065860102, 66.4385180100615 ], [ -85.322068909258419, 66.492795195723744 ], [ -85.447866674742997, 66.585303204984484 ], [ -85.588920482825898, 66.564612196417187 ], [ -85.651651788695162, 66.538041001941721 ], [ -85.831895179130768, 66.502554496623361 ], [ -85.875740798170511, 66.519049486388468 ], [ -86.068870424593001, 66.495880909174844 ], [ -86.160631630258095, 66.515095797946628 ], [ -86.390432222742334, 66.517933689218751 ], [ -86.528165419252417, 66.54718429011966 ], [ -86.577471202537424, 66.511010696806451 ], [ -86.715547495871164, 66.534329191410606 ], [ -86.772951916759467, 66.429418990059517 ], [ -86.584316678342603, 66.30670109050601 ], [ -86.318142280272099, 66.286563787232978 ], [ -86.083237619108061, 66.233079291315903 ], [ -86.044938087488433, 66.209427811122055 ], [ -85.900118013419572, 66.197137410675637 ], [ -85.879495383080197, 66.158581206065136 ], [ -85.994342068108224, 66.100155506947999 ], [ -85.95910757905915, 66.032612811203123 ], [ -86.190005006597815, 65.975641001307807 ], [ -86.238582883998106, 65.930663485359005 ], [ -86.403555769255604, 65.900613790954154 ], [ -86.453053386394856, 65.834950087136292 ], [ -86.442735914412239, 65.780907287205821 ], [ -86.52558741601419, 65.685840111237141 ], [ -86.680395815216372, 65.64463228707676 ], [ -86.691057702943723, 65.607647605740411 ], [ -86.968811681405981, 65.524744186374193 ], [ -87.008915628518977, 65.478960695286602 ], [ -87.102510725580416, 65.450362089031188 ], [ -87.125295813504309, 65.405508310059048 ], [ -87.199468807153067, 65.358320396455639 ], [ -87.368520803929229, 65.325313309110683 ], [ -87.872843596905284, 65.324259895673777 ], [ -88.009015214796946, 65.342783292857533 ], [ -88.102801496060678, 65.385708006253083 ], [ -88.21572591396658, 65.402605510028692 ], [ -88.247981079581322, 65.447824407431952 ], [ -88.338661918102432, 65.482516207241687 ], [ -88.419459579015609, 65.54094080458367 ], [ -88.675310727708407, 65.607929508129288 ], [ -88.793753678317941, 65.648721501740368 ], [ -88.677376799853519, 65.664226190781037 ], [ -88.830752510894797, 65.700610710794777 ], [ -88.912911977347505, 65.685124096599623 ], [ -89.043274802951046, 65.714423608922729 ], [ -89.353239717133675, 65.851847707211093 ], [ -89.49955899805181, 65.884325909331409 ], [ -89.63159611632895, 65.931452801372089 ], [ -89.742708387030007, 65.93133519912594 ], [ -89.815246130979702, 65.835130295929901 ], [ -89.879362178560115, 65.867646296744809 ], [ -90.033952120906307, 65.894182692196139 ], [ -90.153873488744239, 65.868555291896683 ], [ -90.304490122845039, 65.857795303444746 ], [ -90.111714378784299, 65.817316407942698 ], [ -90.01459142693308, 65.810860611691396 ], [ -89.809443600327015, 65.743385987735877 ], [ -89.626519485316024, 65.693019706311404 ], [ -89.56428782014514, 65.636358704665355 ], [ -89.427877214405882, 65.599450397568589 ], [ -89.434655110271748, 65.562624797656994 ], [ -89.339599689822833, 65.489173992423062 ], [ -89.170559510859988, 65.442494509712162 ], [ -89.133271093878335, 65.381977088254843 ], [ -89.034253908739743, 65.3228458902597 ], [ -88.605801228419836, 65.315676196790164 ], [ -88.570398721775831, 65.299647101453942 ], [ -88.305474092453721, 65.281155999730757 ], [ -88.090892408213975, 65.279326800479552 ], [ -87.553269105982736, 65.292344300652218 ], [ -87.234891895600583, 65.263172089587343 ], [ -87.06926412854753, 65.240441899167138 ], [ -86.923936421887973, 65.13959918862021 ], [ -87.00215628436527, 65.085625702940234 ], [ -86.970939482568085, 65.052999009755837 ], [ -87.058674019716833, 65.023848711179411 ], [ -87.05162568471799, 64.961023807622723 ], [ -87.173502586537793, 64.935197793033097 ], [ -87.308634071303103, 64.789131502345811 ], [ -87.290641969304701, 64.756863706140678 ], [ -87.466834884914888, 64.710333901705482 ], [ -87.556305766672466, 64.601170210698683 ], [ -87.551510004965905, 64.568470990679089 ], [ -87.674400105000529, 64.527617610552539 ], [ -87.768562613863011, 64.519482098604257 ], [ -87.854695902568096, 64.457304610669198 ], [ -87.851091906122235, 64.372424210202965 ], [ -87.908942882195859, 64.330196404027234 ], [ -88.00436960109954, 64.295477110035563 ], [ -88.048106612702099, 64.251919993037461 ], [ -88.051574284370986, 64.182747888872157 ], [ -88.267674801055918, 64.142607409315161 ], [ -88.310242485050011, 64.112215497353972 ], [ -88.489821894780349, 64.102986499828305 ], [ -88.44078479076633, 64.075156800303105 ], [ -88.57520380715269, 64.027603388818321 ], [ -88.753094989302298, 63.982726301304048 ], [ -88.976389317641988, 64.007503700543822 ], [ -89.044518099135161, 64.030299297032585 ], [ -89.140523088398766, 64.024899608919796 ], [ -89.093406913353533, 63.965979293600114 ], [ -89.29541430871862, 63.979259904105611 ], [ -89.37860142309421, 64.038860993929035 ], [ -89.547060503886726, 64.0181213037323 ], [ -89.794362992275722, 64.096712086528228 ], [ -89.795823982167605, 64.136017110270174 ], [ -89.967667620820734, 64.157458994247804 ], [ -90.091575077642133, 64.136830808420669 ], [ -90.057426226705843, 64.112415390916439 ], [ -89.947031375024906, 64.128117206475324 ], [ -89.873699615092391, 64.060724095492972 ], [ -89.824464315807447, 63.921138412241312 ], [ -89.913806582437019, 63.927009387196641 ], [ -89.9906361180402, 63.959632098107669 ], [ -90.109925609965515, 63.952064302810705 ], [ -90.112269307602176, 63.902038586761115 ], [ -89.983629998154072, 63.814795395574286 ], [ -90.110372204192316, 63.723483111190724 ], [ -90.150216815910113, 63.627852589863394 ], [ -90.295557973208091, 63.606588711011504 ], [ -90.440380879682053, 63.610029486802986 ], [ -90.721030476235825, 63.553914094450391 ], [ -90.667624025692021, 63.510823986963601 ], [ -90.821045681825325, 63.501820893187194 ], [ -90.958179022426208, 63.54866680411741 ], [ -90.999636481770267, 63.595860205556107 ], [ -91.133162080696351, 63.619083206274695 ], [ -91.323470588773262, 63.634647909865897 ], [ -91.405326296869603, 63.678482199718474 ], [ -91.525937399267605, 63.719427108393823 ], [ -91.629559997218777, 63.710726305173203 ], [ -91.689522896882949, 63.729580600419929 ], [ -91.982273902176303, 63.738651703849229 ], [ -92.098152691846408, 63.730649487165238 ], [ -92.253194275679377, 63.769999000275227 ], [ -92.348338512422544, 63.765452211471192 ], [ -92.482198220837816, 63.826006698093209 ], [ -92.691124880913222, 63.831990797446473 ], [ -92.736503694096754, 63.874848686815113 ], [ -92.831321987764682, 63.895924509880146 ], [ -92.928444805623172, 63.894259107269257 ], [ -92.958259391360272, 63.941269305261564 ], [ -93.094363428110142, 63.921224987916972 ], [ -93.123749823517954, 63.950926789873797 ], [ -93.347212705205891, 63.987234497182008 ], [ -93.451753997203852, 64.013898702482393 ], [ -93.554425403467931, 64.068584599403366 ], [ -93.529885287174977, 63.979282203743224 ], [ -93.666765493082096, 63.979950192729788 ], [ -93.716794011898131, 63.953609308721056 ], [ -93.599299870318461, 63.870674796771695 ], [ -93.481199999485597, 63.839990694264408 ], [ -93.370289499803235, 63.844267409090712 ], [ -93.368006490745358, 63.871991405397345 ], [ -93.447461513537249, 63.916259894920323 ], [ -93.430891904023468, 63.9632023939389 ], [ -93.363532483778954, 63.965917908728315 ], [ -93.220306215461974, 63.902457510992129 ], [ -93.127782812713875, 63.89792691062982 ], [ -93.094802483523651, 63.86904791205842 ], [ -93.010066316011844, 63.866866510930848 ], [ -92.831434692418995, 63.825247307198651 ], [ -92.795396403328624, 63.82931989601159 ], [ -92.601148488164668, 63.767202292698997 ], [ -92.522036479285518, 63.815521097490482 ], [ -92.465300391062627, 63.800910710122082 ], [ -92.39300030986881, 63.72376261004748 ], [ -92.237570376050073, 63.744970295442421 ], [ -92.096598320937915, 63.682665086821402 ], [ -91.991350182808816, 63.683447089890358 ], [ -91.786735998732311, 63.721869211406712 ], [ -91.707461673339822, 63.703818594659339 ], [ -91.597346300228963, 63.636622209509788 ], [ -91.638414820547482, 63.589022007191438 ], [ -91.512885791507529, 63.576640007571775 ], [ -91.493498701864453, 63.540569795464464 ], [ -91.343205815852031, 63.493442005452913 ], [ -91.286923977159617, 63.501965594519206 ], [ -90.994576919171351, 63.471176287897791 ], [ -90.864365519834465, 63.420478907342819 ], [ -90.830622229157541, 63.373785096567723 ], [ -90.75403319369731, 63.323369503010795 ], [ -90.734028081035689, 63.247410002774686 ], [ -90.689051394406235, 63.224609004578959 ], [ -90.659808514508185, 63.158717302394201 ], [ -90.697331078460664, 63.133478707120112 ], [ -90.625437520253499, 63.083140708991927 ], [ -90.751570796797054, 62.985307287586316 ], [ -90.712931771430334, 62.956084090864209 ], [ -90.812712181090419, 62.917770401487878 ], [ -90.900834605333173, 62.941167898581931 ], [ -91.014099125424806, 62.938583311496942 ], [ -91.144964701624232, 62.89433239208595 ], [ -91.211072526908325, 62.850305701779099 ], [ -91.35118979796485, 62.831636195369299 ], [ -91.43240702445857, 62.790953206375747 ], [ -91.65548928296397, 62.80442939546716 ], [ -91.773354807672817, 62.8338235114322 ], [ -91.865061409701553, 62.822861108512114 ], [ -92.1091177007863, 62.861752592267067 ], [ -92.07846920409439, 62.79396620832101 ], [ -92.227897899620416, 62.83275728779337 ], [ -92.359950575246373, 62.844744694365673 ], [ -92.42899641921251, 62.802611700367926 ], [ -92.304915076713655, 62.705919510977786 ], [ -92.156234477485356, 62.662855507001446 ], [ -92.002794304465112, 62.643488690587397 ], [ -91.90015681285594, 62.655181396929507 ], [ -91.864693587524343, 62.577864306260217 ], [ -92.06377478433474, 62.526008396278286 ], [ -92.164542591437282, 62.539632411164838 ], [ -92.166588816901395, 62.567667895044927 ], [ -92.32304438378209, 62.563861304200451 ], [ -92.45040980664777, 62.528234301781133 ], [ -92.555939091075729, 62.567754111742246 ], [ -92.517076396326473, 62.488977904015385 ], [ -92.538814622332808, 62.451625593760575 ], [ -92.396869599430659, 62.406029893124902 ], [ -92.279441286519614, 62.424072289806041 ], [ -92.177202827695183, 62.364615110535972 ], [ -92.274447716354018, 62.356272091907549 ], [ -92.305773491350209, 62.388584892776734 ], [ -92.499380974986394, 62.405466906458152 ], [ -92.607563286252372, 62.481973612124676 ], [ -92.7293659850924, 62.475209399008349 ], [ -92.698738974273127, 62.392408511970324 ], [ -92.733053381197408, 62.37205230478834 ], [ -92.544777181325543, 62.308208111696608 ], [ -92.555835582289291, 62.228280010605268 ], [ -92.641198526640864, 62.226952207729866 ], [ -92.656807825632299, 62.264634705698299 ], [ -92.722370779334724, 62.297113408935374 ], [ -93.026080201779564, 62.324699093139344 ], [ -92.980080283977799, 62.295254098353858 ], [ -92.845518975565554, 62.27788001124982 ], [ -92.768236902536003, 62.249999986815105 ], [ -92.794796301683846, 62.190375095938649 ], [ -92.873665397464066, 62.219829701011406 ], [ -93.039556724357368, 62.202134903508409 ], [ -93.098957209435909, 62.105287406787937 ], [ -92.972217587334129, 62.110569104011006 ], [ -93.017981509627177, 62.065532087666263 ], [ -93.101870412393836, 62.039103206460105 ], [ -93.321077221517754, 61.996126496142928 ], [ -93.22509351454292, 61.958095492560275 ], [ -93.365942707058807, 61.946689385850952 ], [ -93.346021894641581, 61.892325812068776 ], [ -93.600580975956433, 61.956799709270349 ], [ -93.531691173058974, 61.885984296268951 ], [ -93.629816623829669, 61.858471503179935 ], [ -93.457533319024577, 61.81054899578961 ], [ -93.41235910663886, 61.777692286121201 ], [ -93.279546101678591, 61.783364505783666 ], [ -93.284458225465656, 61.741382088643157 ], [ -93.367399876727319, 61.738347207708657 ], [ -93.480058917333693, 61.76641340685714 ], [ -93.648104692252375, 61.760182407481409 ], [ -93.574413612109723, 61.707492090678947 ], [ -93.389750495084627, 61.724908500168461 ], [ -93.387770498378146, 61.693729999772572 ], [ -93.529739176913523, 61.680564607547169 ], [ -93.763569712492298, 61.581481391509222 ], [ -93.779323902886034, 61.551153887539385 ], [ -93.889206292463939, 61.535330287607529 ], [ -93.99387891204654, 61.452271788526474 ], [ -93.96735999214755, 61.394544197579542 ], [ -93.875446001419618, 61.386427105608284 ], [ -93.816327094962375, 61.339993100995876 ], [ -93.905411694451075, 61.294361889394629 ], [ -94.056711084361666, 61.280660798160262 ], [ -94.013384890219328, 61.205724088350081 ], [ -94.079999497961083, 61.167376989340667 ], [ -94.090235015741044, 61.114531904871356 ], [ -94.168317893037766, 61.065325002451573 ], [ -94.170771972542667, 61.00743780291257 ], [ -94.209736587395639, 60.961758010906877 ], [ -94.22816580184147, 60.885337796965914 ], [ -94.328153095522154, 60.860714892062781 ], [ -94.445849020721624, 60.739871610504402 ], [ -94.429767301850944, 60.699631796733087 ], [ -94.523983893376254, 60.634460491178764 ], [ -94.556584221220007, 60.536469586479406 ], [ -94.657407915966687, 60.522178795372007 ], [ -94.702809286086577, 60.474508292953004 ], [ -94.645418782699295, 60.380659909950126 ], [ -94.722345981146034, 60.278028798319141 ], [ -94.726239998711961, 60.191417907921306 ], [ -94.755730186694336, 60.170087312100726 ], [ -94.708715518450489, 60.104259292750477 ], [ -94.779915120267759, 60.06937381059052 ], [ -94.828079052695259, 60.000000134189733 ] ], [ [ -92.300918621725742, 63.412832995833135 ], [ -92.32548517964419, 63.377652605888166 ], [ -92.221728881342997, 63.321716096318767 ], [ -92.166452299943586, 63.337355397596546 ], [ -92.300918621725742, 63.412832995833135 ] ] ], [ [ [ -97.916767929925754, 67.921535693699241 ], [ -97.826697985091755, 67.882844711665584 ], [ -97.93912840309109, 67.868117591381434 ], [ -97.916767929925754, 67.921535693699241 ] ] ], [ [ [ -109.071907894783934, 67.903340503154553 ], [ -108.897024669251053, 67.867388901514744 ], [ -108.928904993095145, 67.841626602641824 ], [ -109.071907894783934, 67.903340503154553 ] ] ], [ [ [ -108.101262814164869, 67.983284999884802 ], [ -108.02064609470581, 67.964797598568083 ], [ -108.056298329631773, 67.887940906350508 ], [ -108.125620398740892, 67.875076109502615 ], [ -108.219946062965562, 67.924703994462661 ], [ -108.101262814164869, 67.983284999884802 ] ] ], [ [ [ -109.164413432989491, 67.989691298629239 ], [ -109.028080086190684, 67.955156391422335 ], [ -108.918196233800032, 67.978750903720865 ], [ -108.85624007897303, 67.876101208694777 ], [ -109.032130711340074, 67.9053040941522 ], [ -109.14263796291128, 67.947451695618696 ], [ -109.164413432989491, 67.989691298629239 ] ] ], [ [ [ -74.334914290152142, 68.18386330793534 ], [ -74.203305189052514, 68.141846505867932 ], [ -74.26706231356907, 68.0781618109947 ], [ -74.043883900577669, 68.051867810813079 ], [ -73.882181314779274, 68.02183440361685 ], [ -73.781319013858408, 67.987822291921105 ], [ -73.722334417091957, 68.010601293986213 ], [ -73.565251105855324, 68.018245597412005 ], [ -73.411365073999022, 67.975156804329714 ], [ -73.420001503348317, 67.921078093171857 ], [ -73.355457633465377, 67.850841701899441 ], [ -73.352409324826482, 67.805785899802558 ], [ -73.422278790996685, 67.764607009728365 ], [ -73.579390587011162, 67.777808805657898 ], [ -73.8039492825922, 67.775132001503167 ], [ -73.977818310524327, 67.788711913149086 ], [ -74.314160729655342, 67.76153520383167 ], [ -74.568644686358297, 67.813620402345506 ], [ -74.737382233609239, 67.932502093011863 ], [ -74.775494012618708, 68.020460398496439 ], [ -74.738471672500225, 68.071300195975951 ], [ -74.588191689083502, 68.075125107071472 ], [ -74.499042287075341, 68.0617256073417 ], [ -74.374632431399277, 68.122047003329783 ], [ -74.334914290152142, 68.18386330793534 ] ] ], [ [ [ -86.633199292152554, 68.304929109813244 ], [ -86.443653196546606, 68.23989701118353 ], [ -86.388261429032639, 68.05493688807077 ], [ -86.360569308378558, 67.908035111727457 ], [ -86.38597822052499, 67.842416196446749 ], [ -86.451381395689154, 67.776434696820402 ], [ -86.543455192347523, 67.730702594257252 ], [ -86.683744500792912, 67.738354700554211 ], [ -86.868017101596024, 67.804755986550688 ], [ -86.955681277370331, 67.900876899316245 ], [ -86.955286288512895, 67.93050659687654 ], [ -86.848355968042341, 67.972346102527652 ], [ -86.850709823452505, 68.026441105797531 ], [ -86.987156414143925, 68.080735899064976 ], [ -86.884983463704415, 68.122611611603048 ], [ -86.891491092313871, 68.176097800335071 ], [ -86.676889496751926, 68.304252607599778 ], [ -86.633199292152554, 68.304929109813244 ] ] ], [ [ [ -109.460796206421946, 68.102958193203818 ], [ -109.363405178345545, 68.064855707237712 ], [ -109.263084638091712, 68.052743306641574 ], [ -109.353197318348691, 67.989132297502763 ], [ -109.488114912298968, 68.041864499219173 ], [ -109.460796206421946, 68.102958193203818 ] ] ], [ [ [ -107.818526907429913, 68.111198511491835 ], [ -107.763152562435081, 68.08192009036776 ], [ -107.678940878968916, 68.075947397542507 ], [ -107.717135604650906, 68.05287458784062 ], [ -107.782269127328291, 68.057170406332574 ], [ -107.771243874375841, 68.033207696737293 ], [ -107.713148909628245, 68.045419295889943 ], [ -107.675860173562882, 68.034545194197818 ], [ -107.80029438658309, 68.019454902429203 ], [ -107.84396421003018, 68.026547110443772 ], [ -107.873521704918645, 68.075537705668708 ], [ -107.818526907429913, 68.111198511491835 ] ] ], [ [ [ -98.956866204590867, 68.091438594489972 ], [ -98.925578322758625, 68.004959196446862 ], [ -99.030099271218219, 68.024048598235339 ], [ -99.043957266876859, 68.055477996489898 ], [ -98.956866204590867, 68.091438594489972 ] ] ], [ [ [ -65.630496561889402, 68.179692306002977 ], [ -65.574138785973176, 68.110304802337637 ], [ -65.67897419608947, 68.090909794989614 ], [ -65.702932623892508, 68.172987199515816 ], [ -65.630496561889402, 68.179692306002977 ] ] ], [ [ [ -66.19868468934277, 68.264691292155064 ], [ -66.270870818566394, 68.216714400005429 ], [ -66.262554512965849, 68.17118479783781 ], [ -66.335922993526566, 68.149608287800191 ], [ -66.501078185504284, 68.176230406960116 ], [ -66.657959376336379, 68.182662993657033 ], [ -66.374578709762105, 68.231780111658878 ], [ -66.255639381243796, 68.270047089836936 ], [ -66.19868468934277, 68.264691292155064 ] ] ], [ [ [ -78.927987185075892, 68.359667692375567 ], [ -78.812399181537515, 68.292663900837837 ], [ -78.852653682456378, 68.24779160874786 ], [ -78.990411427861105, 68.189360213574076 ], [ -79.078824226723611, 68.178507414091143 ], [ -79.192705077588698, 68.238749208601845 ], [ -79.187896898898401, 68.333727408654042 ], [ -79.150272892241446, 68.365254204177177 ], [ -78.927987185075892, 68.359667692375567 ] ] ], [ [ [ -111.6126510997439, 68.315624707180206 ], [ -111.664984032356003, 68.224243395985312 ], [ -111.767259764519551, 68.274141294188354 ], [ -111.6126510997439, 68.315624707180206 ] ] ], [ [ [ -104.885535610567999, 68.361091707228894 ], [ -104.791867579053914, 68.316173992953466 ], [ -104.82485816310475, 68.286982295857598 ], [ -104.88197850430727, 68.283445495453748 ], [ -104.939225995939267, 68.290423603273098 ], [ -104.922015189505601, 68.267242805736188 ], [ -104.935387708168406, 68.252820000138641 ], [ -104.963135821215644, 68.2607411981826 ], [ -104.986432319767843, 68.281023292213249 ], [ -105.0347616099927, 68.300850202844728 ], [ -105.034057881260338, 68.313714910441618 ], [ -104.900509129103099, 68.318968987604009 ], [ -104.885535610567999, 68.361091707228894 ] ] ], [ [ [ -100.059145082835499, 68.373370804462525 ], [ -100.041691229746007, 68.292073894108526 ], [ -100.146190177746789, 68.296048204537897 ], [ -100.164667082118825, 68.329714111272494 ], [ -100.059145082835499, 68.373370804462525 ] ] ], [ [ [ -66.867556398474022, 68.392018212758146 ], [ -66.749199366978019, 68.357510194707743 ], [ -66.870921884151969, 68.336858097735899 ], [ -66.944332719323711, 68.354666593529103 ], [ -66.867556398474022, 68.392018212758146 ] ] ], [ [ [ -74.296309577553004, 68.468195689180234 ], [ -74.213531888129438, 68.435727293588172 ], [ -74.130853869475146, 68.369415405224657 ], [ -74.065916773462973, 68.346781395128076 ], [ -74.153304187695895, 68.261387904371659 ], [ -74.239481125492546, 68.259495514584884 ], [ -74.307081509231892, 68.344337699524161 ], [ -74.373480015167203, 68.384829995078206 ], [ -74.388410179332112, 68.456432290291559 ], [ -74.296309577553004, 68.468195689180234 ] ] ], [ [ [ -100.833022212570569, 70.335026103034593 ], [ -100.718741199491873, 70.330217195498776 ], [ -100.744493995916983, 70.289377004710417 ], [ -100.854924714478827, 70.293167504760561 ], [ -100.833022212570569, 70.335026103034593 ] ] ], [ [ [ -103.081100992761321, 70.6860830013173 ], [ -102.994351977477848, 70.679624112810757 ], [ -102.882459986941285, 70.6179414103147 ], [ -102.805534456668056, 70.601222793055982 ], [ -102.836137626998379, 70.539283600827275 ], [ -102.994771928110126, 70.545053792850652 ], [ -103.092839628634124, 70.584601798988643 ], [ -103.114347136428535, 70.626303994639201 ], [ -103.081100992761321, 70.6860830013173 ] ] ], [ [ [ -100.67584418069319, 70.695085007792812 ], [ -100.627823386283282, 70.674045413084528 ], [ -100.446680136260753, 70.672884706985599 ], [ -100.393810819610238, 70.641867803300173 ], [ -100.169768385784494, 70.587425596357107 ], [ -100.322730912921344, 70.536655606927653 ], [ -100.359524257213167, 70.490600591955811 ], [ -100.612763826067663, 70.54836599765521 ], [ -100.658815298300127, 70.588717997405283 ], [ -100.618235471835064, 70.647556596074381 ], [ -100.67584418069319, 70.695085007792812 ] ] ], [ [ [ -71.86376897905177, 71.071962908639875 ], [ -71.790416787796516, 71.050634997968132 ], [ -71.360506908844641, 70.994721412628749 ], [ -71.414818502702715, 70.927321602501948 ], [ -71.573327702645656, 70.913326506267566 ], [ -71.914624073606689, 70.852482702769123 ], [ -71.965588426656566, 70.823021491772195 ], [ -72.102100238616416, 70.816020195887702 ], [ -72.218644120470501, 70.883310400108655 ], [ -72.055717291640335, 70.955883801554407 ], [ -71.979473635507404, 71.05854639430747 ], [ -71.86376897905177, 71.071962908639875 ] ] ], [ [ [ -87.049233168618969, 70.14975020649311 ], [ -87.007728607933373, 70.120275807098523 ], [ -86.779703164468629, 70.088467896888346 ], [ -86.660576421922357, 70.124242903531751 ], [ -86.589813264385526, 70.116936204596584 ], [ -86.497333034518064, 70.050058694516196 ], [ -86.483466231966531, 69.992496995358024 ], [ -86.749687209811725, 69.973185488380537 ], [ -86.934768271477722, 69.995084908343401 ], [ -87.131305560870715, 69.999052107566797 ], [ -87.268374777018195, 70.036072211826934 ], [ -87.365415074480751, 70.096294192463688 ], [ -87.183117309621466, 70.112992197403599 ], [ -87.049233168618969, 70.14975020649311 ] ] ], [ [ [ -90.631373167289098, 69.377284887889459 ], [ -90.550562062688968, 69.350210307044208 ], [ -90.520817714247372, 69.306677206950241 ], [ -90.438319470949878, 69.278075087911716 ], [ -90.441432714162232, 69.235709992508873 ], [ -90.594870267779029, 69.201257596295662 ], [ -90.677857496186164, 69.232777902483903 ], [ -90.722299597537344, 69.36616869022474 ], [ -90.631373167289098, 69.377284887889459 ] ] ], [ [ [ -101.606151206499305, 69.226548704246596 ], [ -101.509893797312159, 69.222010696645796 ], [ -101.46374010018873, 69.164630012151733 ], [ -101.59003208246898, 69.143997312403741 ], [ -101.683872616251662, 69.172745800719611 ], [ -101.606151206499305, 69.226548704246596 ] ] ], [ [ [ -90.234811093947769, 69.150949094956559 ], [ -90.132696566119606, 69.113434406781934 ], [ -90.242371326631456, 69.075070792911376 ], [ -90.234811093947769, 69.150949094956559 ] ] ], [ [ [ -76.710395196742581, 69.42558591108228 ], [ -76.644151196198649, 69.396582499227776 ], [ -76.694433107532504, 69.315869412303854 ], [ -76.901541475088493, 69.230881787312867 ], [ -76.923744279176859, 69.160280488028661 ], [ -77.100116363038467, 69.12774250312826 ], [ -77.261602919951144, 69.15007210002652 ], [ -77.367107124601731, 69.254850404225039 ], [ -77.321497324043591, 69.338841791336264 ], [ -77.34881046903709, 69.40251830278406 ], [ -77.18076461265278, 69.447345196828195 ], [ -77.053442209191573, 69.443958910496562 ], [ -76.952380174222967, 69.404966003799572 ], [ -76.745158291909945, 69.411189786655456 ], [ -76.710395196742581, 69.42558591108228 ] ] ], [ [ [ -81.50798913881286, 69.427302289974023 ], [ -81.46104410616887, 69.348589390146117 ], [ -81.634858186087087, 69.339246911511566 ], [ -81.744493095069558, 69.395595296413035 ], [ -81.857730728978083, 69.341967192630065 ], [ -81.916774698342024, 69.397860193231907 ], [ -81.861904490613938, 69.428313704951236 ], [ -81.658322504116214, 69.420029911090268 ], [ -81.50798913881286, 69.427302289974023 ] ] ], [ [ [ -90.198966305180519, 69.446502196579843 ], [ -90.137307073899962, 69.382442912160698 ], [ -90.253823096833642, 69.27533559789812 ], [ -90.361095204320179, 69.262390904600011 ], [ -90.492606665702738, 69.331357690212059 ], [ -90.5042527216835, 69.374295512180723 ], [ -90.380145776678859, 69.399282986324124 ], [ -90.354899976754396, 69.427048299654217 ], [ -90.198966305180519, 69.446502196579843 ] ] ], [ [ [ -67.517813179376589, 69.610257592315406 ], [ -67.395714257269731, 69.586204705428216 ], [ -67.350544569668472, 69.550759090284771 ], [ -67.559947790964401, 69.536302610036486 ], [ -67.655439593563585, 69.510626700410128 ], [ -67.756527671643312, 69.534685994166807 ], [ -67.548335287724342, 69.579119899768884 ], [ -67.517813179376589, 69.610257592315406 ] ] ], [ [ [ -67.852818415158779, 69.683860792595908 ], [ -67.722650206526595, 69.650253592695989 ], [ -67.861313538775391, 69.605585490836361 ], [ -67.932250534179303, 69.526017496488151 ], [ -68.01597738860076, 69.527155090229016 ], [ -68.184835874383239, 69.571132088866861 ], [ -68.230365541982124, 69.603233792794441 ], [ -68.102642492991237, 69.666679607638926 ], [ -67.852818415158779, 69.683860792595908 ] ] ], [ [ [ -82.225644499978642, 69.498732795883555 ], [ -81.991759369777554, 69.462408696210289 ], [ -82.037838877965825, 69.440028805948941 ], [ -82.225644499978642, 69.498732795883555 ] ] ], [ [ [ -101.257627213567872, 69.594405500828444 ], [ -101.214733372188306, 69.552467591526238 ], [ -101.106747623886704, 69.561323093088248 ], [ -100.943239174884354, 69.464166489859494 ], [ -101.061305389979196, 69.453880298898454 ], [ -101.113581515539551, 69.396076610879078 ], [ -101.36634771603299, 69.543821495474873 ], [ -101.341155817849767, 69.581963597115148 ], [ -101.257627213567872, 69.594405500828444 ] ] ], [ [ [ -96.684855785131816, 69.589353903366742 ], [ -96.612951133133038, 69.560331103212675 ], [ -96.379462613529128, 69.581638996490142 ], [ -96.288580887272772, 69.528485787765092 ], [ -96.128224579266359, 69.572165608445161 ], [ -96.050141592382531, 69.493535990313049 ], [ -96.13571289414412, 69.354145708469886 ], [ -96.323423783953018, 69.415966299292052 ], [ -96.380018763735762, 69.456087892324689 ], [ -96.545697274734806, 69.486067187484977 ], [ -96.684855785131816, 69.589353903366742 ] ] ], [ [ [ -95.774414825832253, 69.636766993517938 ], [ -95.669628535374898, 69.60782200682047 ], [ -95.576679574926217, 69.613063491088766 ], [ -95.452903535944699, 69.57577869231983 ], [ -95.324367200498486, 69.51545050855168 ], [ -95.380311690106012, 69.465623008360367 ], [ -95.36937880778278, 69.405518292413205 ], [ -95.482452169188761, 69.339398489491643 ], [ -95.551627767080333, 69.323278586847152 ], [ -95.662568377445979, 69.346671596148454 ], [ -95.690491994489733, 69.393720798307811 ], [ -95.651335791421417, 69.443225403593786 ], [ -95.632027099936082, 69.534910299458559 ], [ -95.753888278495523, 69.529824609349276 ], [ -95.743253221927418, 69.489354385553867 ], [ -95.806114504244661, 69.398895097227026 ], [ -95.901493403824148, 69.427991504828952 ], [ -95.961679964655744, 69.504604503122422 ], [ -95.924199912673927, 69.551711199102755 ], [ -95.774414825832253, 69.636766993517938 ] ] ], [ [ [ -91.023552285381612, 69.617229903138764 ], [ -91.045006334580165, 69.561538292450095 ], [ -91.143836095549347, 69.579678297390103 ], [ -91.023552285381612, 69.617229903138764 ] ] ], [ [ [ -78.161994271052549, 69.759526095949298 ], [ -77.983440798320501, 69.706756494685038 ], [ -77.942476795322548, 69.644563908172458 ], [ -78.073884520774868, 69.585606196018773 ], [ -78.249664706289792, 69.567537110732729 ], [ -78.43710078376678, 69.522577088295947 ], [ -78.495967118522756, 69.491905393357598 ], [ -78.637975097965423, 69.520831111338978 ], [ -78.812913481665532, 69.459434886512327 ], [ -78.853982312384943, 69.505796409909195 ], [ -78.538543815116029, 69.64451429313695 ], [ -78.395913294008537, 69.644669510752337 ], [ -78.383973792998773, 69.701653409726603 ], [ -78.243255126851793, 69.706666605010668 ], [ -78.161994271052549, 69.759526095949298 ] ] ], [ [ [ -79.470368388331579, 69.811378708545476 ], [ -79.330027195841225, 69.708812102113058 ], [ -79.363474276829905, 69.688674785271672 ], [ -79.640001788672137, 69.613847108193909 ], [ -79.782791870620358, 69.622833696015491 ], [ -79.921351532562426, 69.611640194708386 ], [ -80.075143082293593, 69.638867706684394 ], [ -79.907051270358053, 69.524074595408976 ], [ -79.998182770394365, 69.497380890279075 ], [ -80.147471390291088, 69.535246107774753 ], [ -80.219400520467744, 69.527908100668398 ], [ -80.331563639974178, 69.607008496177016 ], [ -80.483946133277072, 69.674531903192218 ], [ -80.743465797973613, 69.66727029084052 ], [ -80.805099363050033, 69.700442999198387 ], [ -80.734737990925211, 69.740939405114858 ], [ -80.499547686171326, 69.764136008799113 ], [ -80.48136513122148, 69.791189702347481 ], [ -80.180609964905869, 69.804167697673975 ], [ -80.098761684403669, 69.750323403526323 ], [ -79.936072496377491, 69.737219491888723 ], [ -79.75296481260068, 69.772907502962042 ], [ -79.665880017918639, 69.816953390711518 ], [ -79.470368388331579, 69.811378708545476 ] ] ], [ [ [ -102.14906642525149, 69.751432895520722 ], [ -102.094500111918734, 69.668570008013987 ], [ -102.216159426217757, 69.679479495068549 ], [ -102.226177908076082, 69.729232099479105 ], [ -102.14906642525149, 69.751432895520722 ] ] ], [ [ [ -82.756449610512234, 69.812395688462942 ], [ -82.621323562553357, 69.803415104496679 ], [ -82.455966233800993, 69.772549399224914 ], [ -82.452688213439842, 69.721937494833327 ], [ -82.700794228417223, 69.741234294468953 ], [ -82.858892629868336, 69.81135289981701 ], [ -82.756449610512234, 69.812395688462942 ] ] ], [ [ [ -83.804097577559972, 69.825532403320835 ], [ -83.595242210421759, 69.80396449555262 ], [ -83.642960084560727, 69.718307397625253 ], [ -83.873527779149384, 69.764000909852896 ], [ -83.880407167822739, 69.817430103454029 ], [ -83.804097577559972, 69.825532403320835 ] ] ], [ [ [ -91.550600138108209, 69.834968995928975 ], [ -91.446857728452386, 69.787323198051809 ], [ -91.648344997073181, 69.767274301021658 ], [ -91.740405590184722, 69.793390105807902 ], [ -91.550600138108209, 69.834968995928975 ] ] ], [ [ [ -82.664737772114293, 69.885760206416123 ], [ -82.443365414625688, 69.829573898764394 ], [ -82.560948079403232, 69.80703920135899 ], [ -82.693140181415302, 69.864000890353623 ], [ -82.664737772114293, 69.885760206416123 ] ] ], [ [ [ -91.726389521472043, 69.876890287587884 ], [ -91.626622514520136, 69.853879590572305 ], [ -91.823137891716399, 69.816116094605448 ], [ -91.843114369345955, 69.847655804186786 ], [ -91.726389521472043, 69.876890287587884 ] ] ], [ [ [ -97.437725618806908, 69.966146407260013 ], [ -97.303614417486301, 69.940206110798954 ], [ -97.374865080995491, 69.896977103207675 ], [ -97.473121499813601, 69.927950590182604 ], [ -97.437725618806908, 69.966146407260013 ] ] ], [ [ [ -104.934342800976609, 68.596946303776534 ], [ -104.597690839493737, 68.569022508793097 ], [ -104.492323604246252, 68.536937508089153 ], [ -104.401074828759931, 68.477863494355859 ], [ -104.4286053003257, 68.423871810160207 ], [ -104.559697574816312, 68.39640180519865 ], [ -104.733784669331072, 68.415671202098267 ], [ -104.992148180569274, 68.497290013695235 ], [ -105.035720797140343, 68.573001109413937 ], [ -104.934342800976609, 68.596946303776534 ] ] ], [ [ [ -110.80193157916051, 68.560738389462372 ], [ -110.691960775291648, 68.52942089250547 ], [ -110.675933205660812, 68.490546304694547 ], [ -110.940266333101434, 68.467932595439677 ], [ -111.02066237239579, 68.517889796168561 ], [ -110.80193157916051, 68.560738389462372 ] ] ], [ [ [ -78.687524030949461, 68.55890948844042 ], [ -78.722358020537001, 68.529471508016059 ], [ -78.616597409028628, 68.509323006027785 ], [ -78.726869772734702, 68.455340393455756 ], [ -78.811195234227014, 68.44610139054879 ], [ -78.943034707764653, 68.478331511471737 ], [ -78.935559874350403, 68.527638494694358 ], [ -78.797784077268091, 68.560292591015539 ], [ -78.687524030949461, 68.55890948844042 ] ] ], [ [ [ -110.735778864017433, 68.57690549485298 ], [ -110.594282395204758, 68.579821708811139 ], [ -110.526897470369505, 68.531258193766348 ], [ -110.704272188483472, 68.542072297242655 ], [ -110.735778864017433, 68.57690549485298 ] ] ], [ [ [ -75.250270197339859, 68.729635203696176 ], [ -75.173291927058301, 68.689499999369701 ], [ -75.056466587371702, 68.691633788077255 ], [ -74.964343172732654, 68.653272487237317 ], [ -74.952669473348436, 68.581883706493528 ], [ -74.758985965536922, 68.475093496849013 ], [ -74.853581889572098, 68.427426005905076 ], [ -74.788330503130283, 68.362133389302016 ], [ -74.879308974986344, 68.334611589326869 ], [ -74.992745082971354, 68.347355604920864 ], [ -75.025468478050811, 68.402735588073568 ], [ -75.247664000762086, 68.44881950734478 ], [ -75.413007620155156, 68.537243408592815 ], [ -75.397356905437391, 68.612148698100768 ], [ -75.303386978677963, 68.709625086557381 ], [ -75.250270197339859, 68.729635203696176 ] ] ], [ [ [ -78.700160290272649, 68.667445195101223 ], [ -78.568466517391101, 68.629384112486449 ], [ -78.480485285707061, 68.628148506792897 ], [ -78.488088731955401, 68.577946303598239 ], [ -78.635260387067035, 68.568797099756779 ], [ -78.704186074029778, 68.610734693768407 ], [ -78.894585739922604, 68.655580991242573 ], [ -78.700160290272649, 68.667445195101223 ] ] ], [ [ [ -74.750156384694648, 68.67995438626761 ], [ -74.642945802631544, 68.660539697450105 ], [ -74.659939821764965, 68.61343141327113 ], [ -74.507288679653357, 68.570181795450495 ], [ -74.706077232786598, 68.559314493606905 ], [ -74.821439085463851, 68.568300204963492 ], [ -74.871330309319745, 68.633314188321421 ], [ -74.750156384694648, 68.67995438626761 ] ] ], [ [ [ -101.975751798187304, 68.828011211874497 ], [ -101.881775188197025, 68.822446489285142 ], [ -101.698614910580986, 68.767215201187923 ], [ -101.676462089114324, 68.668292792361555 ], [ -101.779620566532344, 68.63055649789608 ], [ -101.817382702218922, 68.591200192113064 ], [ -101.919207798895854, 68.587677204303944 ], [ -101.95384360835746, 68.627100688663859 ], [ -102.093694096830063, 68.614226396146506 ], [ -102.215085121199152, 68.644054003766897 ], [ -102.327098981224992, 68.692076902305701 ], [ -102.061313422908682, 68.767661886793633 ], [ -101.975751798187304, 68.828011211874497 ] ] ], [ [ [ -89.923177331493207, 68.854830908348816 ], [ -89.923149270725048, 68.812189789059474 ], [ -89.786772871433612, 68.774731695755207 ], [ -89.892649322527106, 68.674898488006406 ], [ -89.984501599970116, 68.707052794096967 ], [ -90.037029711579137, 68.76372239678868 ], [ -89.923177331493207, 68.854830908348816 ] ] ], [ [ [ -100.453343027288781, 69.045561005740836 ], [ -100.312158397231997, 69.030358699258414 ], [ -100.296166187312835, 68.982215695266063 ], [ -100.183646696950404, 68.925181305851368 ], [ -100.14817077941855, 68.808345293981347 ], [ -100.267545080177129, 68.783446302569189 ], [ -100.37715956775682, 68.728175502044294 ], [ -100.444536411092074, 68.772012192753536 ], [ -100.592358529928418, 68.766584308937695 ], [ -100.596015599522616, 68.899296611701445 ], [ -100.552645065890644, 68.950202789577787 ], [ -100.617839783707069, 68.998644307953995 ], [ -100.453343027288781, 69.045561005740836 ] ] ], [ [ [ -89.904378692324656, 68.996473897362122 ], [ -89.902013509961904, 68.933844190744963 ], [ -90.033558366479596, 68.957615086225232 ], [ -89.904378692324656, 68.996473897362122 ] ] ], [ [ [ -100.114779333972024, 69.151245496009579 ], [ -100.010541808499127, 69.106149206876054 ], [ -99.967817038567517, 68.963694808153463 ], [ -100.043745169683987, 68.948270106273 ], [ -100.179614608538074, 68.975028207886268 ], [ -100.23358358826998, 69.048033112231565 ], [ -100.114779333972024, 69.151245496009579 ] ] ], [ [ [ -78.27971563221459, 69.377033203456776 ], [ -78.209230528606497, 69.296837292681388 ], [ -78.336698167027095, 69.214259201639393 ], [ -78.468227079306487, 69.228645700558758 ], [ -78.470347583256313, 69.167175100363195 ], [ -78.546642520866897, 69.150509789194587 ], [ -78.544879274072983, 69.09502030522404 ], [ -78.718642574016499, 69.012984584312932 ], [ -78.720093722452177, 68.972491893605778 ], [ -78.916098018173599, 68.911769804997476 ], [ -79.169452103340177, 68.867356800715115 ], [ -79.262730011914556, 68.839792190154654 ], [ -79.381896780873859, 68.876017006372237 ], [ -79.391962392823771, 68.923161301956171 ], [ -79.31250772973506, 68.9707578030891 ], [ -79.221551998309707, 69.087361509636494 ], [ -78.954768484240304, 69.107326899048218 ], [ -78.845356098422855, 69.152173110427938 ], [ -78.84907846728602, 69.207013893055588 ], [ -78.718442911339494, 69.273053500460122 ], [ -78.715757283174483, 69.331707111513779 ], [ -78.591089868066291, 69.385142593226547 ], [ -78.476912634963014, 69.396082688657529 ], [ -78.27971563221459, 69.377033203456776 ] ] ], [ [ [ -97.952304717898571, 69.904895389550731 ], [ -97.848271680008537, 69.892330097083246 ], [ -97.703378104397913, 69.847801098405967 ], [ -97.519151438415705, 69.770587200823556 ], [ -97.431563021427181, 69.779004086031108 ], [ -97.374668302711484, 69.713760188129299 ], [ -97.486429966216321, 69.675276697002857 ], [ -97.429827892972725, 69.638980108619549 ], [ -97.318557036434314, 69.630039298495902 ], [ -97.275914624398936, 69.690457091574117 ], [ -97.135129527196099, 69.665084389073101 ], [ -97.079014634181419, 69.585208186888963 ], [ -96.850801402054813, 69.49564179589855 ], [ -96.735381497001114, 69.493670209364083 ], [ -96.626932014949091, 69.437498008465852 ], [ -96.551382226041994, 69.445878697525998 ], [ -96.461771487416982, 69.402873092850712 ], [ -96.285840493168024, 69.35943640052372 ], [ -96.142671509382936, 69.280662710712974 ], [ -96.178619781291289, 69.23593260971225 ], [ -96.100030792261364, 69.194759708987334 ], [ -96.020455780592926, 69.206846912985199 ], [ -95.91895303084199, 69.160832606649166 ], [ -95.959586464121301, 69.065285406389947 ], [ -95.838250026984625, 68.948814003983117 ], [ -95.824853990337886, 68.881575408188525 ], [ -95.690267827188038, 68.88649409654775 ], [ -95.644918379642704, 68.837304087767251 ], [ -95.491773192127184, 68.847853489928198 ], [ -95.319031511719388, 68.907626803940559 ], [ -95.23953553136063, 68.89968009720765 ], [ -95.20063932549678, 68.859180702162362 ], [ -95.237567285425754, 68.808491995816325 ], [ -95.379073884996856, 68.774408591589392 ], [ -95.499135270121258, 68.686353601869854 ], [ -95.522119092989058, 68.760491908391387 ], [ -95.729177569729316, 68.751577102281374 ], [ -95.863799603386809, 68.614060511401917 ], [ -95.938694426395372, 68.637571889448225 ], [ -96.087139730066454, 68.559862694873573 ], [ -96.199335286711232, 68.5257504028271 ], [ -96.255935679030245, 68.475685487952148 ], [ -96.527659372572145, 68.453605101642538 ], [ -96.854119889239414, 68.528144203724068 ], [ -97.052348981340998, 68.542380297528979 ], [ -97.123405866907333, 68.515075910478728 ], [ -97.355438507241146, 68.55670051075343 ], [ -97.478497011378707, 68.55555150828755 ], [ -97.643771905502192, 68.611923397658913 ], [ -97.717070567532545, 68.662533487466703 ], [ -98.060458605735619, 68.692363007997159 ], [ -98.187407502612913, 68.716407096949382 ], [ -98.27554253356999, 68.773747202898718 ], [ -98.205322090059298, 68.79695310881857 ], [ -98.22767419840504, 68.838522700014209 ], [ -98.392234771743261, 68.85682771190325 ], [ -98.382325470118772, 68.759785511980652 ], [ -98.472517095556412, 68.749639704408025 ], [ -98.529897007504331, 68.787504105007002 ], [ -98.66882710386507, 68.789122091344893 ], [ -98.816590929173131, 68.838071691522373 ], [ -98.841200281780417, 68.871677991914765 ], [ -98.792798866723956, 68.931762101473481 ], [ -98.898681301273953, 68.953984688458505 ], [ -99.075698222834959, 68.916934709495138 ], [ -99.023635416325348, 68.875091996135964 ], [ -99.212429503162255, 68.848971911409933 ], [ -99.262251763675138, 68.876782799156715 ], [ -99.37378320881669, 68.887413687883623 ], [ -99.455533894373474, 68.994778191608262 ], [ -99.539312917654897, 69.012102391180107 ], [ -99.462183695779615, 69.120857294452591 ], [ -99.305195171150231, 69.141738011889089 ], [ -98.929022578723917, 69.156396413306297 ], [ -98.703551716372601, 69.189378004090798 ], [ -98.661820464604688, 69.274148888620289 ], [ -98.485724326638035, 69.310922596736717 ], [ -98.345175916258199, 69.307396907894898 ], [ -98.400067328001271, 69.37807890642496 ], [ -98.571695768404211, 69.428243987339755 ], [ -98.561281576433714, 69.529546910125148 ], [ -98.49917077199261, 69.593630892818808 ], [ -98.324093214994122, 69.565667394068257 ], [ -98.192684468368483, 69.481599690543973 ], [ -98.002615576034557, 69.429422992167886 ], [ -97.968467314963831, 69.447792896130764 ], [ -98.181474108123865, 69.537446400877741 ], [ -98.221875887801644, 69.585403596660996 ], [ -98.340030792407617, 69.6134015104236 ], [ -98.294999211691021, 69.649377100672339 ], [ -98.291855675216596, 69.722889387893034 ], [ -98.199797572296291, 69.794495809504397 ], [ -98.074686984876507, 69.816571001743142 ], [ -98.019548417006106, 69.890180796406966 ], [ -97.952304717898571, 69.904895389550731 ] ] ], [ [ [ -95.346531097403471, 71.855040290429713 ], [ -95.248506096120622, 71.817421388427078 ], [ -95.281011602737692, 71.783614302369131 ], [ -95.288465926355997, 71.740569099431482 ], [ -95.431750427320623, 71.743217607799409 ], [ -95.37792986619003, 71.790177611532954 ], [ -95.437198136763485, 71.827796697633005 ], [ -95.346531097403471, 71.855040290429713 ] ] ], [ [ [ -73.138896266676511, 71.567520691487658 ], [ -72.838211598139182, 71.461006697398716 ], [ -72.848221983813062, 71.433275601209644 ], [ -73.04189538495001, 71.403572710438326 ], [ -72.977712704861105, 71.312476712342118 ], [ -73.074225768996669, 71.304743398067103 ], [ -73.262528636870371, 71.363278599379612 ], [ -73.256409530545909, 71.408560093881192 ], [ -73.366017991268762, 71.485813112234126 ], [ -73.368625316503682, 71.523137402878547 ], [ -73.138896266676511, 71.567520691487658 ] ] ], [ [ [ -72.731157717918393, 71.660408004919944 ], [ -72.674683775301233, 71.592032205377308 ], [ -72.740549964754777, 71.538219395712247 ], [ -72.838163911574654, 71.534370205465621 ], [ -73.02472656546442, 71.578970500968254 ], [ -72.932602134815937, 71.649207806176548 ], [ -72.731157717918393, 71.660408004919944 ] ] ], [ [ [ -73.180615534448577, 71.698514295587472 ], [ -73.289208159683966, 71.630276402041574 ], [ -73.321360533733667, 71.567568993012557 ], [ -73.421804574009187, 71.563896709971004 ], [ -73.398559285743588, 71.625333808762207 ], [ -73.239626576853141, 71.69629938581437 ], [ -73.180615534448577, 71.698514295587472 ] ] ], [ [ [ -116.989964062310051, 69.692490595560557 ], [ -116.465587274369085, 69.702799437853969 ], [ -116.755195101844436, 69.78644463953286 ], [ -116.924157321993093, 69.879893046041062 ], [ -117.013536778051943, 69.956578301820372 ], [ -117.02283567333275, 70.000251830254626 ], [ -116.354096854561831, 69.999284124606405 ], [ -114.500124415957771, 69.99995765236703 ], [ -113.84408787068277, 70.000136791025255 ], [ -112.825126966212054, 70.002545160200199 ], [ -112.81834730953365, 69.84728348149298 ], [ -112.518087701704971, 69.847602230179533 ], [ -112.510817218663689, 70.00168575961338 ], [ -111.998859494139325, 70.001109704569757 ], [ -109.861798913135246, 69.998054209471974 ], [ -109.858019915536445, 70.529826610550245 ], [ -109.855965914131929, 70.8814099310204 ], [ -109.851917605202658, 71.452289260074139 ], [ -109.846798596541149, 72.078383147706589 ], [ -109.845342464143215, 72.444156597737532 ], [ -109.845157290243876, 72.457301095843505 ], [ -109.844761080998353, 72.48536660604033 ], [ -109.843979527418227, 72.540479016515405 ], [ -109.842602726324586, 72.666630485932814 ], [ -109.842178212236789, 72.725071307028543 ], [ -109.840696620211673, 72.926202910982965 ], [ -109.643304940116394, 72.936818797411775 ], [ -109.589470511912509, 72.908250085814046 ], [ -109.711926093251378, 72.883202306624426 ], [ -109.337850138085884, 72.777747105277683 ], [ -109.360588020890773, 72.747054289836697 ], [ -109.119117238391496, 72.763344593321634 ], [ -109.001148433617331, 72.651639701119493 ], [ -108.981737418276666, 72.567749194062728 ], [ -108.694538925169041, 72.588182008132861 ], [ -108.584421069506249, 72.55201360534646 ], [ -108.548699874118597, 72.501209607246778 ], [ -108.614121134556115, 72.460111689148391 ], [ -108.646341641937155, 72.357311209518969 ], [ -108.533667234441808, 72.256770199850848 ], [ -108.525129190346675, 72.224434392051236 ], [ -108.40557541521099, 72.13652829297223 ], [ -108.369147301836733, 72.08630779166252 ], [ -108.397704982307644, 72.010550606860207 ], [ -108.270291077993349, 71.980009514793721 ], [ -108.183621528142794, 71.933106401769862 ], [ -108.282253417957207, 71.874007898057826 ], [ -108.285879378876274, 71.812055814722072 ], [ -108.162009707247776, 71.752605692464314 ], [ -108.002907213765994, 71.720192092736383 ], [ -107.974386278129742, 71.649426894571377 ], [ -107.855718440419878, 71.632093499903263 ], [ -107.720843727555717, 71.64409580612886 ], [ -107.827407786850259, 71.694057691711251 ], [ -107.675871854456062, 71.70527509038574 ], [ -107.518055296398259, 71.790250389331376 ], [ -107.382295075455914, 71.805571103816959 ], [ -107.346235802026087, 71.835592204828728 ], [ -107.455707111670378, 71.864842408015491 ], [ -107.251360178135556, 71.897239194420393 ], [ -107.389017527879375, 71.944850400251042 ], [ -107.413318717621763, 71.983966796413867 ], [ -107.594056008163392, 72.018300705719511 ], [ -107.661393763155218, 72.132280391021851 ], [ -107.770407999892754, 72.199526898668367 ], [ -107.785114962167228, 72.281780093493396 ], [ -107.710820509557578, 72.297428812315147 ], [ -107.784006484685293, 72.39445189110512 ], [ -107.866907467827318, 72.436012599467148 ], [ -107.943910620772201, 72.510397201356668 ], [ -107.845441606785784, 72.531216000818077 ], [ -107.828136865135065, 72.578756291559174 ], [ -107.944034770351365, 72.62297901146647 ], [ -108.019432479793053, 72.723200412307321 ], [ -108.0741433950962, 72.894085902239127 ], [ -108.136947681928461, 72.970869292859263 ], [ -108.100683384981224, 73.047921897482397 ], [ -108.263401284987111, 73.12465390416105 ], [ -108.245787256973799, 73.175537892575761 ], [ -108.086083480494253, 73.208171795941396 ], [ -107.87069196843666, 73.189517797202299 ], [ -108.102830568876598, 73.274464300074271 ], [ -107.996657000405435, 73.308693990142643 ], [ -107.993029803617517, 73.353289402220142 ], [ -107.607780657787885, 73.324613497990782 ], [ -107.421656708716057, 73.286334801229003 ], [ -107.190532534517459, 73.201767807364476 ], [ -107.067680175501465, 73.219992912494945 ], [ -107.055438704043993, 73.273925503564683 ], [ -106.861302709456851, 73.31526740391584 ], [ -106.722948225150247, 73.289289292924536 ], [ -106.629894903466422, 73.224699311820785 ], [ -106.455579685493944, 73.229042407295751 ], [ -106.385845782601535, 73.159853795130132 ], [ -106.157382857261808, 73.072876799212352 ], [ -105.992008860049722, 73.03885929944704 ], [ -105.829009718578803, 73.048200607544075 ], [ -105.783328085778393, 72.980125802989249 ], [ -105.616612119803492, 72.920587985315734 ], [ -105.44889061073583, 72.919223986562201 ], [ -105.334132878069099, 72.847391492394777 ], [ -105.427629834635638, 72.827159591165199 ], [ -105.323702003670434, 72.784934394108774 ], [ -105.305598638188457, 72.740138198722534 ], [ -105.438908921650764, 72.709343310913738 ], [ -105.320682856556331, 72.657574590501682 ], [ -105.248866990176026, 72.498956010952526 ], [ -105.194485521487437, 72.492140799122623 ], [ -105.227751297471755, 72.404818806551148 ], [ -105.127409813733067, 72.367656006842324 ], [ -105.091740490630869, 72.294934287311747 ], [ -104.945726807158337, 72.180075792827012 ], [ -104.994419339453373, 72.13726339460527 ], [ -104.795885024886729, 71.973019394449068 ], [ -104.82396940676449, 71.896701000485962 ], [ -104.700331936378547, 71.812655702466628 ], [ -104.5356790742958, 71.769610606209326 ], [ -104.412752030469122, 71.647484089673611 ], [ -104.339211312170761, 71.621230305136891 ], [ -104.363804477780732, 71.509869989952776 ], [ -104.28594847028856, 71.45521490708289 ], [ -104.266595727381258, 71.393474689944142 ], [ -104.472374308168327, 71.348548304021861 ], [ -104.411399571845834, 71.273654807257557 ], [ -104.44909532126303, 71.202375093168968 ], [ -104.626738215585689, 71.13129279637441 ], [ -104.488842789136427, 71.030642295774413 ], [ -104.383239417521722, 70.997042108665653 ], [ -104.18971602274712, 70.972832392595436 ], [ -104.120610992442352, 70.948899087007959 ], [ -104.013638242393512, 70.841207309825776 ], [ -103.994483439545562, 70.762754996741833 ], [ -103.829661118129351, 70.752018510677075 ], [ -103.632679235101506, 70.68016279441477 ], [ -103.606600321590221, 70.638590604556128 ], [ -103.495316010398824, 70.580500509632969 ], [ -103.251002996535405, 70.590899790198065 ], [ -103.080062823027717, 70.507096601090254 ], [ -102.976003123929686, 70.49667328613387 ], [ -102.809653512555968, 70.51730249950414 ], [ -102.497453078610064, 70.467598601967453 ], [ -102.374234280014946, 70.410238900302872 ], [ -102.204281699129183, 70.381708305709594 ], [ -102.177410028008239, 70.336467611042224 ], [ -101.964700423768178, 70.302083299454438 ], [ -101.929168524225688, 70.279647085594831 ], [ -101.78509737308687, 70.283968997483868 ], [ -101.656150595984982, 70.31330398742675 ], [ -101.576904190746745, 70.263575189942159 ], [ -101.650434033311313, 70.213654698672698 ], [ -101.595991917708929, 70.150989498267265 ], [ -101.372744865748103, 70.141969896731084 ], [ -101.121254323278038, 70.168660191874039 ], [ -100.999483834779184, 70.202139194371782 ], [ -100.962132175788483, 70.085622003938596 ], [ -100.890524219109679, 70.018967099836999 ], [ -100.920037631610256, 69.961760600622213 ], [ -100.864205472795675, 69.909524607917206 ], [ -100.85249057856997, 69.809510101824401 ], [ -100.921213522278819, 69.682750000906225 ], [ -101.111886765763657, 69.692280188274722 ], [ -101.191976413279647, 69.66918488508496 ], [ -101.308839827692239, 69.704461088149273 ], [ -101.431447505289924, 69.793551412579163 ], [ -101.519459177825766, 69.826178002099212 ], [ -101.556457620470411, 69.738806089029737 ], [ -101.662533726051578, 69.700535800090066 ], [ -101.725493661476506, 69.731185789684503 ], [ -101.891854071095707, 69.734908793051659 ], [ -101.982345574596991, 69.807465909290613 ], [ -102.143079384992888, 69.854625398262684 ], [ -102.215925131886664, 69.848788592121082 ], [ -102.321536372293437, 69.76384389053004 ], [ -102.401279820133865, 69.804836193867018 ], [ -102.608590921633237, 69.706649692078201 ], [ -102.490442897285831, 69.668230587416019 ], [ -102.480628282216514, 69.594638206155125 ], [ -102.525284298278137, 69.552713604900248 ], [ -102.695897786898158, 69.557714889261661 ], [ -102.792046515853258, 69.532365005211702 ], [ -103.012086817050402, 69.598785803099844 ], [ -103.125389429293961, 69.616375001320833 ], [ -103.285822103144497, 69.706291001554618 ], [ -103.390742205632307, 69.715105511644495 ], [ -103.506457129329277, 69.683223484670947 ], [ -103.343006237765238, 69.583706707128712 ], [ -103.202650536285617, 69.570885406910847 ], [ -103.152631673737446, 69.506379510241274 ], [ -102.994872975270127, 69.487156487293959 ], [ -102.97219825991732, 69.407322192742626 ], [ -103.040076083328685, 69.360852901260387 ], [ -103.009909500041701, 69.259850805561328 ], [ -103.202709939036112, 69.199262107387682 ], [ -103.127858378889457, 69.174781592247001 ], [ -102.996077882279366, 69.223042496930262 ], [ -102.944614106723535, 69.301155604301172 ], [ -102.847150821678326, 69.333609192441983 ], [ -102.786887475798054, 69.393078204969598 ], [ -102.619136706250785, 69.42097530865837 ], [ -102.479570768506747, 69.421804806072473 ], [ -102.470087122825547, 69.483333388800219 ], [ -102.334398085011259, 69.481622209427726 ], [ -102.289761659398565, 69.508930292120084 ], [ -102.107785217271839, 69.498789402589566 ], [ -101.962070272719544, 69.459212009304608 ], [ -101.910846022077664, 69.408070005732526 ], [ -102.101289318471828, 69.36816290893762 ], [ -102.011956794764785, 69.281158805657341 ], [ -102.044314598726885, 69.23945980909977 ], [ -102.167963775841443, 69.291656809854018 ], [ -102.214649987054273, 69.271623694085989 ], [ -102.149082384625544, 69.21504389876624 ], [ -102.043538413192167, 69.229649504988302 ], [ -101.979277812310073, 69.259385686465222 ], [ -101.8351190082127, 69.229543303303473 ], [ -101.740189970755409, 69.184127900609923 ], [ -101.800524526067051, 69.067910592100148 ], [ -101.789891232244841, 69.01176100407784 ], [ -101.978244733598501, 68.97800549670383 ], [ -102.072306128610933, 69.008061601002396 ], [ -102.128145818260421, 68.95595260330731 ], [ -102.20091239080206, 68.964048090437572 ], [ -102.368280824412338, 68.930812709658554 ], [ -102.445528816160561, 68.883070799875043 ], [ -102.696827093556777, 68.846998005962476 ], [ -102.89682852056572, 68.799989092746216 ], [ -103.000678128961852, 68.802373605274624 ], [ -103.133039813141977, 68.849833785511365 ], [ -103.248262002263701, 68.828858909628906 ], [ -103.361281532743561, 68.782597189908799 ], [ -103.560755330661735, 68.830962809893322 ], [ -103.619977112477699, 68.818780397616834 ], [ -103.777827873724718, 68.846317697305736 ], [ -103.872644999518201, 68.846141388696239 ], [ -103.953020410488449, 68.87426980260696 ], [ -104.095628799246171, 68.858503586954569 ], [ -104.219126070445171, 68.893753197874858 ], [ -104.455710623874225, 68.924767396200536 ], [ -104.523493491879563, 68.865155593959955 ], [ -104.655068492517046, 68.861437194914828 ], [ -105.122883273522888, 68.89588510474249 ], [ -105.238984890492048, 68.961618292876807 ], [ -105.017128603944812, 69.001927585998985 ], [ -104.876464640960222, 69.060385307065687 ], [ -105.040999586271724, 69.0580519091056 ], [ -105.110725923578713, 69.078166502272325 ], [ -105.342809381526592, 69.104160788351408 ], [ -105.446745815150265, 69.09469909533874 ], [ -105.511601117043639, 69.148132306766087 ], [ -105.719360783092498, 69.182114913691152 ], [ -105.840034875189815, 69.185890395004634 ], [ -106.064947619241991, 69.153214705493781 ], [ -106.380714134557422, 69.178859804473262 ], [ -106.397202730849969, 69.239976496806221 ], [ -106.242627900692113, 69.287313494452036 ], [ -106.297777701732059, 69.323364207155961 ], [ -106.315364121639334, 69.38951240378249 ], [ -106.444745015485282, 69.471343000712608 ], [ -106.565311267136906, 69.498608890999606 ], [ -106.730492999614597, 69.439758407550855 ], [ -106.730038565944156, 69.389598703961468 ], [ -106.943618213421161, 69.361406385214437 ], [ -106.967146089098875, 69.33834429674063 ], [ -106.9019726852503, 69.249159613923453 ], [ -107.10991889268611, 69.161390510003699 ], [ -107.189857939190929, 69.089273806857108 ], [ -107.274082687372058, 69.042235095099642 ], [ -107.49250089749448, 68.983636595656023 ], [ -108.120306885533267, 68.93624730101007 ], [ -108.499545629050658, 68.946215802701701 ], [ -108.501450913609006, 68.904781308837386 ], [ -108.681898313480545, 68.824761990555359 ], [ -108.967127404031231, 68.738269597713014 ], [ -109.151208533786132, 68.70961389966952 ], [ -109.381744979343239, 68.700083907494957 ], [ -109.634713794740435, 68.645594507234776 ], [ -110.027441171503, 68.62267039179423 ], [ -110.115826977246513, 68.643111507408619 ], [ -110.250654080615845, 68.625862795071569 ], [ -110.316595511023181, 68.580484884440068 ], [ -110.396396744456894, 68.610869607656596 ], [ -110.544172531870899, 68.629491999722305 ], [ -110.803202233104784, 68.568382393385008 ], [ -110.946162726781921, 68.552919802863912 ], [ -111.105758031916693, 68.585774299399176 ], [ -111.207581064851212, 68.564097500364809 ], [ -111.16787473640079, 68.526273602814285 ], [ -111.543112202381181, 68.553837891872789 ], [ -111.795876307394849, 68.544045600787882 ], [ -111.822961591959185, 68.532411187908906 ], [ -112.095856894166758, 68.537350790389425 ], [ -112.332311081963596, 68.502158815149414 ], [ -112.581018475719787, 68.512498297614329 ], [ -112.743879113255375, 68.471491702180742 ], [ -112.867134517044647, 68.490893591563207 ], [ -113.180632239004424, 68.461720304446089 ], [ -113.236581900559528, 68.498199010423733 ], [ -113.096689693411747, 68.50499220997132 ], [ -113.058147302606969, 68.542700507150357 ], [ -113.324118324452982, 68.592305586306097 ], [ -113.419916169265335, 68.646212700474294 ], [ -113.418709018052027, 68.695583501359962 ], [ -113.564998490202129, 68.756024895053784 ], [ -113.645556810518173, 68.895403103832493 ], [ -113.546037020440565, 68.955126104356765 ], [ -113.545294602249143, 69.042445495145756 ], [ -113.669140888790665, 69.152386497036247 ], [ -113.675714386301962, 69.214868709106113 ], [ -113.905786531411877, 69.237349207760559 ], [ -113.943011673157812, 69.263558092836604 ], [ -114.122473597163292, 69.254999492701359 ], [ -114.180797103145295, 69.282226993071674 ], [ -114.373271497551229, 69.294355207689208 ], [ -114.464374922033073, 69.280445705781574 ], [ -114.866514111273872, 69.265234509544925 ], [ -114.950565593890616, 69.280155489928518 ], [ -115.102409778563327, 69.251610709924037 ], [ -115.298776718143955, 69.273745105486825 ], [ -115.3840287112167, 69.259909895607137 ], [ -115.552224973256074, 69.279194594040106 ], [ -115.938150781885042, 69.298299912178379 ], [ -116.026750207275711, 69.341888502000316 ], [ -116.195815002440511, 69.353011596373548 ], [ -116.345887378362534, 69.398951512866233 ], [ -116.501128712489631, 69.409449084253225 ], [ -116.619138705919809, 69.461582696583804 ], [ -116.581630389482612, 69.520911103077097 ], [ -116.598133421823519, 69.565512608942285 ], [ -116.784095739055132, 69.56469970642371 ], [ -116.888735094530091, 69.602915614185619 ], [ -116.861205118233116, 69.660778786122833 ], [ -116.989964062310051, 69.692490595560557 ] ] ], [ [ [ -100.014293376636317, 73.948778406700157 ], [ -99.770673155820461, 73.935713989389697 ], [ -99.829535973080496, 73.902126305488807 ], [ -99.7041393039014, 73.847265003433066 ], [ -99.468958662339929, 73.827143203031454 ], [ -99.214479663517466, 73.739298896036232 ], [ -99.124210691068797, 73.751642487195184 ], [ -98.74272898429895, 73.768650405352446 ], [ -98.542588513832172, 73.793393710884857 ], [ -98.175348416168831, 73.811078989790275 ], [ -97.944638025546837, 73.849698308214769 ], [ -97.89030867316562, 73.895717799689294 ], [ -97.620155388997333, 73.899422209674938 ], [ -97.479354632650654, 73.865158494471061 ], [ -97.195689399375198, 73.858423405821199 ], [ -97.110909970996161, 73.799489388758644 ], [ -96.935693903423271, 73.733651098666272 ], [ -96.954833634158177, 73.639008296938172 ], [ -97.189776627272991, 73.579906398876574 ], [ -97.410700528422325, 73.590770998944407 ], [ -97.436757611637262, 73.535059302471993 ], [ -97.619452171069895, 73.548433289038272 ], [ -97.667318311128952, 73.473866588912188 ], [ -97.521400491304192, 73.486733509053536 ], [ -97.174737923264487, 73.446467202992025 ], [ -97.159631501105679, 73.360447612187187 ], [ -97.439183358823058, 73.345389310439401 ], [ -97.687057961091952, 73.31932559139662 ], [ -97.839047997224853, 73.279221998231094 ], [ -97.974895404491747, 73.177309308473099 ], [ -98.128307381420328, 73.137800793483223 ], [ -98.293364421336875, 73.064868900653195 ], [ -98.487279688529384, 73.010120701844173 ], [ -98.386300400417198, 72.9415086105612 ], [ -98.23410547820545, 72.989230396969674 ], [ -97.953433649606893, 73.039209510625298 ], [ -97.586448581232048, 73.024517305766935 ], [ -97.281864966815078, 72.972131408822378 ], [ -97.233258213227529, 72.934363307058263 ], [ -97.250462995158088, 72.851157009246023 ], [ -97.166820186088074, 72.79206439270429 ], [ -97.073823233588072, 72.780480208970801 ], [ -97.023324186384784, 72.720801704981426 ], [ -97.140468634498816, 72.687295806713905 ], [ -97.196121184999498, 72.609759788694262 ], [ -97.101551184373847, 72.6011940070712 ], [ -96.892476238505949, 72.68438508831899 ], [ -96.683442274774606, 72.715991995389544 ], [ -96.465109909245285, 72.661559708973343 ], [ -96.418023443720131, 72.552466610402362 ], [ -96.324758780042899, 72.515845991214675 ], [ -96.273490730311423, 72.413275803488958 ], [ -96.374759764716558, 72.410161194082505 ], [ -96.442403193699803, 72.36611209139609 ], [ -96.602423081379015, 72.337996896976918 ], [ -96.654191691501325, 72.308763009318739 ], [ -96.55549219888826, 72.278090402919744 ], [ -96.459258240075357, 72.11255659112247 ], [ -96.490175360011406, 72.076852901980999 ], [ -96.771504738706426, 72.046644694581147 ], [ -96.627702001270663, 72.021454095267558 ], [ -96.463274411167887, 72.044121008524215 ], [ -96.463109974664533, 71.938482796117881 ], [ -96.527155221421751, 71.836507598958264 ], [ -96.707863867281546, 71.800593597101397 ], [ -96.933083572197404, 71.806959188999485 ], [ -97.079977685553274, 71.703728502279262 ], [ -97.393165590793288, 71.627925992675699 ], [ -97.496371007527472, 71.616269812653243 ], [ -97.702402330379314, 71.633203111255042 ], [ -97.775688620498045, 71.657868487751344 ], [ -97.943742656451391, 71.66146548941127 ], [ -98.192884461949689, 71.649864893644519 ], [ -98.360297330752914, 71.747958897179188 ], [ -98.272174283656256, 71.834649507698217 ], [ -98.387208202254072, 71.835473407910214 ], [ -98.49179450467868, 71.766690705746115 ], [ -98.475472571276299, 71.734618397699208 ], [ -98.220761400569756, 71.588989703272674 ], [ -98.058002588918683, 71.528683910303116 ], [ -98.087646687779213, 71.487820194206734 ], [ -98.211714367657422, 71.417846396906796 ], [ -98.296508018749137, 71.400052502156868 ], [ -98.451598957270392, 71.3220296889683 ], [ -98.688227535201406, 71.280273391282847 ], [ -98.810611479378352, 71.300428188405988 ], [ -98.923716736284121, 71.364935392379408 ], [ -99.217736986697233, 71.353002298612623 ], [ -99.279282689394904, 71.407328612582276 ], [ -99.305206786803879, 71.477166289774928 ], [ -99.376343123466157, 71.543686090248869 ], [ -99.347592231174843, 71.578453304609525 ], [ -99.54418848281513, 71.616511798714583 ], [ -99.603990172363766, 71.660334999689894 ], [ -99.599296610971678, 71.705471896356656 ], [ -99.671421326181616, 71.765537285782301 ], [ -99.81529280054113, 71.814599705256114 ], [ -99.837157270962791, 71.850712593347723 ], [ -100.022638130307243, 71.864265507233327 ], [ -100.147551186752096, 71.939430307446955 ], [ -100.253170196548723, 71.95788378957684 ], [ -100.325547927811201, 72.029518406897225 ], [ -100.430875873799849, 72.055098704566362 ], [ -100.627867032417655, 72.192502303517173 ], [ -100.748999592968616, 72.206109710349494 ], [ -100.919871629835967, 72.189868301105165 ], [ -101.020716002257387, 72.228296810171884 ], [ -101.165830619459172, 72.318777992608631 ], [ -101.261184491316982, 72.338221603076008 ], [ -101.452802529666656, 72.256568086191038 ], [ -101.613264615881619, 72.306666111577158 ], [ -101.80598158567058, 72.316466505742355 ], [ -101.953503206348785, 72.466277803090733 ], [ -101.919739867029946, 72.484174905708187 ], [ -102.063203569799271, 72.531435300705169 ], [ -102.220798770637217, 72.540964011336442 ], [ -102.355853558437104, 72.59220599120539 ], [ -102.593354099840909, 72.656584603307465 ], [ -102.738010456440307, 72.76543919751083 ], [ -102.704651730377066, 72.829232806141334 ], [ -102.61022982649628, 72.88350659693468 ], [ -102.517564804045264, 73.024498890391385 ], [ -102.118777588401329, 73.088583003682345 ], [ -101.89466802882761, 73.044805689957087 ], [ -101.766705198135398, 72.98478950961227 ], [ -101.745524887823862, 72.936784197545421 ], [ -101.536868735177364, 72.893610295560876 ], [ -101.38773812110648, 72.795973888237356 ], [ -101.339301896468783, 72.730499689672982 ], [ -101.236125506794011, 72.712430893091721 ], [ -100.836639668262606, 72.695770690615973 ], [ -100.768618789065073, 72.746061698110694 ], [ -100.639248687203491, 72.723375104842603 ], [ -100.508559625941999, 72.760250594904562 ], [ -100.437698056218608, 72.738278399534096 ], [ -100.295704314336717, 72.809532889925833 ], [ -100.31085160317275, 72.843685001792792 ], [ -100.438070265619103, 72.929052790817522 ], [ -100.253185882757549, 72.955431511006864 ], [ -100.32428321223334, 72.874561092920771 ], [ -100.021999214269286, 72.897196102393536 ], [ -100.016024984133438, 72.943048698562478 ], [ -100.172048284361225, 72.992959598425102 ], [ -100.114456563525067, 73.033176810625577 ], [ -100.221034573668263, 73.059310810965485 ], [ -100.253960962521703, 73.106846603409778 ], [ -100.590852612124806, 73.14612159176292 ], [ -100.442624645324429, 73.261611309283452 ], [ -100.271730155458414, 73.286167699020183 ], [ -100.155202874702809, 73.235903690599073 ], [ -99.972183731500962, 73.192459407635141 ], [ -99.923014264650718, 73.220161700058483 ], [ -100.15235362578602, 73.293797090817094 ], [ -100.193428117396294, 73.332371000282137 ], [ -100.339896594465856, 73.332585109169415 ], [ -100.539506774045051, 73.310242200217843 ], [ -100.576685104851379, 73.285067596430267 ], [ -100.813673364644842, 73.26724938913911 ], [ -100.975267402316476, 73.282060904323885 ], [ -101.006760275764535, 73.331083013034004 ], [ -101.202819833873136, 73.346700307342715 ], [ -101.425007977706912, 73.417791403261305 ], [ -101.573815139695284, 73.484360798961916 ], [ -101.449078423365634, 73.550553706010618 ], [ -101.266919249590615, 73.560074006792178 ], [ -101.198912912635407, 73.610556293702615 ], [ -100.979789528630178, 73.592809602177383 ], [ -100.868941672147031, 73.599629503998429 ], [ -100.669731732732089, 73.471204593863206 ], [ -100.536192526614528, 73.562184592245814 ], [ -100.561302452388588, 73.592208998411067 ], [ -100.701512719439734, 73.617594803386226 ], [ -100.907580749034651, 73.627024709479443 ], [ -100.848405013770432, 73.660017304788141 ], [ -101.123283594745089, 73.737308802796278 ], [ -101.006187805322085, 73.753201906527039 ], [ -101.019638243126977, 73.800755902460494 ], [ -100.808579445271079, 73.82113400001198 ], [ -100.542932027464659, 73.866240802980172 ], [ -100.423418974127927, 73.852266096445049 ], [ -100.259357781189109, 73.806141203507138 ], [ -100.16906424306903, 73.808037707518324 ], [ -100.040130065419788, 73.769801409871093 ], [ -99.851150066822555, 73.84421268795974 ], [ -100.239352374578573, 73.840656607702073 ], [ -100.306922403286464, 73.868373706884142 ], [ -100.264622417424405, 73.917657400378303 ], [ -100.014293376636317, 73.948778406700157 ] ] ], [ [ [ -93.491067970356511, 74.179098199974547 ], [ -93.023911835649571, 74.153517795446277 ], [ -92.576131396042925, 74.10191790633894 ], [ -92.292429260185244, 74.037526196536007 ], [ -92.259482390661958, 73.953716205518148 ], [ -92.109817331709621, 73.956586807930918 ], [ -92.061356452390498, 73.998642687710444 ], [ -91.921082212525178, 74.018064098368527 ], [ -91.533477733799458, 74.031875386868421 ], [ -91.4580650017473, 74.015368305628442 ], [ -91.10855783895299, 74.013876491469802 ], [ -90.764900271171584, 73.972942807609471 ], [ -90.684313773506901, 73.978139693807719 ], [ -90.391688937772003, 73.917661307655933 ], [ -90.287170465509135, 73.934129988636101 ], [ -90.164826792953974, 73.892971704292805 ], [ -90.232482601117823, 73.852204408219819 ], [ -90.363296912074887, 73.861783192230831 ], [ -90.336722786802213, 73.805622196354889 ], [ -90.505431792823686, 73.689017486813441 ], [ -90.786435931431271, 73.550121809103402 ], [ -90.984590627669064, 73.540668898021053 ], [ -90.915958861391843, 73.507452789334906 ], [ -91.110841798625259, 73.377199503076341 ], [ -91.233374063648, 73.277396800808376 ], [ -91.294697311046534, 73.25451960180844 ], [ -91.455620680394446, 73.119260397663496 ], [ -91.813263861357399, 72.866402988898514 ], [ -92.112313003023374, 72.739033095208185 ], [ -92.258806021320083, 72.710484086738447 ], [ -92.369114074930962, 72.710755399930619 ], [ -92.673227009625847, 72.746464907013547 ], [ -93.07653406821116, 72.775067598252861 ], [ -93.267706238154389, 72.81694339477346 ], [ -93.496771499114089, 72.812019797167494 ], [ -93.544177139495105, 72.787933692278088 ], [ -93.942131566895583, 72.779910000673127 ], [ -94.064040264672187, 72.762683711151084 ], [ -94.200607831533901, 72.777495197621619 ], [ -94.224344566792013, 72.736053999406295 ], [ -93.867566080062346, 72.707345900083794 ], [ -93.798419955462222, 72.657672597682861 ], [ -93.568243862247485, 72.591394987647163 ], [ -93.479570942476514, 72.524390011762137 ], [ -93.442617367262855, 72.45055169626886 ], [ -93.530573577107276, 72.430197406906686 ], [ -93.631992183280744, 72.342008498468033 ], [ -93.827340974720755, 72.313488989670134 ], [ -93.862349599600492, 72.26082370671287 ], [ -94.019178174051191, 72.158900107894127 ], [ -94.063352221348765, 72.069080304624393 ], [ -94.217272887518021, 72.05503720935954 ], [ -94.242131273611577, 72.028422702578226 ], [ -94.027016366128535, 72.011359208812394 ], [ -94.082385164992616, 71.98544179168448 ], [ -94.439690284599806, 72.028057400424117 ], [ -94.68572156754081, 72.018085294986278 ], [ -94.81178406099508, 71.998795904017911 ], [ -95.163369006822123, 71.97125609492376 ], [ -95.213966670579467, 72.01315419047657 ], [ -95.138033176633186, 72.091603994788628 ], [ -95.201168809351913, 72.223680089286731 ], [ -95.155369487325785, 72.369110807789454 ], [ -95.190632700531182, 72.440199599360767 ], [ -95.135152773220753, 72.457804689383124 ], [ -95.205995303631212, 72.529174398534508 ], [ -95.31354360057, 72.545147406211896 ], [ -95.325869485212721, 72.632472600863295 ], [ -95.567012110557414, 72.690582905584748 ], [ -95.611330307325815, 72.733326890158438 ], [ -95.560074567866238, 72.779539906371525 ], [ -95.667814626620995, 72.805054499454599 ], [ -95.619741760117179, 72.954028902118807 ], [ -95.686914920293503, 72.983319506326524 ], [ -95.639715444422407, 73.023113993850728 ], [ -95.669027621207889, 73.083736505687469 ], [ -95.638560342094806, 73.132107701120177 ], [ -95.508108277814415, 73.1353573996211 ], [ -95.582976299377179, 73.204689599923341 ], [ -95.581179431301308, 73.293459496537821 ], [ -95.616456490703968, 73.412415186938972 ], [ -95.67068898563673, 73.451066112195335 ], [ -95.616031555524856, 73.528694290123426 ], [ -95.696610764695663, 73.638245011324102 ], [ -95.659781197317926, 73.725416908568846 ], [ -95.386037994790783, 73.778098003395257 ], [ -95.277120395895622, 73.773863502136095 ], [ -95.131432645199752, 73.703093889427308 ], [ -94.863431818846948, 73.658534098967991 ], [ -94.915036926499724, 73.74366280265717 ], [ -94.996555727738638, 73.752202001459239 ], [ -95.329764685021559, 73.916183894927286 ], [ -95.303670081041048, 73.987281187222706 ], [ -95.12119408471041, 74.027779110867201 ], [ -94.678344407299491, 74.091831298684795 ], [ -94.484196421740407, 74.099393386170831 ], [ -94.389957988465198, 74.121647899654903 ], [ -93.922043291428679, 74.144611695862793 ], [ -93.828174340204583, 74.082815287432808 ], [ -93.73452656307559, 74.083249710973405 ], [ -93.715014723483364, 74.161573907107169 ], [ -93.491067970356511, 74.179098199974547 ] ] ] ] } },
{ "type": "Feature", "properties": { "year": "2021", "prov_code": [ "59" ], "prov_name_e": [ "British Columbia" ], "prov_area_c": "CAN", "prov_type": "province", "prov_name_f": "Colombie-Britannique" }, "geometry": { "type": "MultiPolygon", "coordinates": [ [ [ [ -124.689347934124768, 49.549644253778979 ], [ -124.625109035147503, 49.537017279632749 ], [ -124.65939014791789, 49.492569060125312 ], [ -124.706348423107826, 49.514959062344367 ], [ -124.689347934124768, 49.549644253778979 ] ] ], [ [ [ -133.059739371628467, 54.256285983436335 ], [ -133.001718948633567, 54.256002570544652 ], [ -132.966882142711597, 54.224227077749781 ], [ -133.016524778151478, 54.192873076929978 ], [ -133.059739371628467, 54.256285983436335 ] ] ], [ [ [ -126.011302049811945, 49.216362152509092 ], [ -125.933109636555301, 49.189853366962659 ], [ -126.015128345868973, 49.158781368022311 ], [ -126.011302049811945, 49.216362152509092 ] ] ], [ [ [ -130.44733196850558, 54.328190081814846 ], [ -130.388249049949223, 54.306737166223876 ], [ -130.367525067209755, 54.260233871969383 ], [ -130.408191059218211, 54.24885447944105 ], [ -130.473406759072873, 54.305196173294213 ], [ -130.44733196850558, 54.328190081814846 ] ] ], [ [ [ -130.577353052921353, 53.84725586538007 ], [ -130.500373658558146, 53.819621984211459 ], [ -130.589757454112117, 53.788222388546878 ], [ -130.62317324158812, 53.826032279627299 ], [ -130.577353052921353, 53.84725586538007 ] ] ], [ [ [ -126.677029661867479, 50.591584470347669 ], [ -126.520897244892737, 50.578874756463549 ], [ -126.53031734412599, 50.557856371747519 ], [ -126.637240152010932, 50.552375959422314 ], [ -126.677029661867479, 50.591584470347669 ] ] ], [ [ [ -127.980575659067341, 50.919878954375896 ], [ -127.901627237466982, 50.944657379313696 ], [ -127.841189050472764, 50.931996180943685 ], [ -127.873738360261584, 50.888869657942692 ], [ -127.980575659067341, 50.919878954375896 ] ] ], [ [ [ -127.596138755397888, 51.303599468721139 ], [ -127.473996532084556, 51.30058716336945 ], [ -127.49545494636979, 51.273860482209606 ], [ -127.58306694152094, 51.270124782968914 ], [ -127.596138755397888, 51.303599468721139 ] ] ], [ [ [ -128.367880841669972, 52.237514782449246 ], [ -128.279078866761182, 52.213908478503939 ], [ -128.377082056216864, 52.152492263570096 ], [ -128.367880841669972, 52.237514782449246 ] ] ], [ [ [ -129.94091878211367, 53.547419976392042 ], [ -129.894927147325319, 53.520841371991494 ], [ -129.927682774670131, 53.4694715712141 ], [ -130.026164251147719, 53.50998027047239 ], [ -129.94091878211367, 53.547419976392042 ] ] ], [ [ [ -131.841031161282501, 52.846518086623583 ], [ -131.751778246641351, 52.860563668191432 ], [ -131.697005239913892, 52.843414771340257 ], [ -131.739438743787986, 52.80713727663818 ], [ -131.830471072348587, 52.819127671150383 ], [ -131.841031161282501, 52.846518086623583 ] ] ], [ [ [ -128.434383855423619, 52.237312464534675 ], [ -128.377360756436161, 52.237195761709359 ], [ -128.393648431269014, 52.161704076106162 ], [ -128.495777359785279, 52.172246064582005 ], [ -128.434383855423619, 52.237312464534675 ] ] ], [ [ [ -130.186334343826871, 54.079305176004532 ], [ -130.130789142063918, 54.02661938275282 ], [ -130.206308645997126, 54.003270890352404 ], [ -130.224209553090304, 54.054315960043972 ], [ -130.186334343826871, 54.079305176004532 ] ] ], [ [ [ -126.860072349442291, 50.882427963671013 ], [ -126.806176448023891, 50.891158363390979 ], [ -126.734371757761153, 50.863460376361552 ], [ -126.813927733397719, 50.839480863162002 ], [ -126.886698541488244, 50.840353958512587 ], [ -126.860072349442291, 50.882427963671013 ] ] ], [ [ [ -128.010281346235473, 51.731984466672913 ], [ -127.96378052903782, 51.657311767056157 ], [ -128.075100563309888, 51.659411075921341 ], [ -128.078096137395136, 51.689134367935793 ], [ -128.010281346235473, 51.731984466672913 ] ] ], [ [ [ -128.097056322709676, 52.292593165388297 ], [ -128.002799851134711, 52.291421081780605 ], [ -128.07991255425037, 52.231161358309741 ], [ -128.15402236271936, 52.241731872657468 ], [ -128.097056322709676, 52.292593165388297 ] ] ], [ [ [ -130.259239438229713, 54.194613467073886 ], [ -130.154851768554693, 54.150546972997979 ], [ -130.246013176342302, 54.11721757953908 ], [ -130.289407547770224, 54.151841562197404 ], [ -130.259239438229713, 54.194613467073886 ] ] ], [ [ [ -128.437564354404799, 52.544666864625235 ], [ -128.275751654161269, 52.514254269659467 ], [ -128.282250448400816, 52.486180286015369 ], [ -128.412751123691208, 52.465718668068909 ], [ -128.437564354404799, 52.544666864625235 ] ] ], [ [ [ -123.360487041205076, 49.413323269839175 ], [ -123.310975021877908, 49.403850758212876 ], [ -123.360550940995623, 49.335622665665319 ], [ -123.426590217133651, 49.336566862258195 ], [ -123.425963735158547, 49.372640652854571 ], [ -123.360487041205076, 49.413323269839175 ] ] ], [ [ [ -124.826434549958833, 49.599446060494628 ], [ -124.776962443789117, 49.56988366898868 ], [ -124.722029347675871, 49.484304348469053 ], [ -124.830788455820155, 49.539746056852486 ], [ -124.826434549958833, 49.599446060494628 ] ] ], [ [ [ -130.292007063921403, 54.331938567376646 ], [ -130.248397843445076, 54.299663080276133 ], [ -130.259581957669837, 54.254750685290603 ], [ -130.335946843008884, 54.241271987479351 ], [ -130.352939277922871, 54.300540473591376 ], [ -130.292007063921403, 54.331938567376646 ] ] ], [ [ [ -130.227037946965055, 54.800383771335326 ], [ -130.210931863158379, 54.749721865607029 ], [ -130.234894864160538, 54.72282418642655 ], [ -130.332772745885137, 54.70371277256632 ], [ -130.369762054721178, 54.719964387633212 ], [ -130.261155173858668, 54.766943376900336 ], [ -130.227037946965055, 54.800383771335326 ] ] ], [ [ [ -123.863008634616975, 49.19851827541617 ], [ -123.759678147682678, 49.164765949971596 ], [ -123.763354149268963, 49.129990972317415 ], [ -123.862195326073419, 49.158107767754849 ], [ -123.863008634616975, 49.19851827541617 ] ] ], [ [ [ -129.408652447303353, 53.408785976882193 ], [ -129.334669154842061, 53.362715678653046 ], [ -129.337893553171341, 53.301283764606403 ], [ -129.385542966304968, 53.295413175355293 ], [ -129.400365148508854, 53.338539675138527 ], [ -129.451904973170286, 53.360720370043687 ], [ -129.457068255716649, 53.377077367865311 ], [ -129.408652447303353, 53.408785976882193 ] ] ], [ [ [ -126.558737843948435, 50.609536573247091 ], [ -126.462297961438821, 50.629889975159188 ], [ -126.401365528058918, 50.594697769669438 ], [ -126.489317540734504, 50.575309963361555 ], [ -126.558737843948435, 50.609536573247091 ] ] ], [ [ [ -125.100922063008369, 50.250000075766948 ], [ -125.172869234147896, 50.248576461417997 ], [ -125.209591036799779, 50.298839657681881 ], [ -125.15486334084423, 50.32299275512468 ], [ -125.09159494102839, 50.29249615861147 ], [ -125.100922063008369, 50.250000075766948 ] ] ], [ [ [ -125.100922063008369, 50.250000075766948 ], [ -125.054098847597317, 50.260370373272586 ], [ -125.033058548661728, 50.208121770622107 ], [ -125.127956332220421, 50.128319071972967 ], [ -125.153454138898397, 50.143310272388703 ], [ -125.100922063008369, 50.250000075766948 ] ] ], [ [ [ -129.750334961096314, 53.132183158914316 ], [ -129.686764529756204, 53.135767868161061 ], [ -129.59858375235126, 53.07855878777054 ], [ -129.621774861100761, 53.051084376718322 ], [ -129.733473075353572, 53.077551872326929 ], [ -129.750334961096314, 53.132183158914316 ] ] ], [ [ [ -123.584116329188788, 49.011315874001909 ], [ -123.50704195493195, 48.958533261175383 ], [ -123.345912841893949, 48.90511835849879 ], [ -123.389190933720158, 48.891756374266599 ], [ -123.553877345048818, 48.965254173976582 ], [ -123.584116329188788, 49.011315874001909 ] ] ], [ [ [ -127.834220238595975, 50.890235470795233 ], [ -127.7239474310866, 50.915530862920072 ], [ -127.659165850665204, 50.870350656787558 ], [ -127.670130363141254, 50.835654067422908 ], [ -127.833479633498655, 50.874372663787327 ], [ -127.834220238595975, 50.890235470795233 ] ] ], [ [ [ -131.349343767847756, 52.428454257901507 ], [ -131.235824668355718, 52.441833277070771 ], [ -131.350151046667634, 52.357615462804461 ], [ -131.349343767847756, 52.428454257901507 ] ] ], [ [ [ -130.793463959939089, 54.216104771512263 ], [ -130.662483166013942, 54.157326161495391 ], [ -130.687062836090377, 54.10753727450853 ], [ -130.817930674711363, 54.165542478016306 ], [ -130.793463959939089, 54.216104771512263 ] ] ], [ [ [ -124.363804552028242, 49.525505352276092 ], [ -124.271685656957814, 49.499748559510508 ], [ -124.20672123007526, 49.453265152050371 ], [ -124.322606936773809, 49.462278957360731 ], [ -124.382086425030806, 49.506398171989289 ], [ -124.363804552028242, 49.525505352276092 ] ] ], [ [ [ -123.424223039922836, 49.527107559400314 ], [ -123.366332738137899, 49.528132970905226 ], [ -123.315919253661704, 49.448190662179613 ], [ -123.456992920176233, 49.465530466744838 ], [ -123.424223039922836, 49.527107559400314 ] ] ], [ [ [ -125.96596002558428, 50.442402758303835 ], [ -125.801710054355141, 50.473372265655406 ], [ -125.734296124498798, 50.425557261487143 ], [ -125.823237353725375, 50.408345670927581 ], [ -125.918517932365475, 50.414521075426194 ], [ -125.96596002558428, 50.442402758303835 ] ] ], [ [ [ -125.785285526910187, 50.401102160486012 ], [ -125.656938427842377, 50.41305696064056 ], [ -125.600236344313046, 50.436691779029047 ], [ -125.521048151243818, 50.44582947629231 ], [ -125.49937274475289, 50.407133659272546 ], [ -125.595986325742174, 50.385001460334401 ], [ -125.743609834275929, 50.37669116048729 ], [ -125.785285526910187, 50.401102160486012 ] ] ], [ [ [ -127.104237151562685, 50.673316978827842 ], [ -127.026498451870921, 50.656609560854271 ], [ -126.870098834350074, 50.656005765708876 ], [ -126.887365337735616, 50.619901973782412 ], [ -127.029158757147385, 50.638054954110075 ], [ -127.132495359051134, 50.628551265334885 ], [ -127.104237151562685, 50.673316978827842 ] ] ], [ [ [ -125.888350447478899, 49.241482361060903 ], [ -125.781089945140309, 49.233687649776037 ], [ -125.799009544246402, 49.140155577061627 ], [ -125.857370038794201, 49.13964285757848 ], [ -125.888350447478899, 49.241482361060903 ] ] ], [ [ [ -128.510304236571727, 52.883353883789432 ], [ -128.452878750362203, 52.807949064206007 ], [ -128.490934341981188, 52.772239869440497 ], [ -128.475555738278274, 52.706113877492157 ], [ -128.544662649712706, 52.710077367861075 ], [ -128.510304236571727, 52.883353883789432 ] ] ], [ [ [ -130.629037349918377, 54.774487390669698 ], [ -130.587089870469811, 54.770926874457665 ], [ -130.49504365347525, 54.825392868123501 ], [ -130.43595666558258, 54.757080672228653 ], [ -130.479061954697414, 54.704470374229004 ], [ -130.59349503664771, 54.723843976593265 ], [ -130.629037349918377, 54.774487390669698 ] ] ], [ [ [ -128.399488138176707, 52.458173177076738 ], [ -128.286798638748138, 52.476319069295762 ], [ -128.288571841138975, 52.416533574335823 ], [ -128.330883941213443, 52.410029280290821 ], [ -128.379933139686102, 52.364571368432799 ], [ -128.453754361017502, 52.36159046107376 ], [ -128.399488138176707, 52.458173177076738 ] ] ], [ [ [ -128.107649547701186, 52.43807047740826 ], [ -128.079784854918074, 52.410607462226295 ], [ -128.046598626722044, 52.320680073920251 ], [ -128.161838159115888, 52.273057381195734 ], [ -128.203021530247213, 52.281200968325741 ], [ -128.107649547701186, 52.43807047740826 ] ] ], [ [ [ -124.741082532482253, 50.307917567789097 ], [ -124.660469627320467, 50.269261674007254 ], [ -124.642601627604137, 50.2341050684918 ], [ -124.669571145154364, 50.184412953657002 ], [ -124.70974551932342, 50.162025861676732 ], [ -124.755195337799691, 50.21016127289834 ], [ -124.814217449159258, 50.233818750166179 ], [ -124.783909135366784, 50.285537568133527 ], [ -124.741082532482253, 50.307917567789097 ] ] ], [ [ [ -124.136480030939325, 49.760011356062705 ], [ -124.060416546908243, 49.740872868868685 ], [ -124.086018751337434, 49.652890867112369 ], [ -124.162313126071155, 49.661523065127483 ], [ -124.197984160731721, 49.6887838634267 ], [ -124.136480030939325, 49.760011356062705 ] ] ], [ [ [ -125.486757329199264, 50.428803061621586 ], [ -125.393327722780498, 50.460356361974057 ], [ -125.322546549301308, 50.443055057638063 ], [ -125.387593224547444, 50.364642367900359 ], [ -125.452134329267395, 50.348187069585812 ], [ -125.509430734870506, 50.370810674163216 ], [ -125.486757329199264, 50.428803061621586 ] ] ], [ [ [ -127.982491158939823, 52.301732361785042 ], [ -127.915694372732631, 52.245635573626004 ], [ -127.914787756022093, 52.164438559527021 ], [ -128.033493153227056, 52.175226975372446 ], [ -128.095709546977588, 52.203870683066292 ], [ -128.019756363092938, 52.245934662575827 ], [ -127.982491158939823, 52.301732361785042 ] ] ], [ [ [ -128.116071364098758, 52.159312867960345 ], [ -128.003522767783494, 52.16965407738391 ], [ -127.884033850485352, 52.155332170184579 ], [ -127.942489353202419, 52.075812880332009 ], [ -128.101038234810858, 52.089797167229754 ], [ -128.116071364098758, 52.159312867960345 ] ] ], [ [ [ -131.114601754820683, 52.15178588433136 ], [ -131.046492047008712, 52.118251481218756 ], [ -130.936578753481427, 52.093474469864603 ], [ -131.031938337719566, 52.033626367768512 ], [ -131.019717958792796, 51.972751370317347 ], [ -131.089154275953689, 51.983400171081378 ], [ -131.081112356966969, 52.038900163825886 ], [ -131.128248848959942, 52.072542874456524 ], [ -131.114601754820683, 52.15178588433136 ] ] ], [ [ [ -125.000473553870236, 50.238954459891374 ], [ -124.895581538716954, 50.140909071882582 ], [ -124.926008034194652, 50.064195461720118 ], [ -124.993568618013057, 50.015624159986196 ], [ -124.981284754127756, 50.099702459238415 ], [ -125.035996636427086, 50.096237263064239 ], [ -125.057212242167424, 50.128326175493008 ], [ -124.984109625765356, 50.174140169473198 ], [ -125.000473553870236, 50.238954459891374 ] ] ], [ [ [ -126.919163341177352, 50.832510883696983 ], [ -126.812280360434841, 50.837336068525836 ], [ -126.770091059749646, 50.843102671885042 ], [ -126.638837736343589, 50.839008065813033 ], [ -126.571988061227543, 50.82595236950629 ], [ -126.537666837490136, 50.781915774266899 ], [ -126.663564050006798, 50.790442574431481 ], [ -126.774576744038455, 50.767573952922554 ], [ -126.836115857740936, 50.77832965555173 ], [ -126.919163341177352, 50.832510883696983 ] ] ], [ [ [ -128.185792258939159, 52.211134173343318 ], [ -128.1340121484007, 52.196722560128862 ], [ -128.134420470525328, 52.086765074664349 ], [ -128.1820308516794, 52.041996482519991 ], [ -128.252041934506707, 52.030908966273415 ], [ -128.236613952709689, 52.086005959806251 ], [ -128.272093754072273, 52.098566054674066 ], [ -128.239968594435737, 52.182665202988289 ], [ -128.185792258939159, 52.211134173343318 ] ] ], [ [ [ -130.894930350477921, 54.634799564582686 ], [ -130.85818206622497, 54.607440481652645 ], [ -130.76850986726501, 54.623462765691912 ], [ -130.760100251346728, 54.568207766869158 ], [ -130.87544886483164, 54.494214369390924 ], [ -130.949698846359325, 54.469057190271407 ], [ -130.97136053643743, 54.55069287952908 ], [ -130.927509756213482, 54.62090066514839 ], [ -130.894930350477921, 54.634799564582686 ] ] ], [ [ [ -126.677771247208682, 50.550080172057108 ], [ -126.585062549581124, 50.545675072970404 ], [ -126.470914750292948, 50.559162358763551 ], [ -126.39678075321423, 50.586599770659383 ], [ -126.318257340860939, 50.59199467671985 ], [ -126.240618853518569, 50.579502854918772 ], [ -126.22114593041151, 50.547431175457163 ], [ -126.318942246581315, 50.524205072397358 ], [ -126.4213120571697, 50.514106075248598 ], [ -126.609440941112553, 50.523897478285598 ], [ -126.677771247208682, 50.550080172057108 ] ] ], [ [ [ -126.227449536863304, 49.392776157719311 ], [ -126.1812951387423, 49.375590254933648 ], [ -126.108413260322109, 49.394274470179241 ], [ -126.085223730058388, 49.371532660676337 ], [ -126.081311545014259, 49.308726459288444 ], [ -126.047026144972847, 49.270480757419023 ], [ -126.100929337685614, 49.25182926312084 ], [ -126.188871070195319, 49.26232566819445 ], [ -126.240791039933896, 49.332502164176333 ], [ -126.227449536863304, 49.392776157719311 ] ] ], [ [ [ -128.343780728946712, 52.784310075785008 ], [ -128.220252637284915, 52.787661176326019 ], [ -128.145662725866543, 52.825651967321328 ], [ -128.166336951303208, 52.737957656756763 ], [ -128.208586248952173, 52.687722964276048 ], [ -128.249787167408073, 52.600705275285172 ], [ -128.292223843668268, 52.617948174411822 ], [ -128.271080328528512, 52.672597865650111 ], [ -128.329594046151158, 52.730002084156688 ], [ -128.343780728946712, 52.784310075785008 ] ] ], [ [ [ -129.533977446506299, 53.184957264325305 ], [ -129.48642195709246, 53.190491671855249 ], [ -129.387735645779458, 53.088025582590525 ], [ -129.316515048815091, 53.04755945770745 ], [ -129.302293949766494, 52.978701777109428 ], [ -129.370684973353605, 52.975253773822907 ], [ -129.498455361169505, 53.08837726551964 ], [ -129.533977446506299, 53.184957264325305 ] ] ], [ [ [ -125.281862751660128, 50.444687275286974 ], [ -125.18084024285676, 50.388637463342668 ], [ -125.132861938553958, 50.334902071816778 ], [ -125.221074946405636, 50.29878267869956 ], [ -125.241766151295749, 50.318354152803941 ], [ -125.407035848212118, 50.30840035434764 ], [ -125.406154745118073, 50.337095352480553 ], [ -125.335027026807097, 50.380066564853827 ], [ -125.281862751660128, 50.444687275286974 ] ] ], [ [ [ -128.764902956279485, 52.47263465476032 ], [ -128.68932892423777, 52.486026470660008 ], [ -128.619690647844436, 52.446346558041654 ], [ -128.616115550260673, 52.364846159245126 ], [ -128.630618732375893, 52.305878275060024 ], [ -128.687366552129049, 52.284725870730362 ], [ -128.730682243534346, 52.312082074710531 ], [ -128.772339942002901, 52.417897982180754 ], [ -128.764902956279485, 52.47263465476032 ] ] ], [ [ [ -131.689954561364715, 52.732698073801728 ], [ -131.525358833126518, 52.727029769117493 ], [ -131.441662480124506, 52.704280878777539 ], [ -131.463625052372549, 52.62504636869793 ], [ -131.606352155271281, 52.583485183489479 ], [ -131.719369550233267, 52.697890463839123 ], [ -131.689954561364715, 52.732698073801728 ] ] ], [ [ [ -124.9192815413208, 50.304824168002433 ], [ -124.854665727526651, 50.285654255653085 ], [ -124.817784733805141, 50.213687556628201 ], [ -124.762648443868599, 50.19064676325538 ], [ -124.751103844516308, 50.159251461616684 ], [ -124.80980344448858, 50.113819151591478 ], [ -124.861994844907414, 50.124012271909095 ], [ -124.881626738625201, 50.166554763158956 ], [ -124.980659454403721, 50.247811662795435 ], [ -124.9192815413208, 50.304824168002433 ] ] ], [ [ [ -123.594866530236345, 48.944836652189032 ], [ -123.463368030399167, 48.869864868279329 ], [ -123.489920447031352, 48.854894948056341 ], [ -123.366874841480922, 48.770952050327203 ], [ -123.425768756453749, 48.732867359156366 ], [ -123.491608331924766, 48.713694567873411 ], [ -123.562569118595533, 48.759888862121677 ], [ -123.534136943914874, 48.798932058601949 ], [ -123.572309855878785, 48.82328186777 ], [ -123.547886431293676, 48.867425165198156 ], [ -123.59002994184975, 48.895915074677085 ], [ -123.594866530236345, 48.944836652189032 ] ] ], [ [ [ -129.02296023285362, 53.530219767180441 ], [ -128.989469423632414, 53.468577169872447 ], [ -128.920471165869088, 53.397378066906484 ], [ -128.928680746391564, 53.326667486159188 ], [ -129.058099160673294, 53.332904073277852 ], [ -129.125057440454327, 53.312456673836344 ], [ -129.152915964405167, 53.337979980305242 ], [ -129.111233448967283, 53.4040860670084 ], [ -129.053544661524256, 53.448421669256248 ], [ -129.065597230588793, 53.492038179681742 ], [ -129.02296023285362, 53.530219767180441 ] ] ], [ [ [ -130.201007966414579, 55.030232665143458 ], [ -130.153751936924124, 54.956447268964013 ], [ -130.275954854900732, 54.833654768768369 ], [ -130.42233775839432, 54.768440183582527 ], [ -130.48880423448017, 54.829280969225486 ], [ -130.346472531558987, 54.904361073758402 ], [ -130.273869947245601, 54.954780869303711 ], [ -130.201007966414579, 55.030232665143458 ] ] ], [ [ [ -129.27355984847614, 53.3262231738805 ], [ -129.172315154346904, 53.284361376755164 ], [ -129.172543646030391, 53.155053078678286 ], [ -129.140332529923313, 53.118599067808546 ], [ -129.225999143567265, 53.090698786964232 ], [ -129.326535636960955, 53.112211465765583 ], [ -129.345029847076745, 53.20722896864838 ], [ -129.25620823797027, 53.269397171061321 ], [ -129.27355984847614, 53.3262231738805 ] ] ], [ [ [ -128.390107642956508, 52.805116272863032 ], [ -128.352472126240428, 52.785220071293558 ], [ -128.356568946652658, 52.754622371857984 ], [ -128.287798627124147, 52.678496972041671 ], [ -128.297262137847099, 52.659332767862068 ], [ -128.292077865808523, 52.525257779717947 ], [ -128.436657954889881, 52.548717273098063 ], [ -128.449361949662659, 52.630677776612885 ], [ -128.429392436918192, 52.723107477457681 ], [ -128.451175841648052, 52.752400658257578 ], [ -128.390107642956508, 52.805116272863032 ] ] ], [ [ [ -131.926959869545442, 53.015588772001479 ], [ -131.878107647233691, 53.038390384570945 ], [ -131.781768873564658, 53.028832573366017 ], [ -131.66279335808693, 52.999374173899668 ], [ -131.605723861997348, 52.963008468261201 ], [ -131.658512848565152, 52.889406768284594 ], [ -131.695201553894464, 52.87375037274105 ], [ -131.794569972651715, 52.886478561995062 ], [ -131.820064453412499, 52.867216081216 ], [ -131.893444776856683, 52.933461777615733 ], [ -131.926959869545442, 53.015588772001479 ] ] ], [ [ [ -125.380544842009257, 50.279406279058193 ], [ -125.251822834043622, 50.308507182357083 ], [ -125.239881955189205, 50.273181075303185 ], [ -125.141167632723906, 50.20228397509041 ], [ -125.216587116209922, 50.102589260253197 ], [ -125.176737948776676, 50.081791569962078 ], [ -125.1969266364341, 50.02344597774119 ], [ -125.258604635418692, 50.092333566910028 ], [ -125.351728428704007, 50.143456960202613 ], [ -125.349223350049272, 50.199169149319225 ], [ -125.380544842009257, 50.279406279058193 ] ] ], [ [ [ -130.311756542169547, 53.796754871409505 ], [ -130.242060551401494, 53.792472290436365 ], [ -130.231161563074238, 53.725616977157571 ], [ -130.12202374875281, 53.69287298625045 ], [ -130.100410330615091, 53.584225770028624 ], [ -130.154324941827269, 53.568095165931965 ], [ -130.356339848671894, 53.629330488438242 ], [ -130.404521652206739, 53.688013582376193 ], [ -130.330990440013323, 53.740595474425632 ], [ -130.311756542169547, 53.796754871409505 ] ] ], [ [ [ -128.549276452872476, 52.677478664228481 ], [ -128.518170720527195, 52.572595567984735 ], [ -128.466281346856078, 52.473660063178656 ], [ -128.521329039921312, 52.431613181240209 ], [ -128.741221350871911, 52.514352584659029 ], [ -128.75019023929633, 52.595535375163749 ], [ -128.668935168749812, 52.607050066223628 ], [ -128.582818763152744, 52.598822469459797 ], [ -128.549276452872476, 52.677478664228481 ] ] ], [ [ [ -124.632982424740362, 49.800112862750112 ], [ -124.498669848312773, 49.737461872406655 ], [ -124.356454353378396, 49.708056259388798 ], [ -124.257690130282953, 49.608814457334752 ], [ -124.148096037244358, 49.537139652513957 ], [ -124.141452218599014, 49.488666756690442 ], [ -124.297531165494036, 49.565702267747632 ], [ -124.43610094605323, 49.620195374945233 ], [ -124.439346839346783, 49.639620175331238 ], [ -124.520992432484874, 49.690999873050714 ], [ -124.620294343390853, 49.721791261599193 ], [ -124.632982424740362, 49.800112862750112 ] ] ], [ [ [ -128.099792365837203, 51.687935171342673 ], [ -128.098151768837027, 51.656190968688371 ], [ -127.955231959256253, 51.646194363588862 ], [ -127.895227928805156, 51.569762764380755 ], [ -127.916822950580936, 51.526936777495372 ], [ -127.876404034661661, 51.449431364435974 ], [ -127.938377245451846, 51.426898968044497 ], [ -128.00446314292455, 51.476270581115287 ], [ -128.087106857133136, 51.480367961218612 ], [ -128.123058542261134, 51.579077183862296 ], [ -128.15123422661398, 51.602861364790328 ], [ -128.140764152738797, 51.662552877016701 ], [ -128.099792365837203, 51.687935171342673 ] ] ], [ [ [ -128.109656159048399, 52.071178459255322 ], [ -128.088535638835396, 52.04726316973278 ], [ -127.996437648607113, 52.07565475515171 ], [ -127.950721048278808, 52.063865159801843 ], [ -127.954533642861435, 51.969283469885553 ], [ -127.979274646270568, 51.910534766969228 ], [ -128.07577446042265, 51.787447471994589 ], [ -128.133543658493835, 51.80819967531076 ], [ -128.115440939523324, 51.879321880406408 ], [ -128.201352230080829, 51.860047970273165 ], [ -128.250593045513426, 51.889853885370002 ], [ -128.19231305487142, 51.913115481676449 ], [ -128.204535949566065, 51.964349978745034 ], [ -128.156457945866862, 52.039649372761936 ], [ -128.109656159048399, 52.071178459255322 ] ] ], [ [ [ -129.08797673780677, 53.673016679757644 ], [ -128.968125144865667, 53.706814567259407 ], [ -128.836428867729154, 53.688173175536903 ], [ -128.872192422738095, 53.633836668812556 ], [ -128.894507459002483, 53.558409175504146 ], [ -128.99480526791649, 53.569285871886485 ], [ -129.103038856466043, 53.492479658243901 ], [ -129.080734351795627, 53.454806465407231 ], [ -129.173593551173411, 53.444083559667298 ], [ -129.176005033330824, 53.626818172075161 ], [ -129.08797673780677, 53.673016679757644 ] ] ], [ [ [ -126.418462934786305, 50.807651260720853 ], [ -126.344128327429772, 50.824763167037943 ], [ -126.228801236555128, 50.822151161606733 ], [ -126.212952038156459, 50.770223068663874 ], [ -126.156231056984495, 50.756349858464539 ], [ -126.258331443621984, 50.698602354122848 ], [ -126.268432848047922, 50.655151160073473 ], [ -126.325045830123116, 50.644950972079663 ], [ -126.414877729903722, 50.659564868070944 ], [ -126.491475651776639, 50.637537955058818 ], [ -126.594752737423704, 50.655834772652675 ], [ -126.603343871799368, 50.699976770558834 ], [ -126.509756764862729, 50.745109974279778 ], [ -126.418462934786305, 50.807651260720853 ] ] ], [ [ [ -129.290370454366865, 52.821862176700357 ], [ -129.214905834974331, 52.799907978475495 ], [ -129.113038340478482, 52.742919673473111 ], [ -129.039863956065403, 52.680611957336865 ], [ -128.927451161356004, 52.606034659753107 ], [ -128.9434659582069, 52.485189068950206 ], [ -129.082315541844139, 52.522869361773772 ], [ -129.212800850841234, 52.629662273990576 ], [ -129.228151855198149, 52.672425569363611 ], [ -129.303402770936458, 52.756015272028691 ], [ -129.290370454366865, 52.821862176700357 ] ] ], [ [ [ -130.550048357644812, 54.05670577864872 ], [ -130.415618348415279, 54.089535287345271 ], [ -130.326418637351026, 54.060323265991755 ], [ -130.240813539562225, 53.98607496541328 ], [ -130.231025853091182, 53.952073465036733 ], [ -130.279501970312481, 53.901768972215542 ], [ -130.334708875475457, 53.879801879730422 ], [ -130.343732351432038, 53.827664471345386 ], [ -130.401080044705452, 53.825093762249068 ], [ -130.510741962291007, 53.865039960086321 ], [ -130.611163170844208, 53.948897472441054 ], [ -130.679609070938227, 53.932812372663484 ], [ -130.664227169793975, 53.99413457144788 ], [ -130.550048357644812, 54.05670577864872 ] ] ], [ [ [ -126.959172562823284, 49.837264758720032 ], [ -126.924219629100151, 49.829519961662392 ], [ -126.806107541221706, 49.88072165931716 ], [ -126.748482651415102, 49.853053554785333 ], [ -126.671264951325625, 49.855943264532556 ], [ -126.632919323982534, 49.747677765011929 ], [ -126.649967740428963, 49.724132678382816 ], [ -126.618087441968612, 49.676891669509502 ], [ -126.613548866050962, 49.597409362227189 ], [ -126.670843254460706, 49.580639375177796 ], [ -126.717229344545046, 49.603838258402156 ], [ -126.826295929020858, 49.618254160050512 ], [ -126.840342559409436, 49.656945659763139 ], [ -126.901133135500118, 49.677800370506674 ], [ -126.933779042611874, 49.718994162744778 ], [ -126.91300016708567, 49.787777764708643 ], [ -126.959172562823284, 49.837264758720032 ] ] ], [ [ [ -127.370058938839293, 52.404597287097829 ], [ -127.249673222852252, 52.391151366660246 ], [ -127.205983034848998, 52.361399576237091 ], [ -127.241883948402744, 52.303512554446463 ], [ -127.318502142676905, 52.262206276916977 ], [ -127.438217153518352, 52.241639864524743 ], [ -127.572154775072008, 52.153127473164531 ], [ -127.640997028457789, 52.134178372617036 ], [ -127.69621205839529, 52.038072759816743 ], [ -127.695924954428364, 51.988238256554062 ], [ -127.89811992771925, 51.933829168561353 ], [ -127.889596542791608, 52.066299177277081 ], [ -127.859298039736174, 52.094233576470216 ], [ -127.844211750989686, 52.167850971978879 ], [ -127.753632843959849, 52.243523484462543 ], [ -127.613483852589695, 52.269572261415114 ], [ -127.450472643040314, 52.333200259515941 ], [ -127.441931633771404, 52.377441867072349 ], [ -127.370058938839293, 52.404597287097829 ] ] ], [ [ [ -130.540107953246718, 53.627466185351686 ], [ -130.399438143561866, 53.618298572679848 ], [ -130.246913967877816, 53.569871171148044 ], [ -130.10771125478314, 53.514456571857345 ], [ -129.977519146819304, 53.442519772346735 ], [ -129.905543434366905, 53.391822174958236 ], [ -129.755694751276479, 53.218574268873894 ], [ -129.782411859377362, 53.165956878123993 ], [ -129.83380503903075, 53.187210380854957 ], [ -129.961756733268317, 53.170190966871104 ], [ -130.001214449348765, 53.215433887387022 ], [ -130.099761143248941, 53.27224128296168 ], [ -130.118828458364476, 53.32423066061633 ], [ -130.232744467725269, 53.374787281793722 ], [ -130.310481164498128, 53.3876321635449 ], [ -130.487508831105714, 53.533985369274163 ], [ -130.548107865364955, 53.551374973633116 ], [ -130.540107953246718, 53.627466185351686 ] ] ], [ [ [ -130.220529577383445, 53.906723777102066 ], [ -130.127522862864879, 53.88937827189892 ], [ -129.971220441648597, 53.797963963785513 ], [ -129.933121138873929, 53.764883866974614 ], [ -129.825044038301428, 53.709954964241923 ], [ -129.706160228089061, 53.599724071065431 ], [ -129.451867458732238, 53.439578782432605 ], [ -129.435464049522807, 53.401949784258044 ], [ -129.459399843872234, 53.382929487430232 ], [ -129.472064168186307, 53.352138065342295 ], [ -129.469259967540779, 53.293719880693409 ], [ -129.563762768148848, 53.218421880106455 ], [ -129.662643350634994, 53.275875865331628 ], [ -129.699547455205561, 53.320628875118551 ], [ -129.832581874163111, 53.387355878694599 ], [ -129.854431843025651, 53.448236576604195 ], [ -129.913076157802521, 53.466231458466936 ], [ -129.890376433055309, 53.51385556931357 ], [ -129.914169959976562, 53.569650373648123 ], [ -130.008645860444034, 53.564782464135256 ], [ -130.061824147618324, 53.597896764149738 ], [ -130.101867336601515, 53.698156879428261 ], [ -130.205863840465042, 53.721379979662039 ], [ -130.210740563491015, 53.81038307026072 ], [ -130.290079777999523, 53.82360547592495 ], [ -130.287211164749067, 53.868805568734977 ], [ -130.220529577383445, 53.906723777102066 ] ] ], [ [ [ -129.086068849662041, 53.292932257716302 ], [ -129.036289029925001, 53.308031675217002 ], [ -128.886531841676003, 53.271487867020795 ], [ -128.698114842590854, 53.1655366862012 ], [ -128.637651244357443, 53.156874666796 ], [ -128.575673273285815, 53.093681073409343 ], [ -128.539300039383448, 53.027563577815329 ], [ -128.523142343384734, 52.898562959267814 ], [ -128.593242639709274, 52.60837037007073 ], [ -128.68338326214743, 52.610488178459967 ], [ -128.755051238335398, 52.600346375173025 ], [ -128.738316355836503, 52.672968178734749 ], [ -128.765050937621652, 52.704191184013744 ], [ -128.894433369025165, 52.655112876300862 ], [ -129.002382855371053, 52.698950074233515 ], [ -129.062579344701334, 52.738497485384165 ], [ -129.137038843356436, 52.848083281334318 ], [ -129.127888766823588, 52.92223896659798 ], [ -129.198123140162267, 52.951601978276116 ], [ -129.19660664324158, 53.020760172137265 ], [ -129.168701852769743, 53.055798577921976 ], [ -129.082197841935653, 53.097033667230342 ], [ -129.092480234471878, 53.190658370184373 ], [ -129.048513069877686, 53.208797074007222 ], [ -129.086068849662041, 53.292932257716302 ] ] ], [ [ [ -132.570553083397868, 53.096708975081967 ], [ -132.416420362344383, 53.099206973454628 ], [ -132.393837088417143, 53.126282676596581 ], [ -132.302071041204272, 53.153137570475735 ], [ -132.232311137925791, 53.139342673279472 ], [ -132.128837246859973, 53.1591377792546 ], [ -132.083961840993538, 53.147993273704174 ], [ -132.013962947395186, 53.198360477204119 ], [ -131.911973268895139, 53.237675768085914 ], [ -131.802840371903642, 53.230563263981026 ], [ -131.777074056129322, 53.158483981414086 ], [ -131.708263872671637, 53.148370671687751 ], [ -131.645622472518284, 53.109163666045845 ], [ -131.624846076750458, 53.058279475805847 ], [ -131.664824648509011, 53.041267271460683 ], [ -131.887724659390983, 53.064191373488228 ], [ -131.962639462704857, 53.015558870916387 ], [ -131.90218955095807, 52.954047266796522 ], [ -131.888904150919785, 52.891899074713294 ], [ -131.813554748740444, 52.796454280475395 ], [ -131.803842568117489, 52.741874269779956 ], [ -131.698511256484238, 52.63907058982489 ], [ -131.64565367001299, 52.538423168990086 ], [ -131.601932462376737, 52.520562170821798 ], [ -131.478603239907898, 52.506187571202965 ], [ -131.416379447961731, 52.457757368903422 ], [ -131.426581459637731, 52.407964172632056 ], [ -131.363012566052987, 52.376251273654447 ], [ -131.341275837906778, 52.304718968958248 ], [ -131.299988839776006, 52.286493271014372 ], [ -131.176121750845851, 52.324899960689002 ], [ -131.027017444168109, 52.231708272652085 ], [ -131.014810766321006, 52.181409467307205 ], [ -131.120659530595276, 52.166344169660562 ], [ -131.154323153057106, 52.127605664864348 ], [ -131.259272044515058, 52.120991662825141 ], [ -131.322556353151271, 52.18076718252815 ], [ -131.390594747085061, 52.195235670933457 ], [ -131.443067456735974, 52.255156474828652 ], [ -131.599737371412942, 52.377466062939362 ], [ -131.655075668280148, 52.473356669971075 ], [ -131.782908374928184, 52.511693567112601 ], [ -131.862612057254466, 52.576114865976216 ], [ -131.894053165154276, 52.578138677718634 ], [ -131.941867175756784, 52.638228874203904 ], [ -132.045541457244639, 52.684445863571391 ], [ -132.108282142694804, 52.734844368367668 ], [ -132.024625358979478, 52.771064874470788 ], [ -132.063026748706335, 52.812922367994652 ], [ -132.132396633424094, 52.744171568833103 ], [ -132.233344751895515, 52.800849377870399 ], [ -132.261419841710961, 52.865222276518978 ], [ -132.322747970563199, 52.892132668538252 ], [ -132.356560455905566, 52.947517288649507 ], [ -132.156951939871874, 52.978095068585638 ], [ -132.34396765377619, 53.045313463817834 ], [ -132.406939653232854, 53.025328967142755 ], [ -132.533052761074657, 53.047183485177825 ], [ -132.570553083397868, 53.096708975081967 ] ] ], [ [ [ -133.07629605047785, 54.181959369981527 ], [ -133.025993958017636, 54.18428218315988 ], [ -132.820257450380097, 54.127352282146816 ], [ -132.66134664120662, 54.153442380266355 ], [ -132.584299757804047, 54.121219693361056 ], [ -132.563860270339376, 54.038923166292932 ], [ -132.484315254335428, 54.065658379269848 ], [ -132.434984279346168, 54.100730983664931 ], [ -132.291805154676979, 54.106735481911628 ], [ -132.238278775835852, 54.069527968376548 ], [ -132.250480439214584, 54.039669375253624 ], [ -132.188154056824715, 54.019777478523601 ], [ -132.144390674643802, 53.966334078135837 ], [ -132.152727931060667, 53.930611972369789 ], [ -132.105723852644616, 53.880887181324866 ], [ -132.129300546825959, 53.842880666727417 ], [ -132.203533554253823, 53.815169868029471 ], [ -132.25964205760954, 53.764675975681705 ], [ -132.407842158952235, 53.74649446637747 ], [ -132.578672267560989, 53.66112308634635 ], [ -132.478286677257927, 53.655238276854803 ], [ -132.318356777440641, 53.676325182625767 ], [ -132.211339862306431, 53.651975387296595 ], [ -132.140294977436497, 53.748919972129649 ], [ -132.090783051109952, 53.881713189829426 ], [ -132.166326554669865, 54.040538173143069 ], [ -131.994738768758793, 54.028485066375907 ], [ -131.790835575868442, 54.073773578992579 ], [ -131.658093961342018, 54.155325175627162 ], [ -131.678031873492017, 54.052981473202237 ], [ -131.708039550500615, 53.977287662287907 ], [ -131.862621337209049, 53.806936475953165 ], [ -131.884711455898156, 53.770241762952956 ], [ -131.874236752458216, 53.709376767560236 ], [ -131.935035148546689, 53.615618173374905 ], [ -131.924909746148728, 53.563020685088176 ], [ -131.955378261129397, 53.511987088670828 ], [ -131.912002454014612, 53.431843884994279 ], [ -131.926060752739602, 53.358349064681313 ], [ -131.991697850237045, 53.252910576781957 ], [ -132.125108071669956, 53.252001876818092 ], [ -132.246084245325363, 53.218001780452411 ], [ -132.133503166065992, 53.17758546692648 ], [ -132.226429684277065, 53.145878374265649 ], [ -132.299465972050143, 53.154867980826559 ], [ -132.360637366154208, 53.153335480566312 ], [ -132.458750681339183, 53.135285070574568 ], [ -132.556979148780044, 53.170915976657298 ], [ -132.619534867177208, 53.248563874484134 ], [ -132.717201557063731, 53.259745260846792 ], [ -132.707248349439141, 53.284332864779046 ], [ -132.628268885730762, 53.291194676913697 ], [ -132.632877463155125, 53.325066679610586 ], [ -132.725259152662289, 53.325444083687394 ], [ -132.692348463365988, 53.365343286777701 ], [ -132.540866544443418, 53.36572356563417 ], [ -132.483285564962159, 53.322255275464627 ], [ -132.420925971498917, 53.340819874997557 ], [ -132.515349573028971, 53.37773817601142 ], [ -132.534856882050377, 53.416139171451434 ], [ -132.642613752661248, 53.425104583923954 ], [ -132.662427869731744, 53.444510869881007 ], [ -132.759050866054992, 53.455901677530079 ], [ -132.729708635537492, 53.490851770119946 ], [ -132.883807272042759, 53.466727076522176 ], [ -132.924304580099715, 53.54019777521372 ], [ -133.003057367022137, 53.589869859901967 ], [ -132.933657458032087, 53.623915674982051 ], [ -132.952255778238566, 53.662658375118397 ], [ -132.930608551308609, 53.704675472953852 ], [ -132.994333681221775, 53.713975575917409 ], [ -133.020725764978067, 53.766736770371111 ], [ -133.111167744945135, 53.775351870670427 ], [ -133.081398854887908, 53.826030876729291 ], [ -133.13952858660042, 53.867633476698941 ], [ -133.154273662965949, 53.914831772438212 ], [ -133.113501548826804, 53.961625565535904 ], [ -133.11877706290511, 54.000489479794631 ], [ -133.050348584678318, 54.045389081513569 ], [ -133.100039471928852, 54.123015578323738 ], [ -133.051538283898338, 54.160616172312523 ], [ -133.07629605047785, 54.181959369981527 ] ] ], [ [ [ -128.429801534434546, 50.786290960725189 ], [ -128.328175657548854, 50.805758469478441 ], [ -128.248922441907354, 50.803387161706233 ], [ -128.21146625758584, 50.834013363532868 ], [ -128.124502623466611, 50.840623164721336 ], [ -128.06751896209289, 50.869894875560568 ], [ -128.009068744679638, 50.859089466482423 ], [ -127.905915162331951, 50.874750066478221 ], [ -127.867027065825525, 50.853713067884414 ], [ -127.668971946995697, 50.814974572062745 ], [ -127.491149442168876, 50.760522773677671 ], [ -127.482816153738156, 50.716138670992748 ], [ -127.258158838525461, 50.646472071161867 ], [ -127.121677666246043, 50.589198866023878 ], [ -126.980018147598457, 50.580451378727425 ], [ -126.968137130681868, 50.560142162873092 ], [ -126.830304447683446, 50.550154169581631 ], [ -126.661480424081958, 50.509853364019243 ], [ -126.588220335617663, 50.480725468674059 ], [ -126.539287244969827, 50.488669678577544 ], [ -126.43425514048576, 50.47703676165375 ], [ -126.359615543077368, 50.483380181734972 ], [ -126.086284047651048, 50.449355768364349 ], [ -125.945155851359559, 50.390729651674768 ], [ -125.826871339372914, 50.384510078642364 ], [ -125.720821326300083, 50.356545772200398 ], [ -125.579905544746936, 50.368170166779116 ], [ -125.442887921651746, 50.321127069599683 ], [ -125.397031121723231, 50.246001466252693 ], [ -125.358977350422379, 50.132057554703337 ], [ -125.246166252853527, 50.038910070838959 ], [ -125.183683933125252, 49.915177561966367 ], [ -125.113338747364011, 49.861376657380035 ], [ -124.859752539495688, 49.701355372927466 ], [ -124.909628952518943, 49.626070168185329 ], [ -124.872330231658978, 49.555786871500203 ], [ -124.793728023856175, 49.464540666493789 ], [ -124.684919116736054, 49.448203562027373 ], [ -124.573503238282996, 49.380310067881823 ], [ -124.46292853486446, 49.355496052982708 ], [ -124.364153152830625, 49.353600452369385 ], [ -124.317203355061636, 49.322921555728122 ], [ -124.157099650843563, 49.290543559865952 ], [ -124.109317931127848, 49.255912477422868 ], [ -123.981157725103145, 49.238937356012777 ], [ -123.969106949986411, 49.206492453900552 ], [ -123.884113536113816, 49.141940159896841 ], [ -123.81956105516069, 49.136073770382666 ], [ -123.769430929079604, 49.058489967209866 ], [ -123.786624951883468, 49.018632061794776 ], [ -123.738214630231923, 48.937764071842857 ], [ -123.596289837099292, 48.84989605690447 ], [ -123.604462024731532, 48.802777455030274 ], [ -123.564367749326991, 48.780850371359499 ], [ -123.590026249016177, 48.735418071721149 ], [ -123.534913647409297, 48.693908067028069 ], [ -123.55305785385606, 48.6495795634685 ], [ -123.518542525986504, 48.614897150822308 ], [ -123.41028712211714, 48.628316053206134 ], [ -123.362041730555916, 48.55830627465847 ], [ -123.364669933038229, 48.514738276852114 ], [ -123.2912234446014, 48.448643564189936 ], [ -123.322692141243238, 48.405907253999558 ], [ -123.430974650625771, 48.427872858082644 ], [ -123.469986345339251, 48.418965848696153 ], [ -123.58908273516208, 48.311168863957526 ], [ -123.670522144274628, 48.321780659077241 ], [ -123.716764730964712, 48.347699857432502 ], [ -123.822891537015778, 48.357092552766332 ], [ -123.891883760402095, 48.382444860394017 ], [ -124.095186851437163, 48.435173367918303 ], [ -124.206876838195384, 48.45743807001579 ], [ -124.30415562732334, 48.502350463109217 ], [ -124.439941334446729, 48.524724754475514 ], [ -124.723660935926574, 48.597595860980647 ], [ -124.814971445079067, 48.661535775528435 ], [ -124.95306784176644, 48.700247263953131 ], [ -125.117098933552001, 48.731843260414259 ], [ -125.133421434677388, 48.772702472540288 ], [ -125.185922030331653, 48.808757767520923 ], [ -125.065671537400036, 48.884838952600738 ], [ -125.032847938902577, 48.88347885354419 ], [ -124.946672626259129, 48.977117757729381 ], [ -125.052365148371308, 48.997569446637982 ], [ -125.109857649289879, 48.973283866522742 ], [ -125.150011455870398, 49.010543955830492 ], [ -125.242687042565692, 48.94426415422933 ], [ -125.292774059875129, 48.975307670085634 ], [ -125.290464848692281, 49.023611075303975 ], [ -125.356631928234677, 49.038301866585371 ], [ -125.36898974612302, 48.99801236452101 ], [ -125.484777757287972, 48.92028187111088 ], [ -125.568358137256325, 48.971161757500639 ], [ -125.669748136446827, 48.997775963229614 ], [ -125.694245661484089, 49.036927466406411 ], [ -125.761745832158098, 49.071921754178341 ], [ -125.827758749483735, 49.069682851521044 ], [ -125.807632734616817, 49.119981674624491 ], [ -125.737930158096034, 49.085084270996184 ], [ -125.669398037154735, 49.151620473946039 ], [ -125.781466642610027, 49.146913451618566 ], [ -125.745293727810449, 49.184982556379573 ], [ -125.754236958339789, 49.220441161263302 ], [ -125.838988438469912, 49.285440653051843 ], [ -125.919891842151543, 49.277180178342256 ], [ -125.967176534809767, 49.228523463413268 ], [ -126.007756956176763, 49.24118327196139 ], [ -126.032445159035305, 49.284556160513176 ], [ -126.001980936268438, 49.32011727472576 ], [ -126.05912444880839, 49.341145648861421 ], [ -126.071139248006588, 49.430447851729639 ], [ -126.189447420682967, 49.398136860780113 ], [ -126.252854831306905, 49.408515059567911 ], [ -126.28068673112908, 49.352224671000428 ], [ -126.350716426048692, 49.401641867637807 ], [ -126.408045748707835, 49.4134855485012 ], [ -126.41155402919523, 49.471761364032972 ], [ -126.488582164342546, 49.43107885933523 ], [ -126.51597793296115, 49.37835035601325 ], [ -126.564921937063602, 49.404483172342495 ], [ -126.570975247949903, 49.459181359698803 ], [ -126.552006057900371, 49.52072857322505 ], [ -126.565194266413556, 49.579552663954921 ], [ -126.483932256558461, 49.623261655722686 ], [ -126.402158046550142, 49.639194274073319 ], [ -126.499946757722071, 49.686382555833099 ], [ -126.585735056839198, 49.694185863158523 ], [ -126.613583058848462, 49.721309955758379 ], [ -126.6506433230997, 49.808650960791617 ], [ -126.653620672015606, 49.870943069784637 ], [ -126.753123640976071, 49.874156068165675 ], [ -126.780735137532503, 49.89942588045627 ], [ -126.826208625717911, 49.880741564090208 ], [ -127.01417744793541, 49.84987896822058 ], [ -127.168373856025937, 49.870786370398939 ], [ -127.238427068304702, 49.963070864040468 ], [ -127.173428050232957, 50.002641173224966 ], [ -127.174315352841333, 50.073498375025544 ], [ -127.230101346071081, 50.118444964449218 ], [ -127.265710558459901, 50.113964476010295 ], [ -127.327952549894633, 50.030867570844791 ], [ -127.436184543266066, 50.044114056165256 ], [ -127.515720969529909, 50.132567465747343 ], [ -127.619981745096226, 50.117942266616772 ], [ -127.631325456391323, 50.162606876346445 ], [ -127.808499050708122, 50.079726454938587 ], [ -127.915010134709846, 50.112853573004017 ], [ -127.838049960247531, 50.169185363280704 ], [ -127.787102532302569, 50.223493266164986 ], [ -127.857399558987339, 50.287226665546655 ], [ -127.874082235676823, 50.343987059906851 ], [ -127.950211730453177, 50.319346870268411 ], [ -127.98971764843003, 50.344870072873505 ], [ -127.890871552137483, 50.454034380269498 ], [ -127.809836041140528, 50.457073565234744 ], [ -127.68546643997648, 50.490605163240964 ], [ -127.583316532513933, 50.489964272712008 ], [ -127.570825841088222, 50.534375377706681 ], [ -127.662963946990928, 50.533104963177621 ], [ -127.798051444326831, 50.492388259340345 ], [ -127.84229424178892, 50.507316873251931 ], [ -128.058713259640456, 50.452123071152506 ], [ -128.176676754678226, 50.523192453777412 ], [ -128.206923250324706, 50.52907736031225 ], [ -128.239621926149169, 50.590882362744004 ], [ -128.303455662072281, 50.608719075201719 ], [ -128.309608631414648, 50.665295872209853 ], [ -128.409109450038102, 50.741896957354022 ], [ -128.429801534434546, 50.786290960725189 ] ] ], [ [ [ -123.789324835560777, 60.000032619721388 ], [ -122.999999992991661, 60.00000000727367 ], [ -122.500000011406541, 59.999999996025238 ], [ -121.749999977462878, 59.999999990159665 ], [ -121.000000023789411, 59.999999996671953 ], [ -119.999999983229145, 59.999999999353555 ], [ -119.99999993292046, 58.73404886883381 ], [ -119.999988643064, 58.149113817608068 ], [ -119.999899286212184, 57.513998055140377 ], [ -120.000037187443752, 56.770701305052015 ], [ -120.000752115932187, 56.249312258906187 ], [ -119.999945969372732, 55.778381662437454 ], [ -120.000000008511051, 55.402344069173168 ], [ -120.000297471473502, 54.797683919491895 ], [ -119.999999982848905, 54.268868728725835 ], [ -119.999987391821222, 53.806234806950648 ], [ -119.942340519518979, 53.775861900533819 ], [ -119.888236556264147, 53.779484617041497 ], [ -119.907980886497199, 53.71060103523417 ], [ -119.797380760944293, 53.707772196407952 ], [ -119.713408541219209, 53.614579924616372 ], [ -119.748725658699229, 53.59336587552184 ], [ -119.854066211468478, 53.607706630195807 ], [ -119.910712783581658, 53.601254615968493 ], [ -119.862256507798563, 53.54850858697278 ], [ -119.899477010221418, 53.519127806146081 ], [ -119.790633268411369, 53.479265906947568 ], [ -119.725422630116782, 53.388754319315503 ], [ -119.66890020525733, 53.367828191712604 ], [ -119.406084810357996, 53.368089294540795 ], [ -119.355878520647039, 53.340102179679533 ], [ -119.340496292636857, 53.287080297807584 ], [ -119.232715067819171, 53.181768314023003 ], [ -119.14601293054659, 53.191180768616228 ], [ -119.119524006202028, 53.16176576397261 ], [ -119.046881526847642, 53.144909624074053 ], [ -118.999418052708094, 53.192764770101014 ], [ -119.023833833466654, 53.231949707265592 ], [ -118.947444097216248, 53.238935158015735 ], [ -118.915960827263063, 53.211844915436913 ], [ -118.786521658887139, 53.159224179627827 ], [ -118.732340933480458, 53.119249410104622 ], [ -118.759058439963638, 53.065776060039155 ], [ -118.655347786002764, 53.034797233395373 ], [ -118.660204894297124, 52.963937680630288 ], [ -118.613422071562042, 52.936011963448472 ], [ -118.613829749139327, 52.883721693697154 ], [ -118.543787744989658, 52.908454633136287 ], [ -118.448279450017338, 52.88528679187332 ], [ -118.399626430625432, 52.824460209875674 ], [ -118.422410129437296, 52.775786511964569 ], [ -118.342822828671231, 52.73855633325671 ], [ -118.343294665279402, 52.708888881537135 ], [ -118.290141185745398, 52.677693441575634 ], [ -118.354491118231408, 52.633683980662084 ], [ -118.332568289877401, 52.580171597516276 ], [ -118.235529102700625, 52.490177892959672 ], [ -118.255338017844906, 52.449536947529118 ], [ -118.212773168024498, 52.370341453035088 ], [ -118.13804609686899, 52.40749750551219 ], [ -118.044168783041016, 52.398459360488324 ], [ -118.052899059002712, 52.449563540998007 ], [ -117.96679241620059, 52.469708726983107 ], [ -117.886933046069601, 52.426091585569772 ], [ -117.766497990833656, 52.417692152544227 ], [ -117.705795031207117, 52.36534487450286 ], [ -117.752878399385622, 52.316423609758232 ], [ -117.839578064744899, 52.27412744590471 ], [ -117.818317495667571, 52.226354813823157 ], [ -117.741346378757839, 52.202997387083634 ], [ -117.663529523344593, 52.19789299233782 ], [ -117.611263812833556, 52.144258898561013 ], [ -117.381255740431499, 52.137724077594541 ], [ -117.334036229952474, 52.148641457766253 ], [ -117.268407916455573, 52.055786513918846 ], [ -117.197223612971385, 51.980134840517756 ], [ -117.103175983525716, 51.956516796906818 ], [ -117.0194649484731, 51.891359999791824 ], [ -117.034320874481779, 51.859807425900037 ], [ -116.964002209339625, 51.794951262764009 ], [ -116.976360581805181, 51.760184978491672 ], [ -116.920567907915952, 51.709803268408521 ], [ -116.809741167253819, 51.705346350057191 ], [ -116.818598193376545, 51.735564473760583 ], [ -116.744232471100403, 51.80660801720574 ], [ -116.682076101853738, 51.812146580278934 ], [ -116.650348884603318, 51.753706435225126 ], [ -116.581176365006826, 51.697281539226864 ], [ -116.595015672698793, 51.661830094262243 ], [ -116.471411140128936, 51.60467759924574 ], [ -116.452925026390332, 51.560548148160656 ], [ -116.390886049574192, 51.545588248347741 ], [ -116.393829222600388, 51.505662937666706 ], [ -116.360597095659642, 51.470866145177496 ], [ -116.292430303775618, 51.46180268497617 ], [ -116.282470205539056, 51.406836732848731 ], [ -116.311434887905534, 51.384962212568787 ], [ -116.268017395051288, 51.311933169907 ], [ -116.007603752431649, 51.222012153676545 ], [ -116.036844942167335, 51.170045526296363 ], [ -116.004464873598025, 51.124681289804187 ], [ -115.92360697933762, 51.083109564725973 ], [ -115.867933380868806, 51.089290397442063 ], [ -115.78923190003897, 51.072417684624376 ], [ -115.767035633427724, 51.039388274765301 ], [ -115.648834057035913, 50.99752045740626 ], [ -115.592646181090871, 50.892641137922922 ], [ -115.648929461641785, 50.874147601304351 ], [ -115.642982776538261, 50.842206489405456 ], [ -115.578136021881718, 50.840503761732528 ], [ -115.550869915138165, 50.79706590243719 ], [ -115.43628198058029, 50.755730692664578 ], [ -115.391222367916555, 50.706452446114781 ], [ -115.315124496322383, 50.725825746626732 ], [ -115.282254081328347, 50.663192893175001 ], [ -115.293625605491115, 50.611107579325058 ], [ -115.239650612266843, 50.589196791291194 ], [ -115.23098413967999, 50.544878636019469 ], [ -115.085273842553178, 50.589749058521278 ], [ -115.01369673096363, 50.570859099431651 ], [ -114.856891680890314, 50.392524013297304 ], [ -114.766217229552112, 50.350742251206405 ], [ -114.797605964555189, 50.326122019446991 ], [ -114.751667059918461, 50.275287033114964 ], [ -114.770225377217045, 50.249994997995287 ], [ -114.724670388917446, 50.190177189505036 ], [ -114.733259196655425, 50.118610617982483 ], [ -114.666371197717467, 50.050944373968356 ], [ -114.657436248907871, 49.968396739105373 ], [ -114.693676205400138, 49.942583955607887 ], [ -114.691785906959282, 49.896286104203782 ], [ -114.639932435846859, 49.827720883187766 ], [ -114.6331191223708, 49.734079634655707 ], [ -114.668385038207617, 49.703875165117481 ], [ -114.662818006364759, 49.643724479345366 ], [ -114.746476446141202, 49.618509704802726 ], [ -114.732586669282654, 49.576379525710117 ], [ -114.620133200182423, 49.54680866128605 ], [ -114.594717413107176, 49.50284302146278 ], [ -114.598432807643931, 49.412561580617194 ], [ -114.566929673704166, 49.376883565147224 ], [ -114.487624515159652, 49.347320612894848 ], [ -114.447942475851846, 49.264369225670968 ], [ -114.393485995187433, 49.257187403854154 ], [ -114.402121974203141, 49.213273603279454 ], [ -114.34559060629924, 49.193570767332574 ], [ -114.174904519143212, 49.163550537923228 ], [ -114.153149138676838, 49.099510394733024 ], [ -114.080976358423356, 49.059688458776186 ], [ -114.068332109893262, 48.998850495634727 ], [ -114.763511135011541, 49.000016524151832 ], [ -115.259170014928159, 49.000011423046338 ], [ -116.275744473072123, 49.000029850659203 ], [ -116.755349730377503, 49.000019998789575 ], [ -117.268353043110267, 49.000022750676379 ], [ -118.00188008144292, 49.000356793352601 ], [ -118.499999986816221, 49.000000007888062 ], [ -119.008481740866344, 49.000010599233725 ], [ -119.535982028826922, 49.000040305144587 ], [ -120.369967359055551, 49.000080677679286 ], [ -120.999999991806661, 48.999999996038412 ], [ -121.499999999147661, 49.000000002711921 ], [ -121.99586526306301, 49.000005252641763 ], [ -122.757907356158015, 49.002216786138675 ], [ -122.866729523765244, 49.024411565169771 ], [ -122.890875435601757, 49.091470475087469 ], [ -123.099203736807169, 49.034826767537709 ], [ -123.149250230041943, 49.062127473973078 ], [ -123.081162935648621, 49.096863854962379 ], [ -123.196452732676249, 49.126510274725419 ], [ -123.197199329025537, 49.175362073816856 ], [ -123.130871828575152, 49.199888363539095 ], [ -123.252615932660476, 49.2510402510623 ], [ -123.244431341002311, 49.279842067628181 ], [ -123.171025143439664, 49.271734047026584 ], [ -123.115024142574057, 49.308539870791662 ], [ -123.284622141533816, 49.358771760517698 ], [ -123.233016555873405, 49.424920565312085 ], [ -123.261218161308037, 49.526241666865708 ], [ -123.237279830847314, 49.55691056169686 ], [ -123.183298740495019, 49.685237568764265 ], [ -123.256730529894284, 49.664122270234877 ], [ -123.265358338628829, 49.58930276490058 ], [ -123.309086650686027, 49.58363586220414 ], [ -123.492278557984633, 49.518797366208332 ], [ -123.467854821415528, 49.449475355887913 ], [ -123.533859844558776, 49.383696865185222 ], [ -123.684054820797613, 49.436139062982058 ], [ -123.742956330428981, 49.469380078029943 ], [ -123.87046212435628, 49.467816358478174 ], [ -124.00171104914098, 49.555338248926226 ], [ -124.03001715500352, 49.627750769366173 ], [ -124.074780446287775, 49.642085461780198 ], [ -124.036689543329985, 49.738569966481606 ], [ -123.923136544201228, 49.798633070706224 ], [ -123.873053636907258, 49.846278555364236 ], [ -123.868169540010712, 49.879603674551895 ], [ -123.976363955226176, 49.961078468898656 ], [ -123.95664602380883, 49.997560957339772 ], [ -123.787895744346741, 50.047650364581479 ], [ -123.747130336234818, 50.09663187581004 ], [ -123.793636459434481, 50.117134768224858 ], [ -123.842055941166095, 50.057792169693577 ], [ -124.008450633778153, 49.998085079954777 ], [ -124.009687427039793, 49.968455855590349 ], [ -123.961222944224673, 49.905151150834087 ], [ -123.903662928032418, 49.878874456683974 ], [ -123.970475852986453, 49.804668871736595 ], [ -124.031479240280206, 49.893223349499991 ], [ -124.077414217381843, 49.866433960299574 ], [ -124.101798151703846, 49.798116064157398 ], [ -124.130528537418684, 49.781729164976468 ], [ -124.396743749219894, 49.766421760932516 ], [ -124.526599832956549, 49.804423965325675 ], [ -124.556323241387361, 49.871877362845488 ], [ -124.752161337015934, 49.963500963185609 ], [ -124.837651445695997, 50.051659560867968 ], [ -124.726951932702931, 50.085740858983229 ], [ -124.612046839233855, 50.187079054001508 ], [ -124.632892137990765, 50.293010358496559 ], [ -124.715000151384942, 50.322336271019935 ], [ -124.667974239530636, 50.387986554812343 ], [ -124.636113650080446, 50.400355860628608 ], [ -124.522984625372985, 50.397459055515682 ], [ -124.507910144703601, 50.417279753098313 ], [ -124.417502227553996, 50.438175770975988 ], [ -124.411730639243999, 50.467107155425495 ], [ -124.612483327798145, 50.419276473728296 ], [ -124.661557430251392, 50.436996470986621 ], [ -124.712058948895987, 50.373404154858633 ], [ -124.836286837581099, 50.310023978702098 ], [ -124.99810445439293, 50.344546770928474 ], [ -125.05478315423052, 50.315387575452625 ], [ -125.065849924533282, 50.410174369634362 ], [ -125.050199127647701, 50.480896363451897 ], [ -124.968260452511046, 50.501648456139485 ], [ -124.860676147728384, 50.598521764709716 ], [ -124.862874731429727, 50.689928971401855 ], [ -124.832196137281571, 50.732820461260587 ], [ -124.895193747493138, 50.76949805608475 ], [ -124.914945956274877, 50.802703559383374 ], [ -124.863997018548147, 50.822740767278177 ], [ -124.837738024861707, 50.872486976005568 ], [ -124.792579439434206, 50.890601476511442 ], [ -124.824775429930142, 50.931427882171427 ], [ -124.881887525598103, 50.885948558447652 ], [ -124.912113137402628, 50.836585465083601 ], [ -124.971048436280398, 50.822230855171185 ], [ -124.947032018945833, 50.754486963268938 ], [ -124.889603857676761, 50.731777966854317 ], [ -124.929160538319977, 50.67151816661643 ], [ -124.898180039113427, 50.635736359553995 ], [ -124.930021830212084, 50.589290067737416 ], [ -124.989177557344178, 50.568506568186947 ], [ -124.990574154806254, 50.539620772441872 ], [ -125.101020139763733, 50.501323756372095 ], [ -125.09762752390823, 50.445466264938069 ], [ -125.168353229327579, 50.409090558888892 ], [ -125.258521251629801, 50.457969356570267 ], [ -125.346821241054329, 50.477593556746356 ], [ -125.474736043085116, 50.442677664171121 ], [ -125.515851553057217, 50.453290852932746 ], [ -125.617263955332433, 50.450495166505675 ], [ -125.703642951707081, 50.422117760051322 ], [ -125.816013548866891, 50.500571773918885 ], [ -125.930357754368799, 50.471489470144924 ], [ -126.131508534730344, 50.483321760718674 ], [ -126.270958733464482, 50.507744071477205 ], [ -126.195384857026951, 50.53455197117178 ], [ -126.190395259346843, 50.569090467607616 ], [ -125.946889830122359, 50.628284874873003 ], [ -125.974578326846753, 50.642360366278126 ], [ -126.189607830700226, 50.580170858993561 ], [ -126.240005722804582, 50.583707166112227 ], [ -126.274585247183637, 50.630280273557119 ], [ -126.182474554945102, 50.646625864880427 ], [ -126.114552546947522, 50.643146569995636 ], [ -126.003217226315002, 50.667823765178703 ], [ -125.885326738194749, 50.664018354624098 ], [ -125.832988146313696, 50.681611556414552 ], [ -125.695386362586859, 50.691713469777987 ], [ -125.662986047226894, 50.751887777745274 ], [ -125.59091083742797, 50.795948560323538 ], [ -125.647003748856022, 50.852029656821827 ], [ -125.554078129951705, 50.866613561998804 ], [ -125.504214650011761, 50.931986152299238 ], [ -125.536803547461759, 50.976336073768259 ], [ -125.542965433123598, 51.056709859471276 ], [ -125.586946826509404, 51.094536864622015 ], [ -125.634373534687612, 51.066502769382808 ], [ -125.590878940292754, 51.036355053099719 ], [ -125.591518945734748, 50.965742775268531 ], [ -125.544798947448328, 50.937324070832346 ], [ -125.684694455384971, 50.874663160503815 ], [ -125.652058342773984, 50.808632565043609 ], [ -125.720475141016379, 50.743974863533801 ], [ -125.710552052086939, 50.717456072122069 ], [ -125.958245429451949, 50.685234762054428 ], [ -126.022033953405526, 50.696138468843664 ], [ -126.182449943514698, 50.668295256132765 ], [ -126.193063551433667, 50.713149250726971 ], [ -126.110591631894366, 50.755065169994772 ], [ -126.187409350693571, 50.781968472120106 ], [ -126.216457657588165, 50.83248946439759 ], [ -126.328416024671199, 50.850732169264248 ], [ -126.475508556967128, 50.813812366393336 ], [ -126.565847852173803, 50.833118952428102 ], [ -126.54871904725529, 50.897591452050264 ], [ -126.47328894318801, 50.925853574151304 ], [ -126.199717342781128, 50.905396153112555 ], [ -126.186582144098949, 50.926695264635768 ], [ -126.390559445329657, 50.931722659864427 ], [ -126.4839465425312, 50.962232078331333 ], [ -126.625525347501551, 50.886039757836315 ], [ -126.721955956368774, 50.873543760128328 ], [ -126.811624153304209, 50.952941976084169 ], [ -126.867620742217923, 50.942798772095117 ], [ -126.944470458692038, 50.850307764417416 ], [ -127.019796839964783, 50.817461181418352 ], [ -127.197334464665516, 50.875957770650189 ], [ -127.27068554059413, 50.913149556983413 ], [ -127.336329446916224, 50.905416056403894 ], [ -127.407107624722585, 50.925729566414638 ], [ -127.512000253451632, 50.992799860122034 ], [ -127.52328262935923, 51.043241168392569 ], [ -127.506500449493316, 51.093074171165433 ], [ -127.408695739410248, 51.058401881969402 ], [ -127.40851215670402, 51.04461266923613 ], [ -127.323584253880668, 51.033945366314612 ], [ -127.302762634892147, 51.043681160049545 ], [ -127.14223744863942, 51.0380826581967 ], [ -127.0167349220132, 51.059853062923906 ], [ -127.015739948174627, 51.083804054176319 ], [ -127.155829363004543, 51.053209171817187 ], [ -127.310687167415679, 51.058752165794459 ], [ -127.339528345171175, 51.038014263052105 ], [ -127.537474551400507, 51.116137861464502 ], [ -127.6572384685565, 51.086980067318059 ], [ -127.679748461848945, 51.130851375323324 ], [ -127.721803454886796, 51.13521226907325 ], [ -127.777876248076325, 51.186701758230193 ], [ -127.766699836293526, 51.248345772402033 ], [ -127.602323249692716, 51.28373737429434 ], [ -127.580809740140865, 51.261968368328226 ], [ -127.4226209602799, 51.272253961287646 ], [ -127.356284956312692, 51.30883196479374 ], [ -127.493924050546156, 51.315396165330561 ], [ -127.524526730991084, 51.34237637141041 ], [ -127.688754354718867, 51.33734326247594 ], [ -127.77451064031419, 51.320440664984638 ], [ -127.790794054731876, 51.358790369710903 ], [ -127.720197033849686, 51.401186259999349 ], [ -127.65524544223824, 51.394811479624877 ], [ -127.633859147676162, 51.430381058402169 ], [ -127.521095550639998, 51.51345237360912 ], [ -127.507689454223637, 51.620218257463307 ], [ -127.548069827996855, 51.63814337371533 ], [ -127.595438559507173, 51.566143877109191 ], [ -127.661743366211979, 51.516767968291973 ], [ -127.796938859977573, 51.529231263328647 ], [ -127.795832858383733, 51.595652057914236 ], [ -127.876993830590223, 51.669642570558871 ], [ -127.891456940898266, 51.715205863464504 ], [ -127.872942538535298, 51.757066258054444 ], [ -127.896235549001446, 51.819671663386963 ], [ -127.862487545021423, 51.866350179199699 ], [ -127.882423650510901, 51.896986276923926 ], [ -127.809078043117893, 51.934642359327682 ], [ -127.668065244333818, 51.964197556003512 ], [ -127.655337258582207, 52.029547458665185 ], [ -127.607294961404619, 52.118050675351171 ], [ -127.544180639175579, 52.130630686151079 ], [ -127.399729127861789, 52.217485463217201 ], [ -127.297620836687599, 52.232429967637849 ], [ -127.152919357845093, 52.316972868187349 ], [ -127.084454442794851, 52.298384060433847 ], [ -127.032478435229478, 52.310566770645927 ], [ -126.958045438417926, 52.262976778959668 ], [ -126.927132534377918, 52.188594577185818 ], [ -126.838212420294823, 52.148997268862338 ], [ -126.686739548848152, 52.018975576554055 ], [ -126.672815737652599, 52.04262168242979 ], [ -126.815372947282, 52.161084577433847 ], [ -126.90060182784093, 52.196785173184232 ], [ -126.916075045896363, 52.252306560810617 ], [ -126.980909024983902, 52.335484674183085 ], [ -127.159669947771718, 52.34208306665176 ], [ -127.20997825283844, 52.395133465131458 ], [ -127.188112226286904, 52.418330971435239 ], [ -127.262030867430141, 52.473450669672935 ], [ -127.345686238589892, 52.41747645863164 ], [ -127.437173442425006, 52.41274096703016 ], [ -127.482235952427828, 52.375593278562206 ], [ -127.488623828560804, 52.338207765895078 ], [ -127.606261037367872, 52.315243885098432 ], [ -127.716853857481908, 52.272009064001537 ], [ -127.779572950359253, 52.27605526016179 ], [ -127.854586635547975, 52.2068913788111 ], [ -127.898490967264976, 52.22461707153353 ], [ -127.932366468032143, 52.317427172636307 ], [ -128.035101968946009, 52.327896477091279 ], [ -128.078548960913139, 52.419040169768373 ], [ -128.070447750424279, 52.51127345399447 ], [ -128.149092837397177, 52.414992573736697 ], [ -128.294881929077746, 52.255872768248217 ], [ -128.370242452119157, 52.293179966522906 ], [ -128.332491937417018, 52.334697069807802 ], [ -128.339482748780256, 52.371804884535671 ], [ -128.263821844990588, 52.406159661704194 ], [ -128.22304995551093, 52.484422769997124 ], [ -128.248061261848193, 52.535802565322903 ], [ -128.171002737091953, 52.676255284026787 ], [ -128.135187943770688, 52.713236281947133 ], [ -128.123227055728393, 52.832113654746223 ], [ -128.160005056330277, 52.85996975721482 ], [ -128.225405664175355, 52.80654767285931 ], [ -128.331251256218366, 52.797922660266146 ], [ -128.428796563886976, 52.815242466224269 ], [ -128.498043826061519, 52.883419373698004 ], [ -128.512392950262921, 53.007067758632957 ], [ -128.579543361052885, 53.128618364154185 ], [ -128.611383944289628, 53.164279185650678 ], [ -128.728264240656586, 53.202133169466734 ], [ -128.847108930376208, 53.26765967426789 ], [ -128.890129360301472, 53.312714481333927 ], [ -128.885377644455701, 53.41113877510287 ], [ -128.972912170780887, 53.49631357635981 ], [ -128.966900632520321, 53.55024417490548 ], [ -128.871951249718705, 53.529326775074587 ], [ -128.814408461463074, 53.568360074166634 ], [ -128.755623333923211, 53.484714876923505 ], [ -128.657229250166949, 53.47520538622426 ], [ -128.539060253711938, 53.407031385462226 ], [ -128.373545137623296, 53.439708384101948 ], [ -128.385434946247216, 53.455527057859236 ], [ -128.545029136966264, 53.429904182274733 ], [ -128.644122642453198, 53.502168579052224 ], [ -128.686818940178625, 53.502027586269264 ], [ -128.749540536929914, 53.540062462091399 ], [ -128.818317841720301, 53.610847089285244 ], [ -128.835383145372077, 53.649467386534262 ], [ -128.780838252661596, 53.711930384316794 ], [ -128.808210238727725, 53.769852983029054 ], [ -128.678188022773071, 53.852778970715782 ], [ -128.715608462911149, 53.900870266049729 ], [ -128.789494039825712, 53.901615069406745 ], [ -128.873360866084766, 53.814432176893895 ], [ -129.1276736372117, 53.70965447402785 ], [ -129.13758395802202, 53.687352766167869 ], [ -129.233563051762559, 53.630891363798703 ], [ -129.249779840695339, 53.603667670595812 ], [ -129.234043956134087, 53.518586756668647 ], [ -129.238896964657187, 53.423718771830892 ], [ -129.312958664136687, 53.371672471132342 ], [ -129.446132861797935, 53.453991761256262 ], [ -129.64699425060158, 53.566871764237391 ], [ -129.821857558472004, 53.732188270900004 ], [ -129.895220240230003, 53.767562880352266 ], [ -130.072394052595826, 53.891743866544054 ], [ -130.109185343287436, 53.948406070527234 ], [ -130.085342752698779, 54.023739684143294 ], [ -130.102197739464827, 54.063630369751706 ], [ -130.053545731880149, 54.147405174662076 ], [ -129.929505754265875, 54.137371567315334 ], [ -129.953357948415089, 54.178242184791259 ], [ -129.85321886458982, 54.213442868498589 ], [ -129.860879330601563, 54.235958275503805 ], [ -130.022394940650145, 54.170035875388173 ], [ -130.129575841683192, 54.14841497907193 ], [ -130.178082368323459, 54.178707879985346 ], [ -130.278385831950061, 54.204064473556613 ], [ -130.231747630990327, 54.268061377490127 ], [ -130.242567655271301, 54.301557280247494 ], [ -130.275320059808251, 54.339370078728741 ], [ -130.37247142725829, 54.319402672957118 ], [ -130.444516237010561, 54.336456180141887 ], [ -130.484427768363588, 54.374334371192568 ], [ -130.483750852034518, 54.438833984502139 ], [ -130.447881872878781, 54.457100878886841 ], [ -130.450690145043183, 54.529503477896746 ], [ -130.349638055113132, 54.694664769959218 ], [ -130.196649763295454, 54.710058973286444 ], [ -130.208372134077962, 54.73162867668416 ], [ -130.16942394608671, 54.815179892167521 ], [ -130.176618746832787, 54.847492382041715 ], [ -130.050421538828061, 54.959109082844492 ], [ -130.011826333513682, 54.976287872132353 ], [ -129.882256039775484, 54.94434998488596 ], [ -129.816787632503093, 55.00705087955172 ], [ -129.9434107638277, 54.987747064491842 ], [ -130.004054234771587, 55.012972684930077 ], [ -129.952690842832084, 55.101115568736091 ], [ -129.887785651959035, 55.146151967174909 ], [ -129.80674005519873, 55.268715071110073 ], [ -129.754770352003732, 55.281053071128426 ], [ -129.664471030940263, 55.43195088374938 ], [ -129.78194464606733, 55.429163680662349 ], [ -129.839483424344962, 55.394320377704467 ], [ -129.812924242597575, 55.35877078961208 ], [ -129.815851166933328, 55.288550074236085 ], [ -129.887818829099785, 55.213280581500094 ], [ -129.900969652746994, 55.16650816213113 ], [ -130.007791656774316, 55.082761773389471 ], [ -130.034142447595912, 55.029984877277982 ], [ -130.114044471883062, 54.990555673350947 ], [ -130.165865563765436, 55.079696878549498 ], [ -130.12957243619195, 55.14762027018574 ], [ -130.075522769712251, 55.201453983835954 ], [ -129.943682438323265, 55.287889272211707 ], [ -129.998620926024415, 55.332367275530771 ], [ -130.024072245757765, 55.460930664008636 ], [ -130.07498543947321, 55.504725072017088 ], [ -130.110445359970129, 55.566287975933548 ], [ -130.086297243625467, 55.686998292320816 ], [ -130.13249482591641, 55.717393778562624 ], [ -130.108833038606576, 55.797566773522711 ], [ -130.068450565896399, 55.818169385269854 ], [ -129.995714925134848, 55.899138574417741 ], [ -130.002139094218535, 56.006610748282505 ], [ -130.103701106431402, 56.122023728750065 ], [ -130.241240591385179, 56.09580747900489 ], [ -130.419724240220319, 56.138876625664267 ], [ -130.46511226962383, 56.241474171956355 ], [ -130.585513164314023, 56.255445849899736 ], [ -130.656236396147676, 56.283394880171691 ], [ -130.781390298818707, 56.368061290049639 ], [ -131.087202745451805, 56.406353175098822 ], [ -131.164157337142569, 56.447285410352919 ], [ -131.46738488812187, 56.551073037983841 ], [ -131.581754816227317, 56.612371510415933 ], [ -131.833631679736669, 56.598775161417073 ], [ -131.857457048603095, 56.701773453921319 ], [ -131.901838236433889, 56.75436067949817 ], [ -131.870758259989941, 56.806249785485974 ], [ -132.121146937252206, 56.866901154092751 ], [ -132.045926560102203, 57.044043651797416 ], [ -132.369307587935509, 57.091422050359931 ], [ -132.244620751629554, 57.21201275377765 ], [ -132.369581728691145, 57.351424125689896 ], [ -132.563579044624447, 57.506826421276223 ], [ -132.6867427807843, 57.642966485614672 ], [ -132.759443090702149, 57.70752644595197 ], [ -132.868068384822038, 57.844587313415161 ], [ -133.069543165457901, 58.000052424656538 ], [ -133.172399189527056, 58.151641311996073 ], [ -133.354070567425623, 58.283399625670747 ], [ -133.461274398424678, 58.389872671680436 ], [ -133.381797696906091, 58.432551604109783 ], [ -133.699471344856192, 58.609113611536301 ], [ -133.841333084918517, 58.730148971578778 ], [ -134.002585809311881, 58.774094847575711 ], [ -134.256433757910543, 58.859072452639005 ], [ -134.33738290363442, 58.920335371039563 ], [ -134.312278595980331, 58.96139113920686 ], [ -134.407607490370737, 58.978445452801097 ], [ -134.385374902181127, 59.041396668131185 ], [ -134.484783072279811, 59.133387134749178 ], [ -134.569799288962599, 59.133503765611934 ], [ -134.677947277459481, 59.192804312628539 ], [ -134.699299698593535, 59.248388765634701 ], [ -134.958935153355725, 59.281086349428342 ], [ -135.030201962429913, 59.34835109191684 ], [ -134.989246363188386, 59.38787571241113 ], [ -135.097527625842815, 59.427003110024877 ], [ -135.027988836950215, 59.476302304009458 ], [ -135.02770806232823, 59.563918070996941 ], [ -135.117545948459934, 59.623383389084552 ], [ -135.221814803943971, 59.664146867563815 ], [ -135.234707358271578, 59.695949913903263 ], [ -135.377022836520013, 59.742925980606735 ], [ -135.479005207943914, 59.798612597083256 ], [ -135.945688926894121, 59.663622398041596 ], [ -136.195251086767229, 59.638812684445952 ], [ -136.355712475590821, 59.600673038324061 ], [ -136.241406050650085, 59.559102802343375 ], [ -136.236285017545953, 59.526711403452616 ], [ -136.301436063903338, 59.46583768978261 ], [ -136.397735308441099, 59.447177031689151 ], [ -136.476248052256267, 59.464192707926117 ], [ -136.46749461024487, 59.284562063726995 ], [ -136.58199214807442, 59.165541193384364 ], [ -136.824670038730375, 59.159801424429013 ], [ -136.999634483206165, 59.091363956874233 ], [ -137.288407739551587, 58.999481953365631 ], [ -137.446562384655635, 58.908661737645126 ], [ -137.52672886439251, 58.906598792746685 ], [ -137.499313520144995, 58.983138532921856 ], [ -137.602069213001869, 59.240725054870758 ], [ -137.878043938682595, 59.381441715716576 ], [ -138.605425508111836, 59.757690148187329 ], [ -138.656299329691109, 59.799224081156154 ], [ -138.705785230378922, 59.906239995713101 ], [ -138.79082343296534, 59.922990715406542 ], [ -139.05220104118402, 60.000040647475984 ], [ -138.500000034421419, 60.000000000571568 ], [ -137.499999973942863, 60.000000000540481 ], [ -136.500000010395439, 59.999999987989021 ], [ -135.50000000955464, 59.999999989308293 ], [ -134.75000000330715, 59.999999987142601 ], [ -133.999999978483032, 60.000000000720021 ], [ -133.500000020985084, 60.000000004944482 ], [ -132.500000009774283, 59.999999988525872 ], [ -131.500000014537875, 59.999999998301931 ], [ -130.499999990120898, 59.999999986654537 ], [ -129.750000008759315, 59.999999991956358 ], [ -128.999999968527902, 59.999999998631971 ], [ -127.999999965712675, 59.99999999547142 ], [ -126.999999973699218, 59.999999997454886 ], [ -126.499999971333196, 59.999999997356788 ], [ -125.499999980691385, 59.999999990696594 ], [ -124.499999984191689, 59.999999990849439 ], [ -123.789324835560777, 60.000032619721388 ] ] ] ] } },
{ "type": "Feature", "properties": { "year": "2021", "prov_code": [ "35" ], "prov_name_e": [ "Ontario" ], "prov_area_c": "CAN", "prov_type": "province", "prov_name_f": "Ontario" }, "geometry": { "type": "MultiPolygon", "coordinates": [ [ [ [ -79.914537857703777, 44.993013706481484 ], [ -80.008945136265893, 45.028510201264631 ], [ -80.07220703313935, 45.082179890688181 ], [ -79.98371154703996, 45.152206403668224 ], [ -80.043583146111203, 45.178579595071703 ], [ -80.115549951703414, 45.253902489805313 ], [ -80.042518550777928, 45.2913801064552 ], [ -80.031926830779994, 45.331500989626718 ], [ -80.077254154270662, 45.402925200668427 ], [ -80.205424247900581, 45.393732794080414 ], [ -80.23940515725937, 45.359526004860541 ], [ -80.298498350379873, 45.355460010646212 ], [ -80.315434555607894, 45.424859907728191 ], [ -80.393035858018777, 45.453894013704705 ], [ -80.387854750102861, 45.571465712695968 ], [ -80.503577843003001, 45.559030402890684 ], [ -80.530746133267598, 45.601584209467504 ], [ -80.534448832469778, 45.661059898042524 ], [ -80.601160530916701, 45.691870407467569 ], [ -80.639672256483649, 45.735112494372679 ], [ -80.653516244704733, 45.793282514100142 ], [ -80.714541236996354, 45.821867302275777 ], [ -80.738962643271591, 45.916280997034889 ], [ -80.811586450430042, 45.943812999727044 ], [ -80.83257085637554, 45.919966913871974 ], [ -80.966247146700141, 45.951866892184555 ], [ -81.124443652702396, 45.945190202125147 ], [ -81.175318649262522, 45.960785413531156 ], [ -81.155592738202031, 46.001567091295712 ], [ -81.233704634168518, 45.992865290768258 ], [ -81.417201960138726, 45.993476114320174 ], [ -81.484361059001472, 45.969557513018898 ], [ -81.635165043631218, 46.026367698714452 ], [ -81.551336933896977, 46.048655897402988 ], [ -81.561757130194749, 46.089637700971132 ], [ -81.661129942742889, 46.114675716582489 ], [ -81.666281930155478, 46.06644009062704 ], [ -81.792829731328368, 46.061077899783001 ], [ -81.787601458943357, 46.098897617315508 ], [ -81.97284694203249, 46.090990008083836 ], [ -82.067459748884588, 46.110413510534308 ], [ -82.16689315955486, 46.112825404042198 ], [ -82.265780737421622, 46.148628995359516 ], [ -82.349893451158195, 46.155226601917889 ], [ -82.329931137325019, 46.187267496812488 ], [ -82.441287333598851, 46.18392789850023 ], [ -82.468521331811161, 46.199853315769339 ], [ -82.55566694073427, 46.165570892542902 ], [ -82.678441345175557, 46.157939202738767 ], [ -82.682053335228574, 46.187631999919581 ], [ -82.79897645980158, 46.189897319269321 ], [ -82.833947130274993, 46.175691803514169 ], [ -82.916613033755951, 46.183746805723459 ], [ -83.04823333747602, 46.177331804995497 ], [ -83.33621883708463, 46.218987110215075 ], [ -83.378620629814307, 46.233439216139779 ], [ -83.567936656766847, 46.261128602406977 ], [ -83.612683339773852, 46.286016300608587 ], [ -83.68191105638455, 46.273386020189911 ], [ -83.787302734686605, 46.299709802551718 ], [ -83.875801631949614, 46.302972410372988 ], [ -83.87950983282127, 46.326855812050759 ], [ -84.059652566338826, 46.320499202254041 ], [ -84.126413863762465, 46.394485814097507 ], [ -84.076767039130146, 46.492209306685005 ], [ -84.174198136891491, 46.548618020776324 ], [ -84.221952334414567, 46.540743805267113 ], [ -84.283432152507018, 46.495825598972189 ], [ -84.377391859871139, 46.517881702600917 ], [ -84.483895044028486, 46.490187498446716 ], [ -84.532961560944003, 46.500700817431884 ], [ -84.600087357860289, 46.547759211221759 ], [ -84.594563338934265, 46.577071006955805 ], [ -84.42130084895382, 46.68947549762354 ], [ -84.433172857941742, 46.736197608367675 ], [ -84.506303434872976, 46.74735651702057 ], [ -84.523164758434518, 46.696009823514665 ], [ -84.571537038107707, 46.695121311181602 ], [ -84.57568826034381, 46.738239517578002 ], [ -84.541667850009873, 46.788467318898775 ], [ -84.538273336474518, 46.830181502503244 ], [ -84.444015756693119, 46.844890418948282 ], [ -84.413298161873243, 46.8152652234754 ], [ -84.35549625275209, 46.868328612003744 ], [ -84.365026136111851, 46.893142819951159 ], [ -84.475497156158326, 46.93906730763991 ], [ -84.515309166335115, 46.921551001784913 ], [ -84.578475144258661, 46.945350414415472 ], [ -84.650407831655414, 46.914498503731572 ], [ -84.65810594358517, 46.955395912595471 ], [ -84.717449562887808, 46.952016718586854 ], [ -84.778410355976277, 46.974345610501331 ], [ -84.778195763694995, 47.048351508800096 ], [ -84.71202243723674, 47.099739010163802 ], [ -84.729616345506841, 47.13526930538746 ], [ -84.645819147478434, 47.243283704921971 ], [ -84.587978259931702, 47.283773916233649 ], [ -84.64452975710735, 47.357771613735416 ], [ -84.706513032531561, 47.372294404397906 ], [ -84.703056160188069, 47.400625814842471 ], [ -84.799734034245176, 47.476143914425414 ], [ -84.822191856266571, 47.476771103843539 ], [ -84.960594145300206, 47.538978712402972 ], [ -84.948306729061372, 47.555199911703703 ], [ -85.037428938143108, 47.6090234216149 ], [ -84.980981641362547, 47.665705809115067 ], [ -84.978014126251139, 47.73175581291283 ], [ -84.919268840314928, 47.774068202824424 ], [ -84.940282524640978, 47.820239118802924 ], [ -84.878817743655674, 47.889521713439699 ], [ -84.837011430284093, 47.914854507876512 ], [ -84.858778543720888, 47.957526304641512 ], [ -84.988218955759251, 47.963439322118383 ], [ -85.320109639029383, 47.953510801735661 ], [ -85.382199429045869, 47.923252816426242 ], [ -85.529762245240249, 47.917407810852993 ], [ -85.68307215361267, 47.925627513948115 ], [ -85.80123475511941, 47.950567818843183 ], [ -85.935198654915283, 48.022428728173402 ], [ -86.084275644531942, 48.160531720465883 ], [ -86.140170855094524, 48.241449023734397 ], [ -86.140437331873542, 48.270600625279819 ], [ -86.225680738415662, 48.409583409731979 ], [ -86.232802732064542, 48.468838007409374 ], [ -86.302454741566493, 48.600629709868599 ], [ -86.331145636423926, 48.614798114970441 ], [ -86.387274732445292, 48.735911703057113 ], [ -86.428475941005146, 48.773825915558348 ], [ -86.495113339500307, 48.76568952529091 ], [ -86.538767323433248, 48.727207127130775 ], [ -86.606383558469744, 48.733269222251188 ], [ -86.617114228019105, 48.781551304430963 ], [ -86.726318839077379, 48.800825306324235 ], [ -86.872503658213247, 48.747867226210133 ], [ -86.989699739915125, 48.805053624070695 ], [ -87.070200027047605, 48.773808420928461 ], [ -87.229240551421682, 48.755941208581952 ], [ -87.289356034702124, 48.789963329892586 ], [ -87.389729325726492, 48.806301126179633 ], [ -87.406535327888193, 48.833195023069557 ], [ -87.552645041857076, 48.835988310729647 ], [ -87.544268747559357, 48.877877308221173 ], [ -87.63424924104396, 48.855602120813302 ], [ -87.672127825415672, 48.897803129852768 ], [ -87.915715449039297, 48.931156107914283 ], [ -88.104029040072575, 49.000053629063785 ], [ -88.262118141330561, 48.952192816315652 ], [ -88.226271347189737, 48.926374112421335 ], [ -88.245672945142644, 48.876471617327724 ], [ -88.227478338895182, 48.840205215366645 ], [ -88.096381332805606, 48.788341228150642 ], [ -88.095182730879117, 48.712576924673023 ], [ -88.161927255431593, 48.632637219072009 ], [ -88.240687553657281, 48.580975629145733 ], [ -88.341144257392131, 48.644903624145776 ], [ -88.333566846732964, 48.573216519103362 ], [ -88.377305959833222, 48.539422613861838 ], [ -88.482503260590008, 48.521669318017096 ], [ -88.530164836945161, 48.438984215309098 ], [ -88.56578424067412, 48.436471629895237 ], [ -88.582441041873267, 48.492133109157685 ], [ -88.438862539623017, 48.614691712877907 ], [ -88.339089065035253, 48.673419724521558 ], [ -88.301139030878034, 48.756865016903575 ], [ -88.334283442611493, 48.81537601919382 ], [ -88.441412163433313, 48.848244932976939 ], [ -88.541962030912828, 48.774684213205006 ], [ -88.516217654742107, 48.713462722194507 ], [ -88.553243053049741, 48.674805718240854 ], [ -88.548505839781015, 48.630596915077668 ], [ -88.615824850687247, 48.621637612113069 ], [ -88.638855953276277, 48.508878418554431 ], [ -88.682954147406576, 48.465479016887222 ], [ -88.718323465307151, 48.380662309781236 ], [ -88.769534258312163, 48.340406029257593 ], [ -88.888067449580475, 48.317062330663241 ], [ -88.899720336452361, 48.364205214129157 ], [ -88.849241853484557, 48.39977532260712 ], [ -88.829004038810922, 48.472645112578931 ], [ -88.753369565046782, 48.556475532670426 ], [ -88.813049859788535, 48.568416431209791 ], [ -89.058834941075901, 48.491153528098117 ], [ -89.127813657146959, 48.485336828597035 ], [ -89.213334361228348, 48.437387126774631 ], [ -89.24189293815158, 48.382885225680063 ], [ -89.202034147347817, 48.331380107790942 ], [ -89.258200056878749, 48.266102130500485 ], [ -89.284161954226846, 48.1745862241808 ], [ -89.363439933831842, 48.099713209476228 ], [ -89.44010415157301, 48.077927532287482 ], [ -89.487791044305155, 48.03353372865142 ], [ -89.589737492558015, 48.004374903425514 ], [ -89.702478988945288, 48.006518105365473 ], [ -89.77587140437295, 48.022714102933449 ], [ -89.898805584566006, 47.988138905398692 ], [ -89.993653996225333, 48.02802786976406 ], [ -90.002138185992095, 48.085657891398171 ], [ -90.142644205029129, 48.112753122977075 ], [ -90.373940272197757, 48.092873313824832 ], [ -90.399446205773955, 48.111511989377661 ], [ -90.487904291676585, 48.099786010134309 ], [ -90.612678991248444, 48.113498808337781 ], [ -90.760075392265975, 48.098220499323887 ], [ -90.778173206798371, 48.151404688550109 ], [ -90.833328507666224, 48.193885289474693 ], [ -90.837952788409524, 48.240126604778808 ], [ -90.922679398803311, 48.261206493655664 ], [ -91.035850713251278, 48.193357910524519 ], [ -91.082504895911612, 48.182908102076489 ], [ -91.252073198014003, 48.08565100064849 ], [ -91.410904098884487, 48.05906688651249 ], [ -91.473360691257824, 48.088354803775829 ], [ -91.526830913462902, 48.145385786720325 ], [ -91.59070580605956, 48.104034300254703 ], [ -91.676639127720165, 48.107528315966711 ], [ -91.700254816078939, 48.125119201266365 ], [ -91.71686741796168, 48.201280306675706 ], [ -91.872924794212324, 48.237687897677446 ], [ -91.932204616161158, 48.239471609597693 ], [ -92.010179484218881, 48.288320209587745 ], [ -92.024726189008774, 48.357326086335533 ], [ -92.072761606025495, 48.385828339552916 ], [ -92.194365538699614, 48.357620740437802 ], [ -92.279604605260019, 48.35745699939649 ], [ -92.324829904466981, 48.318460000540988 ], [ -92.283551888514225, 48.248106691446111 ], [ -92.371458790524642, 48.224130508093459 ], [ -92.411588804790895, 48.301140189785784 ], [ -92.466885110279591, 48.349461105418669 ], [ -92.447412399200203, 48.399076109304488 ], [ -92.480341907124753, 48.42522929331929 ], [ -92.463504203059685, 48.467103306497592 ], [ -92.619484919125412, 48.470935407676286 ], [ -92.588706186286558, 48.549422904800359 ], [ -92.703805015616467, 48.576836699227727 ], [ -92.756865685507705, 48.605892593134996 ], [ -92.876875705895557, 48.606740009432585 ], [ -92.850215712142045, 48.667631108645637 ], [ -92.962077082422269, 48.665958900188564 ], [ -93.030961318261902, 48.686508498135247 ], [ -93.102046007927342, 48.658624093236831 ], [ -93.1999413371705, 48.675858724437298 ], [ -93.218635224018541, 48.701436937447532 ], [ -93.181852269665399, 48.779010996902215 ], [ -93.271641391116262, 48.812650387815509 ], [ -93.293883597515915, 48.89167889951343 ], [ -93.413685712319108, 48.914043793360918 ], [ -93.402708617587564, 48.828648708761243 ], [ -93.340380916510711, 48.775566294592743 ], [ -93.353675102291305, 48.716889806094301 ], [ -93.411436506455857, 48.68466272314339 ], [ -93.352253412843865, 48.637880607952404 ], [ -93.46891108698297, 48.588362701013779 ], [ -93.470285417845346, 48.546469688654618 ], [ -93.648886308472868, 48.518197394369636 ], [ -93.791686288644243, 48.517267509367386 ], [ -93.80246370165645, 48.566844599361545 ], [ -93.848070214327109, 48.631849595811872 ], [ -94.243612303651744, 48.654349806702477 ], [ -94.260388188954678, 48.697561104841071 ], [ -94.305425688002742, 48.71121808984573 ], [ -94.535065200998744, 48.702963895055987 ], [ -94.58685591601369, 48.719020600870991 ], [ -94.686950208402479, 48.777062190371915 ], [ -94.700577711612553, 48.824692103690793 ], [ -94.637974849649481, 48.882055627386698 ], [ -94.584003550708672, 48.953545042026427 ], [ -94.471011771768033, 48.965465019142599 ], [ -94.317612153516379, 49.088265328089776 ], [ -94.307063851390652, 49.138222231199492 ], [ -94.239961076098751, 49.124929128566208 ], [ -94.179643359545281, 49.089964932538926 ], [ -94.102190674423667, 49.13412652786517 ], [ -94.046792377999765, 49.142684541869244 ], [ -94.070955865974554, 49.18360053323412 ], [ -94.18729285283861, 49.17463613787492 ], [ -94.260325370066681, 49.199922523900554 ], [ -94.263668354932236, 49.243380836553214 ], [ -94.333633053172036, 49.289344221617647 ], [ -94.46248124619072, 49.230607025545886 ], [ -94.50666084673054, 49.263242323915733 ], [ -94.610269462828484, 49.308721427523871 ], [ -94.702236538815029, 49.420299130576971 ], [ -94.653383873625927, 49.463584535970007 ], [ -94.612959962972937, 49.459415027853858 ], [ -94.315876050545739, 49.493780836795835 ], [ -94.27826227092342, 49.455729928011507 ], [ -94.260975756784958, 49.398826340336655 ], [ -94.204480949361383, 49.375213243135107 ], [ -94.230697545333797, 49.331606036116284 ], [ -94.07288384334467, 49.278612731471149 ], [ -93.982907755959502, 49.41195952619789 ], [ -94.048531337211728, 49.457267522083036 ], [ -94.120259674828276, 49.457278520900303 ], [ -94.232682857434057, 49.482616842255261 ], [ -94.244023360441517, 49.513331038127326 ], [ -94.334385175158559, 49.514752527127875 ], [ -94.328662449237413, 49.54318933832517 ], [ -94.373799063723879, 49.583689120869138 ], [ -94.317966268972484, 49.627524121634991 ], [ -94.307511755723155, 49.666834034268184 ], [ -94.404967756866043, 49.726543438810268 ], [ -94.472338068575382, 49.724365832003571 ], [ -94.498382551988328, 49.766290125915781 ], [ -94.570537368706496, 49.75113993063772 ], [ -94.555469236253671, 49.70149273558264 ], [ -94.589301063891938, 49.655751633753781 ], [ -94.6686673420093, 49.655363136703173 ], [ -94.653653675332635, 49.708650533463569 ], [ -94.744063254957197, 49.714825736841995 ], [ -94.826894339534206, 49.698867233545748 ], [ -94.835647166700909, 49.609809237648037 ], [ -94.882861153416997, 49.567977026537726 ], [ -94.970070740647785, 49.563583034544443 ], [ -94.964157675458537, 49.613051234738904 ], [ -95.015165259454406, 49.640726032608924 ], [ -95.094603275771732, 49.619974922321688 ], [ -95.153433059239617, 49.646064671099545 ], [ -95.152882758654059, 50.001208085062132 ], [ -95.152923667444398, 50.458932009986377 ], [ -95.152978488260715, 51.057961050409268 ], [ -95.153023907182856, 51.542190898631162 ], [ -95.153054565672534, 51.862662611215221 ], [ -95.153100370772748, 52.332526761809198 ], [ -95.153151096198741, 52.840573105165824 ], [ -94.867742934082798, 53.016144254257917 ], [ -94.262671214599038, 53.381424000151981 ], [ -93.958445030228646, 53.553694265726783 ], [ -93.629553531616963, 53.75020269539538 ], [ -93.189674771331923, 54.074774269364596 ], [ -92.658573654164584, 54.453378881488149 ], [ -92.188692364225545, 54.774903598534074 ], [ -91.999970091447253, 54.906002706547852 ], [ -91.647793191637078, 55.158484860550217 ], [ -90.802250348362108, 55.720394336574188 ], [ -90.152923433069589, 56.13376364541832 ], [ -89.484811815105047, 56.547278386928674 ], [ -88.979576904002712, 56.851148446214111 ], [ -88.878274490339052, 56.861458590658806 ], [ -88.816776029517143, 56.837854000133916 ], [ -88.812976418331033, 56.801182894695053 ], [ -88.690360923725123, 56.745446590114263 ], [ -88.66893558448254, 56.701957630679701 ], [ -88.560637021928343, 56.660748996938793 ], [ -88.508063780197602, 56.656761196316559 ], [ -88.443912191916496, 56.608741287096542 ], [ -88.352190204374622, 56.567353588771986 ], [ -88.171337400451662, 56.508081219242477 ], [ -88.127295687101281, 56.508580100751125 ], [ -87.979109882124845, 56.473071300766541 ], [ -87.923676994971615, 56.391651086111466 ], [ -87.832137323827851, 56.341600296292491 ], [ -87.776693394021876, 56.266647090965037 ], [ -87.63740008891439, 56.112312599258935 ], [ -87.578532620834807, 56.076314595856566 ], [ -87.472219897115366, 56.048620298066119 ], [ -87.467776579474204, 56.014759193195282 ], [ -87.212988524746791, 55.932651319360239 ], [ -87.023020292797398, 55.915686012666576 ], [ -86.9012454952761, 55.914072291274422 ], [ -86.643906293067047, 55.828449898685641 ], [ -86.374897903232991, 55.764260711962919 ], [ -86.269489682250097, 55.7088568876881 ], [ -85.9670626116514, 55.661312506209839 ], [ -85.773136404971552, 55.593648508607977 ], [ -85.643893283344994, 55.557967010521651 ], [ -85.433893505797982, 55.417744292136391 ], [ -85.352862803483674, 55.384807689806706 ], [ -85.229941912036765, 55.372789418825938 ], [ -85.200404723639494, 55.343102802239436 ], [ -85.131985656187283, 55.331924538683332 ], [ -85.095767688258718, 55.260382617329178 ], [ -84.97230322201969, 55.279697492387342 ], [ -84.794573415932021, 55.235328692108396 ], [ -84.512199011765702, 55.23212809079898 ], [ -84.389206397326333, 55.263550311878099 ], [ -84.174425016926051, 55.274573301933657 ], [ -84.078672809313119, 55.250202303963235 ], [ -83.97611530937165, 55.287279322319407 ], [ -83.883292392916246, 55.294106206727605 ], [ -83.706548209888879, 55.232114527180357 ], [ -83.646950712820868, 55.263911197738821 ], [ -83.482300396537738, 55.219410293945351 ], [ -83.417749415339159, 55.222554127792073 ], [ -83.337546692585732, 55.198708919931178 ], [ -83.220388703750231, 55.211677794075008 ], [ -83.153585880703162, 55.195505116781234 ], [ -82.973314292599909, 55.226346587454408 ], [ -82.921669390943478, 55.210460789776839 ], [ -82.88046497896886, 55.15738630403073 ], [ -82.813314925658702, 55.130178697244524 ], [ -82.751386278087423, 55.131516828802638 ], [ -82.715274599042061, 55.161540505356513 ], [ -82.415291004812033, 55.108768593895604 ], [ -82.252587200095448, 55.109659092146785 ], [ -82.271769099438743, 55.049919704270138 ], [ -82.251580120768651, 54.875975894749779 ], [ -82.212908286083945, 54.874474391999463 ], [ -82.195360197780559, 54.804312391270962 ], [ -82.288368100054043, 54.654426497597996 ], [ -82.323492303792122, 54.505709110240637 ], [ -82.343379406344695, 54.499396288620609 ], [ -82.42392568771848, 54.346034803857258 ], [ -82.432424017632158, 54.277092113496352 ], [ -82.40764431309637, 54.192549608095227 ], [ -82.346117576326023, 54.127575208440334 ], [ -82.255244514283561, 54.06374730260039 ], [ -82.204215076573561, 53.995810806947937 ], [ -82.124315002372242, 53.827330496264857 ], [ -82.119856796636483, 53.774720205069578 ], [ -82.200101495534483, 53.65324188772184 ], [ -82.204538895125864, 53.550767486031276 ], [ -82.161847186934878, 53.457547189190308 ], [ -82.110464904367717, 53.30633748767265 ], [ -82.11225051626532, 53.265205791939017 ], [ -82.216021232190698, 53.216700013231652 ], [ -82.25206399806315, 53.180493788636156 ], [ -82.283025385843104, 53.100191710685259 ], [ -82.278785205780324, 53.009686891056589 ], [ -82.235881199400509, 52.925961906175701 ], [ -82.109670611280592, 52.891110898521148 ], [ -81.943393003755034, 52.777208486739582 ], [ -81.917925715996716, 52.704006703663531 ], [ -81.859814595096154, 52.653115487931764 ], [ -81.757242311787621, 52.603166708449827 ], [ -81.642809386807201, 52.495628987545437 ], [ -81.562388806136724, 52.462648700345184 ], [ -81.525269188465387, 52.423162606849282 ], [ -81.543920427784442, 52.363406998951945 ], [ -81.511293991634787, 52.323685286544588 ], [ -81.560332358757805, 52.296091099940234 ], [ -81.470192513064305, 52.261018091414115 ], [ -81.474515515865264, 52.218368722901189 ], [ -81.34038081460487, 52.098930029557707 ], [ -81.155059725011256, 52.041633900650822 ], [ -81.094572787212797, 52.057578800780774 ], [ -80.972319200531928, 52.001695200552788 ], [ -80.880336905127962, 51.895226800598643 ], [ -80.694855035886462, 51.821075902771909 ], [ -80.582160087266956, 51.713066325976101 ], [ -80.512631789532037, 51.54764039485395 ], [ -80.450224004180484, 51.494702590622637 ], [ -80.427922114366325, 51.448820703487286 ], [ -80.425660482401213, 51.349939388383703 ], [ -80.314369620107485, 51.315340190680459 ], [ -80.113428979213111, 51.29081060932743 ], [ -80.051654005342016, 51.257018911222545 ], [ -79.978088993857369, 51.238778497468864 ], [ -79.92435201706094, 51.192193398986305 ], [ -79.859389307423598, 51.165370488643035 ], [ -79.79017589168474, 51.159876705251548 ], [ -79.689901700903633, 51.285490907339423 ], [ -79.74545849039194, 51.329193592088821 ], [ -79.686128382553974, 51.348841990526957 ], [ -79.681701583280841, 51.405628093421669 ], [ -79.639156994048548, 51.407066511926288 ], [ -79.524330636191152, 51.471331837583648 ], [ -79.515848713215703, 51.460677606786632 ], [ -79.517913482057082, 50.945423166759291 ], [ -79.517952893822155, 50.194721225281519 ], [ -79.517620727228845, 49.831586736192541 ], [ -79.51785743120962, 49.304061145102267 ], [ -79.517395665766315, 48.805717308448735 ], [ -79.517404257875896, 48.287842699982768 ], [ -79.517439750326915, 47.996406661914961 ], [ -79.517080533332035, 47.533163992178423 ], [ -79.547389323407913, 47.51782616331203 ], [ -79.586472793339425, 47.445638846985197 ], [ -79.581034361374577, 47.415114009048324 ], [ -79.426842650209593, 47.250069239218234 ], [ -79.442992860972524, 47.100997102809416 ], [ -79.346799183278904, 47.00785849244874 ], [ -79.329665750293955, 46.957186777139832 ], [ -79.214008108712406, 46.833235561265106 ], [ -79.17082153696316, 46.825218510951181 ], [ -79.094322891463392, 46.688295712866143 ], [ -79.015250739148158, 46.626852292926017 ], [ -78.989870724971624, 46.548855526769636 ], [ -78.892722000300921, 46.46191530856585 ], [ -78.727107172555378, 46.382872692094082 ], [ -78.728231263047547, 46.342338687152427 ], [ -78.675822343124608, 46.318233776839129 ], [ -78.597058374042135, 46.318852640393686 ], [ -78.513877003220983, 46.296876122583342 ], [ -78.388388730334455, 46.291687914253842 ], [ -78.309580809650768, 46.253169019952331 ], [ -78.260490548532502, 46.273944034506485 ], [ -78.135142786165744, 46.274727985973499 ], [ -78.042686052799695, 46.242511817891156 ], [ -77.987985945335581, 46.246562243871253 ], [ -77.926809155281703, 46.224098983615377 ], [ -77.697808692272602, 46.182930639130895 ], [ -77.674994288512025, 46.198497383199978 ], [ -77.56608271063061, 46.159220590168964 ], [ -77.276334181426165, 46.008539648964984 ], [ -77.278404071013568, 45.948889643987407 ], [ -77.19032721643805, 45.863860845989628 ], [ -77.081558341834665, 45.835582961300908 ], [ -76.984978796979831, 45.78607724570918 ], [ -76.911996683886798, 45.809670825109201 ], [ -76.927575154073352, 45.892254877277907 ], [ -76.894838600774193, 45.898146175316867 ], [ -76.778725445596493, 45.871352646218988 ], [ -76.765759208995917, 45.810989488600022 ], [ -76.769594137759867, 45.733499030772023 ], [ -76.703597812816213, 45.720809901127261 ], [ -76.711944539581324, 45.665482257472057 ], [ -76.670289043723017, 45.625809831878826 ], [ -76.659274946648495, 45.56072605807374 ], [ -76.603745002021256, 45.532181296843511 ], [ -76.433516632206761, 45.492076140964329 ], [ -76.361743703690706, 45.45709459625288 ], [ -76.245083932151687, 45.468608940252672 ], [ -76.20100638900665, 45.518879134208099 ], [ -76.089877186837413, 45.513852444444268 ], [ -75.987164606617526, 45.479645307694781 ], [ -75.8951850982221, 45.40163468600992 ], [ -75.797016804200481, 45.378324029484368 ], [ -75.703744556333518, 45.42663519945625 ], [ -75.6831771930851, 45.459136500476063 ], [ -75.57555679765629, 45.474825105063282 ], [ -75.445408439635898, 45.521110480894045 ], [ -75.316994392192981, 45.546170744783382 ], [ -75.242613949512048, 45.585508708140267 ], [ -75.113502288677282, 45.578618288238815 ], [ -74.988979700057087, 45.610784844849924 ], [ -74.943010480259716, 45.643405400410572 ], [ -74.729345671824134, 45.628326087597486 ], [ -74.638060709904622, 45.638758151266266 ], [ -74.5351100602808, 45.594832516426202 ], [ -74.472366400692906, 45.593731807549965 ], [ -74.38405536497288, 45.56714922179836 ], [ -74.381602245646206, 45.563712767983731 ], [ -74.471911279194956, 45.302734209626763 ], [ -74.343471671736225, 45.205402223237563 ], [ -74.391482712690006, 45.167897708992037 ], [ -74.455444098201014, 45.155081199837554 ], [ -74.547689913881143, 45.062104006738537 ], [ -74.700228009121929, 45.015941072429356 ], [ -74.889640995397826, 45.027227086476501 ], [ -74.996624892835143, 44.982982703558854 ], [ -75.006694205269341, 44.964073801005362 ], [ -75.137041818707402, 44.923557096525542 ], [ -75.167520913952387, 44.899084497432625 ], [ -75.307941813946584, 44.843618194046812 ], [ -75.313899632400577, 44.829216587208791 ], [ -75.537202800053791, 44.698103412934834 ], [ -75.578280408457161, 44.658237602889166 ], [ -75.744281801351988, 44.547233908500715 ], [ -75.889175890654485, 44.426455012148963 ], [ -75.929108216786219, 44.382428089693626 ], [ -76.026572631155204, 44.353593470521353 ], [ -76.097635591672059, 44.347171328193632 ], [ -76.184061398220209, 44.316976010909848 ], [ -76.222288399519883, 44.318517905516018 ], [ -76.314275921222603, 44.290604616651471 ], [ -76.428009919163088, 44.236174890760793 ], [ -76.557462584148851, 44.209355013139877 ], [ -76.631614545471578, 44.221662481779667 ], [ -76.725696731124401, 44.203173585795263 ], [ -76.927799538690579, 44.104894591161376 ], [ -76.969535854434938, 44.063604889138368 ], [ -77.031787452492125, 44.062028306482183 ], [ -77.067905935580214, 44.105693793366015 ], [ -77.038620348591337, 44.176625600529484 ], [ -77.08636655935554, 44.176519286623886 ], [ -77.19104675344559, 44.15719070602222 ], [ -77.254776358444857, 44.179519990295084 ], [ -77.295190956484205, 44.153875284349475 ], [ -77.335111634854258, 44.167938981406799 ], [ -77.472135146200401, 44.120921399342265 ], [ -77.575275434629503, 44.096045904775345 ], [ -77.587453132585168, 44.059621898143831 ], [ -77.751195731663898, 44.010642598406285 ], [ -77.817186836626476, 44.003811185451845 ], [ -77.93503395219328, 43.970203892183143 ], [ -78.115621844718859, 43.957132804755652 ], [ -78.256885248630525, 43.953140295772087 ], [ -78.372688146057087, 43.929908704091119 ], [ -78.481954946810305, 43.896554903517739 ], [ -78.617575450894137, 43.89854319298729 ], [ -78.711669549665331, 43.86767460379582 ], [ -78.818310948106159, 43.868690289103426 ], [ -78.929070858314404, 43.851535605784406 ], [ -79.05989836644477, 43.80774969198859 ], [ -79.091815935331212, 43.812082385025896 ], [ -79.188573545160054, 43.746873396726521 ], [ -79.279653236976955, 43.671184389622148 ], [ -79.348092144144658, 43.63358910037671 ], [ -79.455162147553665, 43.637473297728427 ], [ -79.537036445693332, 43.588122189108219 ], [ -79.597956935324589, 43.536437093041961 ], [ -79.606423955583395, 43.496553189315442 ], [ -79.6779372455713, 43.431436893332062 ], [ -79.717776451974927, 43.375576697426368 ], [ -79.800616746477587, 43.318000904695587 ], [ -79.749018770644781, 43.247212488856199 ], [ -79.580818854126818, 43.20479129327223 ], [ -79.487769249957822, 43.19434718519021 ], [ -79.411971160444153, 43.198259202886192 ], [ -79.316112251206278, 43.184038589570108 ], [ -79.137535543640851, 43.25602550526834 ], [ -79.058207626903553, 43.251167205892692 ], [ -79.044443337461345, 43.13918659578291 ], [ -79.0790316229035, 43.07517329647866 ], [ -79.028447903779821, 43.058734706066879 ], [ -79.027910105431516, 42.990037508599954 ], [ -78.908196112696302, 42.913172399113407 ], [ -78.952260140692687, 42.880178381432486 ], [ -79.093690264457507, 42.856182199071831 ], [ -79.156195061502331, 42.875049507971283 ], [ -79.296793351201359, 42.877745798197779 ], [ -79.379680440151446, 42.861245000088502 ], [ -79.436739258804678, 42.875645200512587 ], [ -79.483330946284227, 42.840845490047883 ], [ -79.592819569126789, 42.856876995101075 ], [ -79.639069342658374, 42.835477200633946 ], [ -79.703216363715413, 42.861220101861967 ], [ -79.843648463647014, 42.823110209382307 ], [ -79.918161958738466, 42.819587784385988 ], [ -79.996385850706702, 42.799511287988558 ], [ -80.223612046734672, 42.781398395387306 ], [ -80.326529772222699, 42.692949587237287 ], [ -80.426539057423625, 42.645304509752897 ], [ -80.45474125472424, 42.613345784333177 ], [ -80.438443845936263, 42.583016705771044 ], [ -80.51722946036088, 42.573713404145657 ], [ -80.631791450045696, 42.584009888107246 ], [ -80.758206550968097, 42.634129504850932 ], [ -80.841987767853965, 42.652494193722958 ], [ -81.247153640152746, 42.66404659880294 ], [ -81.351174670380502, 42.641160698703153 ], [ -81.395572867122056, 42.607981895193511 ], [ -81.45059765167484, 42.600403006761148 ], [ -81.572828672198796, 42.539463402029064 ], [ -81.623700768751178, 42.498167410778983 ], [ -81.804406543797697, 42.392130694072137 ], [ -81.844167365856904, 42.332818899856903 ], [ -82.002548052776291, 42.264987687887675 ], [ -82.094053048897365, 42.247282886543559 ], [ -82.199166660907466, 42.197075998637636 ], [ -82.411123845944502, 42.110392497070443 ], [ -82.482829656184506, 42.039463786908208 ], [ -82.501171045725826, 41.985601196899431 ], [ -82.533102272079091, 41.965554098014444 ], [ -82.614195566932594, 42.032323196688239 ], [ -82.74174776375763, 42.026396301244723 ], [ -82.815947964841214, 41.998299304738154 ], [ -82.924644963151877, 41.980938304882194 ], [ -83.004134354919188, 42.019574494977064 ], [ -83.108731262189323, 42.047500803039476 ], [ -83.116149364451644, 42.138387890897754 ], [ -83.100942161974203, 42.197385289940996 ], [ -83.107420467424859, 42.257055497323954 ], [ -83.058120351125794, 42.316020301889722 ], [ -82.935864464618192, 42.342465700202609 ], [ -82.725263557437088, 42.296530110949064 ], [ -82.555255859288451, 42.315434202055059 ], [ -82.474425256416296, 42.308036891179611 ], [ -82.425542170268557, 42.347831206386594 ], [ -82.410110957852439, 42.399418199103579 ], [ -82.421669964068471, 42.496303992483668 ], [ -82.566538353141311, 42.512534004930288 ], [ -82.579780071177936, 42.558343212410499 ], [ -82.520380264817021, 42.605858597262142 ], [ -82.46302465567183, 42.764003502518818 ], [ -82.477951945264465, 42.80376819856491 ], [ -82.457679252911873, 42.907479201935644 ], [ -82.385175665513572, 43.014224809795685 ], [ -82.190523657059416, 43.050229493368469 ], [ -82.149036154345026, 43.09306730946129 ], [ -82.097099960691679, 43.111064499144618 ], [ -82.021818862813902, 43.172408094535342 ], [ -82.023349850279345, 43.199958811621677 ], [ -81.916702152450611, 43.229993997510093 ], [ -81.804519254627692, 43.285514807898366 ], [ -81.743869767015397, 43.333622811545702 ], [ -81.709688446771096, 43.398339398305552 ], [ -81.716268849650177, 43.474700996411137 ], [ -81.705988245066138, 43.531528091998396 ], [ -81.728769766242849, 43.697601399990425 ], [ -81.719222852617833, 43.784459902586335 ], [ -81.721201354654923, 43.930425698643354 ], [ -81.734913047264385, 44.029179992339657 ], [ -81.756883958399129, 44.071992698228563 ], [ -81.663595342729295, 44.152181212551731 ], [ -81.616297159397163, 44.215369803808429 ], [ -81.592193437181976, 44.286055193396137 ], [ -81.60681854173167, 44.320091204002829 ], [ -81.478551354825811, 44.417120190665933 ], [ -81.409123451078301, 44.433144295627969 ], [ -81.387734239626226, 44.489630489481257 ], [ -81.296059759769548, 44.578939498750103 ], [ -81.271800256411382, 44.649363295803596 ], [ -81.303095250081498, 44.679793094338734 ], [ -81.277089752419172, 44.751139114083905 ], [ -81.374706061893164, 44.910936099217579 ], [ -81.356677431970851, 44.963863507638997 ], [ -81.453854066183368, 45.003702603000491 ], [ -81.467140938720561, 45.047650412175976 ], [ -81.520340562005174, 45.105689116208474 ], [ -81.564042338808363, 45.125024401093249 ], [ -81.619188857256475, 45.190587115499959 ], [ -81.702087232545182, 45.197750607825959 ], [ -81.723011754737712, 45.226407295344821 ], [ -81.640462940463081, 45.249719398687503 ], [ -81.534720734508326, 45.247363889184591 ], [ -81.462660142382859, 45.230286897906382 ], [ -81.303565961976972, 45.247717994933396 ], [ -81.332959465693747, 45.137994599369435 ], [ -81.262384465519602, 45.076841293952434 ], [ -81.277039558143827, 45.022885614728125 ], [ -81.213865135474364, 44.961114903113845 ], [ -81.123448754070068, 44.961293508147939 ], [ -81.094283841340243, 44.921065599800137 ], [ -81.035090447681569, 44.966919491649648 ], [ -80.963116940348954, 44.947205995021235 ], [ -81.017804963933614, 44.91773719473688 ], [ -81.007028447510592, 44.871854800294408 ], [ -81.07805255153967, 44.781444989058123 ], [ -80.985029162298616, 44.808712498323153 ], [ -80.905712934389555, 44.794091104349633 ], [ -80.888174449282886, 44.736757309813356 ], [ -80.943544456693758, 44.609187104422368 ], [ -80.876097744078223, 44.626202494208819 ], [ -80.824071429504002, 44.688711106534512 ], [ -80.775821564982465, 44.712816391142375 ], [ -80.635879457982654, 44.71621119710526 ], [ -80.625318451367633, 44.640808903500442 ], [ -80.589488156215424, 44.609627299346833 ], [ -80.514276430716393, 44.594433009643886 ], [ -80.405685643035241, 44.540036996699342 ], [ -80.292742052389329, 44.532372698553232 ], [ -80.199269431987148, 44.507375891752645 ], [ -80.11979014363061, 44.47038428723441 ], [ -80.08057865728189, 44.47816611298925 ], [ -80.009426251998889, 44.535758810781402 ], [ -79.979503952323839, 44.668454308580159 ], [ -80.032447657749501, 44.722675398151246 ], [ -80.126842945827832, 44.749535192995602 ], [ -80.123765353177319, 44.809531195727672 ], [ -79.950914044373434, 44.866958097141278 ], [ -79.904246149759089, 44.842015997017867 ], [ -79.847278034750573, 44.759588393422554 ], [ -79.781650134675473, 44.744557707148878 ], [ -79.720418133553025, 44.755059892670431 ], [ -79.809844756618574, 44.852188505144355 ], [ -79.824526645842695, 44.93040548964229 ], [ -79.85947954304423, 44.95398498749114 ], [ -79.917940550186088, 44.931563391800829 ], [ -79.914537857703777, 44.993013706481484 ] ], [ [ -94.503691955890559, 49.773165439898499 ], [ -94.552523842678411, 49.825672424883841 ], [ -94.534229965067723, 49.928565320922246 ], [ -94.586680139314609, 49.941828231581027 ], [ -94.612877044929903, 49.979622630334624 ], [ -94.643222873198923, 49.987624725442188 ], [ -94.66920767365653, 49.985040920558554 ], [ -94.684189169616474, 49.911075635646462 ], [ -94.642175964393658, 49.911372518622727 ], [ -94.611757368482429, 49.84036192554327 ], [ -94.571059556984096, 49.788354229028414 ], [ -94.503691955890559, 49.773165439898499 ] ] ], [ [ [ -82.639026468546689, 41.831966291398736 ], [ -82.620609462923241, 41.750600296346484 ], [ -82.686056348148512, 41.744857792384728 ], [ -82.682463061783849, 41.815828796635444 ], [ -82.639026468546689, 41.831966291398736 ] ] ], [ [ [ -94.579242868551177, 49.11171792032907 ], [ -94.502833269828628, 49.073209728872705 ], [ -94.561520368725439, 49.012066637993918 ], [ -94.61620917247761, 49.103118925299668 ], [ -94.579242868551177, 49.11171792032907 ] ] ], [ [ [ -94.646305045516556, 49.209250730852141 ], [ -94.635455654371157, 49.177964223866582 ], [ -94.559436854484247, 49.205013827967527 ], [ -94.524769476879882, 49.181313941986019 ], [ -94.596905578039923, 49.123205742244231 ], [ -94.675018557126506, 49.112608038651693 ], [ -94.703096648869206, 49.082573021574234 ], [ -94.750455260745255, 49.168550522529941 ], [ -94.646305045516556, 49.209250730852141 ] ] ], [ [ [ -87.92454924091885, 48.857921218508764 ], [ -87.754066833629679, 48.833703630211154 ], [ -87.759400244781418, 48.775437026914439 ], [ -87.818862728999235, 48.739171006756777 ], [ -87.900187944464832, 48.762935013246683 ], [ -88.009200160250842, 48.723528020753349 ], [ -88.084606943270217, 48.741060411177671 ], [ -88.068741628692791, 48.821589924879639 ], [ -87.984852251678788, 48.855235911671031 ], [ -87.92454924091885, 48.857921218508764 ] ] ], [ [ [ -87.700162154962513, 48.842752007355124 ], [ -87.596177949961259, 48.751523207955721 ], [ -87.700550430854463, 48.737639529332498 ], [ -87.747601431464702, 48.810392011105698 ], [ -87.700162154962513, 48.842752007355124 ] ] ], [ [ [ -86.994821149473211, 48.676905109381892 ], [ -86.958601152202888, 48.631709622262846 ], [ -87.003741954967538, 48.620220022133893 ], [ -87.057282864230771, 48.641374215005584 ], [ -86.994821149473211, 48.676905109381892 ] ] ], [ [ [ -94.726095856147722, 49.425513621966502 ], [ -94.707311159261167, 49.361806540434287 ], [ -94.790353069193046, 49.329271719921671 ], [ -94.771648374023144, 49.399834532414339 ], [ -94.726095856147722, 49.425513621966502 ] ] ], [ [ [ -94.18893373957566, 49.468493634781069 ], [ -94.029889836013709, 49.43229352824639 ], [ -94.139535566107511, 49.415541138612731 ], [ -94.18893373957566, 49.468493634781069 ] ] ], [ [ [ -95.152434234119582, 49.470103369208836 ], [ -95.153856861738348, 49.588969049228574 ], [ -95.102077245091067, 49.543510940723166 ], [ -95.152434234119582, 49.470103369208836 ] ] ], [ [ [ -95.153460639411463, 49.398070007849142 ], [ -95.152674563010933, 49.45203464780856 ], [ -95.109631552066091, 49.442637919448664 ], [ -94.995240770647726, 49.48125503104923 ], [ -94.942656771537429, 49.525095725910738 ], [ -94.846068149327422, 49.534108124335226 ], [ -94.868296475452496, 49.571595526821895 ], [ -94.734338847587196, 49.629120542108289 ], [ -94.680654163350752, 49.63730692853904 ], [ -94.62644216012032, 49.598187543463652 ], [ -94.690112864511121, 49.57643252031729 ], [ -94.68549605852705, 49.544773022584636 ], [ -94.845231341495449, 49.510364242643064 ], [ -94.849769758227623, 49.455121636646687 ], [ -94.936868856357577, 49.445581125845429 ], [ -94.911101973056248, 49.395615926545851 ], [ -95.015383041472404, 49.362628344517546 ], [ -95.128767976658878, 49.371875439598007 ], [ -95.153460639411463, 49.398070007849142 ] ] ], [ [ [ -94.6555195401357, 49.984139838886485 ], [ -94.618818774126879, 49.966308527167214 ], [ -94.602115759439215, 49.940347722390698 ], [ -94.55313784645513, 49.925093435216482 ], [ -94.576609740061997, 49.871967840953936 ], [ -94.639710270172685, 49.914240826300144 ], [ -94.679960059885872, 49.917640235226983 ], [ -94.63941355990427, 49.959695943077847 ], [ -94.6555195401357, 49.984139838886485 ] ] ], [ [ [ -76.641526154780209, 44.191783088975654 ], [ -76.702165455436287, 44.116123894856862 ], [ -76.769016555220048, 44.107419697202168 ], [ -76.804462145598436, 44.13972719160045 ], [ -76.641526154780209, 44.191783088975654 ] ] ], [ [ [ -76.1839315078102, 44.238713304637585 ], [ -76.244347552653835, 44.206218000160405 ], [ -76.367850099856824, 44.197198284777286 ], [ -76.376388808653104, 44.133892509552595 ], [ -76.436281724309865, 44.105028597908543 ], [ -76.451362898219458, 44.138195610055313 ], [ -76.506174720061694, 44.167349971199783 ], [ -76.435839019627764, 44.210498683376976 ], [ -76.335296918296692, 44.236954394744849 ], [ -76.304969623751632, 44.221225313102877 ], [ -76.1839315078102, 44.238713304637585 ] ] ], [ [ [ -76.205291515247609, 44.304788808965412 ], [ -76.206790997838127, 44.2880094039513 ], [ -76.294553701228267, 44.248668390798933 ], [ -76.296888205984899, 44.291028604189741 ], [ -76.205291515247609, 44.304788808965412 ] ] ], [ [ [ -77.06537974838615, 44.173425698469643 ], [ -77.083766430385154, 44.046038090636443 ], [ -76.964982434736697, 44.017289185708499 ], [ -77.042587430733505, 43.949383884829757 ], [ -76.937961460105811, 43.921171289664464 ], [ -77.048218749931124, 43.888725705336341 ], [ -77.155741051354198, 43.838903391847765 ], [ -77.208929831450902, 43.855750390379775 ], [ -77.251510043631924, 43.942043191551605 ], [ -77.318109627515113, 43.958348396555287 ], [ -77.400592143029897, 43.935378704290166 ], [ -77.488882748260153, 43.925377483339204 ], [ -77.576237927155915, 43.982655397925456 ], [ -77.601590566197601, 44.037495083975529 ], [ -77.497286142572037, 44.106806388969218 ], [ -77.329545346247755, 44.141889700591335 ], [ -77.32326444031726, 44.096515493029955 ], [ -77.233484530463144, 44.135138983639813 ], [ -77.06537974838615, 44.173425698469643 ] ] ], [ [ [ -80.069375435236836, 45.343559608180435 ], [ -80.044916657423414, 45.316434013893613 ], [ -80.088855538041159, 45.281425590283909 ], [ -80.194764340176164, 45.243174803767587 ], [ -80.22254175284526, 45.279138088746699 ], [ -80.186153451451204, 45.327645991532556 ], [ -80.105552854599509, 45.311776108106422 ], [ -80.069375435236836, 45.343559608180435 ] ] ], [ [ [ -80.237653130551209, 44.883544107219315 ], [ -80.174646054157009, 44.87117931039068 ], [ -80.155872836419803, 44.824338698178593 ], [ -80.189930633568437, 44.809461507452781 ], [ -80.245234636049275, 44.833452803079062 ], [ -80.237653130551209, 44.883544107219315 ] ] ], [ [ [ -81.702417128931387, 45.530731906427938 ], [ -81.733833741635607, 45.473754401178965 ], [ -81.797892260757123, 45.441082007050106 ], [ -81.823003630072179, 45.497197613922872 ], [ -81.702417128931387, 45.530731906427938 ] ] ], [ [ [ -83.355436059048742, 45.992827505143588 ], [ -83.326352864828323, 45.960118901277745 ], [ -83.265686059380315, 45.957962002877352 ], [ -83.262513844929941, 45.908582110064124 ], [ -83.357119440631223, 45.849595817610478 ], [ -83.482797758397041, 45.90526911718009 ], [ -83.409610231345539, 45.986052813895661 ], [ -83.355436059048742, 45.992827505143588 ] ] ], [ [ [ -81.935362344018969, 45.987042393870013 ], [ -81.92526483044918, 45.980806292521692 ], [ -81.902532947547456, 45.976217907544594 ], [ -81.872733248993228, 45.887911008447695 ], [ -81.814405555632632, 45.863652792986436 ], [ -81.843601159537101, 45.799094795977808 ], [ -81.786829047525714, 45.782812411731534 ], [ -81.721308458414654, 45.866348399901135 ], [ -81.64759664863513, 45.868202907405148 ], [ -81.705424962523836, 45.787052296000198 ], [ -81.58094565083772, 45.778950314377809 ], [ -81.64771264871942, 45.687160694051478 ], [ -81.704072960775648, 45.642740413133915 ], [ -81.787815753738954, 45.541938914535358 ], [ -81.844594031516991, 45.515051304114039 ], [ -81.990921056569576, 45.554353701506514 ], [ -81.941087742656592, 45.59384001031853 ], [ -81.879505146790763, 45.60352100796549 ], [ -81.791776629425172, 45.659699798365374 ], [ -81.844332731227013, 45.686488299298361 ], [ -81.933478949534788, 45.609726316510404 ], [ -82.074407439166279, 45.554481101699565 ], [ -82.197610146463688, 45.626236591987897 ], [ -82.319048064152469, 45.669543803863505 ], [ -82.336703347065509, 45.691750993447314 ], [ -82.483839652009436, 45.70779219363525 ], [ -82.535912833898664, 45.75291840982414 ], [ -82.648493263995107, 45.760737009276795 ], [ -82.675434144534492, 45.784368215032295 ], [ -82.755240053459943, 45.776284116007155 ], [ -82.828103635341037, 45.804816913063469 ], [ -82.871623839821609, 45.792761498119852 ], [ -82.954428446192352, 45.812814101188437 ], [ -83.005844241911575, 45.840959293871506 ], [ -83.063081140897552, 45.836645715861572 ], [ -83.105841357307256, 45.869978013847422 ], [ -83.21747443086214, 45.873894401995436 ], [ -83.226036148448699, 45.908218795781309 ], [ -83.184031257347002, 45.957526609643359 ], [ -83.137065164339333, 45.961079200658226 ], [ -83.081125140653896, 45.91368010550535 ], [ -83.057342152911232, 45.95781780731739 ], [ -82.944951564839911, 45.940084496292023 ], [ -82.798857353721729, 45.982199496795722 ], [ -82.836858839157742, 45.905457792642245 ], [ -82.76826615763801, 45.868026402650507 ], [ -82.750531160284268, 45.831306397782413 ], [ -82.672277864863943, 45.864602501037744 ], [ -82.64443646294373, 45.827032407632757 ], [ -82.512150358274155, 45.807087310992621 ], [ -82.496632740217592, 45.837003215678919 ], [ -82.596051450648474, 45.882308197062997 ], [ -82.705316262391904, 45.898010908251209 ], [ -82.696727746025957, 45.956661396548519 ], [ -82.570586053686313, 45.95401830751883 ], [ -82.580581140068361, 45.899381502401887 ], [ -82.519387943755973, 45.905594101868843 ], [ -82.493299358656728, 45.945225797643886 ], [ -82.282532361385904, 45.986543416253362 ], [ -82.289242261068793, 45.928531395840942 ], [ -82.231036155706448, 45.940901599740037 ], [ -82.170520039663302, 45.871107910322841 ], [ -82.05749363609155, 45.957904897994894 ], [ -81.935362344018969, 45.987042393870013 ] ] ], [ [ [ -81.156918933376843, 46.000125191762407 ], [ -81.199129336903269, 45.958423105970731 ], [ -81.282634848652393, 45.951759106006264 ], [ -81.369295958618551, 45.991732911746382 ], [ -81.235442255078553, 45.991529713305844 ], [ -81.156918933376843, 46.000125191762407 ] ] ], [ [ [ -85.743113859480047, 47.797856213972551 ], [ -85.636800046730045, 47.769910311257419 ], [ -85.608445348145878, 47.732112012733097 ], [ -85.692984457800961, 47.709909714963267 ], [ -85.786181152984042, 47.719796307263827 ], [ -85.950065140783792, 47.717246901755907 ], [ -85.949666839214871, 47.745685204663786 ], [ -85.851763545340759, 47.791058622006517 ], [ -85.743113859480047, 47.797856213972551 ] ] ], [ [ [ -83.946258657512729, 46.317604203896366 ], [ -83.893908963437681, 46.261678610124619 ], [ -83.840193059106994, 46.264565804386137 ], [ -83.79710266319951, 46.170202507900996 ], [ -83.892881363700099, 46.115812514159124 ], [ -83.891279565108007, 46.083964112743381 ], [ -83.947791957475573, 46.068178496374621 ], [ -83.999871134278976, 46.157256909747531 ], [ -84.070945859014714, 46.192163111293382 ], [ -84.109726740291393, 46.271303497945077 ], [ -83.946258657512729, 46.317604203896366 ] ] ], [ [ [ -81.818459154751693, 46.063129302652349 ], [ -81.766637137092076, 45.993897613314076 ], [ -81.8106757409426, 45.9782837015821 ], [ -81.856881846804725, 45.997693492714383 ], [ -81.899857348997799, 45.98795760665385 ], [ -81.904831931809738, 45.980249901375402 ], [ -81.923214033945499, 45.982470012631957 ], [ -81.923739459980681, 45.991547196082664 ], [ -81.93540833883084, 46.004331911722296 ], [ -81.951899049866938, 45.99966849634982 ], [ -81.952399254580541, 46.043856410565837 ], [ -81.818459154751693, 46.063129302652349 ] ] ], [ [ [ -89.069879265172077, 48.273039211816737 ], [ -89.037758659710263, 48.23874781840609 ], [ -89.11741063847532, 48.207985126167202 ], [ -89.173882755356004, 48.234444318000975 ], [ -89.120042568352815, 48.26842711540823 ], [ -89.069879265172077, 48.273039211816737 ] ] ] ] } }
]
}
